site_name,week_start,weekly_recordings,cumulative_recordings
Acorn Medical Centre,2023-10-08,,0
Acorn Medical Centre,2023-11-05,,0
Acorn Medical Centre,2023-11-12,,0
Acorn Medical Centre,2023-11-19,,0
Acorn Medical Centre,2023-11-26,,0
Acorn Medical Centre,2023-12-03,,0
Acorn Medical Centre,2023-12-10,,0
Acorn Medical Centre,2023-12-17,,0
Acorn Medical Centre,2023-12-24,,0
Acorn Medical Centre,2023-12-31,,0
Acorn Medical Centre,2024-01-07,,0
Acorn Medical Centre,2024-01-14,,0
Acorn Medical Centre,2024-01-21,,0
Acorn Medical Centre,2024-01-28,,0
Acorn Medical Centre,2024-02-04,,0
Acorn Medical Centre,2024-02-11,,0
Acorn Medical Centre,2024-02-18,,0
Acorn Medical Centre,2024-02-25,,0
Acorn Medical Centre,2024-03-03,,0
Acorn Medical Centre,2024-03-10,,0
Acorn Medical Centre,2024-03-17,,0
Acorn Medical Centre,2024-03-24,,0
Acorn Medical Centre,2024-03-31,,0
Acorn Medical Centre,2024-04-07,,0
Acorn Medical Centre,2024-04-14,,0
Acorn Medical Centre,2024-04-21,,0
Acorn Medical Centre,2024-04-28,,0
Acorn Medical Centre,2024-05-05,,0
Acorn Medical Centre,2024-05-12,,0
Acorn Medical Centre,2024-05-19,,0
Acorn Medical Centre,2024-05-26,,0
Acorn Medical Centre,2024-06-02,,0
Acorn Medical Centre,2024-06-09,2,2
Acorn Medical Centre,2024-06-16,3,5
Acorn Medical Centre,2024-06-23,,5
Acorn Medical Centre,2024-06-30,,5
Acorn Medical Centre,2024-07-07,2,7
Acorn Medical Centre,2024-07-14,,7
Acorn Medical Centre,2024-07-21,,7
Acorn Medical Centre,2024-07-28,2,9
Acorn Medical Centre,2024-08-04,,9
Acorn Medical Centre,2024-08-11,,9
Acorn Medical Centre,2024-08-18,,9
Acorn Medical Centre,2024-08-25,1,10
Acorn Medical Centre,2024-09-01,,10
Acorn Medical Centre,2024-09-08,1,11
Acorn Medical Centre,2024-09-15,2,13
Acorn Medical Centre,2024-09-22,,13
Acorn Medical Centre,2024-09-29,2,15
Acorn Medical Centre,2024-10-06,,15
Acorn Medical Centre,2024-10-13,3,18
Acorn Medical Centre,2024-10-20,,18
Acorn Medical Centre,2024-10-27,,18
Acorn Medical Centre,2024-11-03,,18
Acorn Medical Centre,2024-11-10,,18
Acorn Medical Centre,2024-11-17,,18
Acorn Medical Centre,2024-11-24,,18
Acorn Medical Centre,2024-12-01,,18
Acorn Medical Centre,2024-12-08,,18
Acorn Medical Centre,2024-12-15,,18
Acorn Medical Centre,2024-12-22,,18
Acorn Medical Centre,2024-12-29,,18
Acorn Medical Centre,2025-01-05,,18
Acorn Medical Centre,2025-01-12,,18
Acorn Medical Centre,2025-01-19,,18
Acorn Medical Centre,2025-01-26,,18
Acorn Medical Centre,2025-02-02,,18
Acorn Medical Centre,2025-02-09,,18
Acorn Medical Centre,2025-02-16,,18
Acorn Medical Centre,2025-02-23,,18
Acorn Medical Centre,2025-03-02,,18
Acorn Medical Centre,2025-03-09,,18
Acorn Medical Centre,2025-03-16,,18
Acorn Medical Centre,2025-03-23,,18
Acorn Medical Centre,2025-03-30,,18
Acorn Medical Centre,2025-04-06,,18
Acorn Medical Centre,2025-04-13,,18
Acorn Medical Centre,2025-04-20,,18
Acorn Medical Centre,2025-04-27,,18
Acorn Medical Centre,2025-05-04,,18
Acorn Medical Centre,2025-05-11,,18
Acorn Medical Centre,2025-05-18,,18
Acorn Medical Centre,2025-05-25,,18
Acorn Medical Centre,2025-06-01,,18
Acorn Medical Centre,2025-06-08,,18
Acorn Medical Centre,2025-06-15,,18
Acorn Medical Centre,2025-06-22,,18
Acorn Medical Centre,2025-06-29,,18
Acorn Medical Centre,2025-07-06,,18
Acorn Medical Centre,2025-07-13,,18
Acorn Medical Centre,2025-07-20,,18
Acorn Medical Centre,2025-07-27,,18
Acorn Medical Centre,2025-08-03,,18
Acorn Medical Centre,2025-08-10,,18
Acorn Medical Centre,2025-08-17,,18
Acorn Medical Centre,2025-08-24,,18
Acorn Medical Centre,2025-08-31,,18
Acorn Medical Centre,2025-09-07,,18
Acorn Medical Centre,2025-09-14,,18
Acorn Medical Centre,2025-09-21,,18
Acorn Medical Centre,2025-09-28,,18
Acorn Medical Centre,2025-10-05,,18
Acorn Medical Centre,2025-10-12,,18
Acorn Medical Centre,2025-10-19,,18
Acorn Medical Centre,2025-10-26,,18
Acorn Medical Centre,2025-11-02,,18
Acorn Medical Centre,2025-11-09,,18
Acorn Medical Centre,2025-11-16,,18
Acorn Medical Centre,2025-11-23,,18
Acorn Medical Centre,2025-11-30,,18
Acorn Medical Centre,2025-12-07,,18
Acorn Medical Centre,2025-12-14,,18
Acorn Medical Centre,2025-12-21,,18
Acorn Medical Centre,2025-12-28,,18
Acorn Medical Centre,2026-01-04,,18
Acorn Medical Centre,2026-01-11,,18
Acorn Medical Centre,2026-01-18,,18
Acorn Medical Centre,2026-01-25,,18
Acorn Medical Centre,2026-02-01,,18
Acorn Medical Centre,2026-02-08,,18
Acorn Medical Centre,2026-02-15,,18
Acorn Medical Centre,2026-02-22,,18
Acorn Medical Centre,2026-03-01,,18
Acorn Medical Centre,2026-03-08,,18
Acorn Medical Centre,2026-03-15,,18
Acorn Medical Centre,2026-03-22,,18
Acorn Medical Centre,2026-03-29,,18
Acorn Medical Centre,2026-04-05,,18
Acorn Medical Centre,2026-04-12,,18
Acorn Medical Centre,2026-04-19,,18
Acorn Medical Centre,2026-04-26,,18
Acorn Medical Centre,2026-05-03,,18
Acorn Medical Centre,2026-05-10,,18
Acorn Medical Centre,2026-05-17,,18
Acorn Medical Centre,2026-05-24,,18
Acorn Medical Centre,2026-05-31,,18
Acorn Medical Centre,2026-06-07,,18
Acrefield Surgery,2023-10-08,,0
Acrefield Surgery,2023-11-05,,0
Acrefield Surgery,2023-11-12,,0
Acrefield Surgery,2023-11-19,,0
Acrefield Surgery,2023-11-26,,0
Acrefield Surgery,2023-12-03,,0
Acrefield Surgery,2023-12-10,,0
Acrefield Surgery,2023-12-17,,0
Acrefield Surgery,2023-12-24,,0
Acrefield Surgery,2023-12-31,,0
Acrefield Surgery,2024-01-07,,0
Acrefield Surgery,2024-01-14,,0
Acrefield Surgery,2024-01-21,,0
Acrefield Surgery,2024-01-28,,0
Acrefield Surgery,2024-02-04,2,2
Acrefield Surgery,2024-02-11,,2
Acrefield Surgery,2024-02-18,,2
Acrefield Surgery,2024-02-25,,2
Acrefield Surgery,2024-03-03,,2
Acrefield Surgery,2024-03-10,,2
Acrefield Surgery,2024-03-17,,2
Acrefield Surgery,2024-03-24,,2
Acrefield Surgery,2024-03-31,,2
Acrefield Surgery,2024-04-07,,2
Acrefield Surgery,2024-04-14,,2
Acrefield Surgery,2024-04-21,,2
Acrefield Surgery,2024-04-28,,2
Acrefield Surgery,2024-05-05,,2
Acrefield Surgery,2024-05-12,,2
Acrefield Surgery,2024-05-19,,2
Acrefield Surgery,2024-05-26,,2
Acrefield Surgery,2024-06-02,,2
Acrefield Surgery,2024-06-09,,2
Acrefield Surgery,2024-06-16,,2
Acrefield Surgery,2024-06-23,,2
Acrefield Surgery,2024-06-30,,2
Acrefield Surgery,2024-07-07,,2
Acrefield Surgery,2024-07-14,,2
Acrefield Surgery,2024-07-21,,2
Acrefield Surgery,2024-07-28,,2
Acrefield Surgery,2024-08-04,,2
Acrefield Surgery,2024-08-11,,2
Acrefield Surgery,2024-08-18,,2
Acrefield Surgery,2024-08-25,,2
Acrefield Surgery,2024-09-01,,2
Acrefield Surgery,2024-09-08,,2
Acrefield Surgery,2024-09-15,,2
Acrefield Surgery,2024-09-22,,2
Acrefield Surgery,2024-09-29,,2
Acrefield Surgery,2024-10-06,,2
Acrefield Surgery,2024-10-13,,2
Acrefield Surgery,2024-10-20,,2
Acrefield Surgery,2024-10-27,,2
Acrefield Surgery,2024-11-03,,2
Acrefield Surgery,2024-11-10,,2
Acrefield Surgery,2024-11-17,,2
Acrefield Surgery,2024-11-24,,2
Acrefield Surgery,2024-12-01,,2
Acrefield Surgery,2024-12-08,,2
Acrefield Surgery,2024-12-15,,2
Acrefield Surgery,2024-12-22,,2
Acrefield Surgery,2024-12-29,,2
Acrefield Surgery,2025-01-05,,2
Acrefield Surgery,2025-01-12,,2
Acrefield Surgery,2025-01-19,,2
Acrefield Surgery,2025-01-26,,2
Acrefield Surgery,2025-02-02,,2
Acrefield Surgery,2025-02-09,,2
Acrefield Surgery,2025-02-16,,2
Acrefield Surgery,2025-02-23,,2
Acrefield Surgery,2025-03-02,,2
Acrefield Surgery,2025-03-09,,2
Acrefield Surgery,2025-03-16,,2
Acrefield Surgery,2025-03-23,,2
Acrefield Surgery,2025-03-30,,2
Acrefield Surgery,2025-04-06,,2
Acrefield Surgery,2025-04-13,,2
Acrefield Surgery,2025-04-20,,2
Acrefield Surgery,2025-04-27,,2
Acrefield Surgery,2025-05-04,,2
Acrefield Surgery,2025-05-11,,2
Acrefield Surgery,2025-05-18,,2
Acrefield Surgery,2025-05-25,,2
Acrefield Surgery,2025-06-01,,2
Acrefield Surgery,2025-06-08,,2
Acrefield Surgery,2025-06-15,,2
Acrefield Surgery,2025-06-22,,2
Acrefield Surgery,2025-06-29,,2
Acrefield Surgery,2025-07-06,,2
Acrefield Surgery,2025-07-13,,2
Acrefield Surgery,2025-07-20,,2
Acrefield Surgery,2025-07-27,,2
Acrefield Surgery,2025-08-03,,2
Acrefield Surgery,2025-08-10,,2
Acrefield Surgery,2025-08-17,,2
Acrefield Surgery,2025-08-24,,2
Acrefield Surgery,2025-08-31,,2
Acrefield Surgery,2025-09-07,,2
Acrefield Surgery,2025-09-14,,2
Acrefield Surgery,2025-09-21,,2
Acrefield Surgery,2025-09-28,,2
Acrefield Surgery,2025-10-05,,2
Acrefield Surgery,2025-10-12,,2
Acrefield Surgery,2025-10-19,,2
Acrefield Surgery,2025-10-26,,2
Acrefield Surgery,2025-11-02,,2
Acrefield Surgery,2025-11-09,,2
Acrefield Surgery,2025-11-16,,2
Acrefield Surgery,2025-11-23,,2
Acrefield Surgery,2025-11-30,,2
Acrefield Surgery,2025-12-07,,2
Acrefield Surgery,2025-12-14,,2
Acrefield Surgery,2025-12-21,,2
Acrefield Surgery,2025-12-28,,2
Acrefield Surgery,2026-01-04,,2
Acrefield Surgery,2026-01-11,,2
Acrefield Surgery,2026-01-18,,2
Acrefield Surgery,2026-01-25,,2
Acrefield Surgery,2026-02-01,,2
Acrefield Surgery,2026-02-08,,2
Acrefield Surgery,2026-02-15,,2
Acrefield Surgery,2026-02-22,,2
Acrefield Surgery,2026-03-01,,2
Acrefield Surgery,2026-03-08,,2
Acrefield Surgery,2026-03-15,,2
Acrefield Surgery,2026-03-22,,2
Acrefield Surgery,2026-03-29,,2
Acrefield Surgery,2026-04-05,,2
Acrefield Surgery,2026-04-12,,2
Acrefield Surgery,2026-04-19,,2
Acrefield Surgery,2026-04-26,,2
Acrefield Surgery,2026-05-03,,2
Acrefield Surgery,2026-05-10,,2
Acrefield Surgery,2026-05-17,,2
Acrefield Surgery,2026-05-24,,2
Acrefield Surgery,2026-05-31,,2
Acrefield Surgery,2026-06-07,,2
Allendale Road Surgery,2023-10-08,,0
Allendale Road Surgery,2023-11-05,,0
Allendale Road Surgery,2023-11-12,,0
Allendale Road Surgery,2023-11-19,,0
Allendale Road Surgery,2023-11-26,,0
Allendale Road Surgery,2023-12-03,,0
Allendale Road Surgery,2023-12-10,,0
Allendale Road Surgery,2023-12-17,4,4
Allendale Road Surgery,2023-12-24,,4
Allendale Road Surgery,2023-12-31,,4
Allendale Road Surgery,2024-01-07,,4
Allendale Road Surgery,2024-01-14,,4
Allendale Road Surgery,2024-01-21,,4
Allendale Road Surgery,2024-01-28,,4
Allendale Road Surgery,2024-02-04,,4
Allendale Road Surgery,2024-02-11,,4
Allendale Road Surgery,2024-02-18,,4
Allendale Road Surgery,2024-02-25,,4
Allendale Road Surgery,2024-03-03,,4
Allendale Road Surgery,2024-03-10,,4
Allendale Road Surgery,2024-03-17,,4
Allendale Road Surgery,2024-03-24,,4
Allendale Road Surgery,2024-03-31,,4
Allendale Road Surgery,2024-04-07,,4
Allendale Road Surgery,2024-04-14,,4
Allendale Road Surgery,2024-04-21,,4
Allendale Road Surgery,2024-04-28,,4
Allendale Road Surgery,2024-05-05,,4
Allendale Road Surgery,2024-05-12,,4
Allendale Road Surgery,2024-05-19,,4
Allendale Road Surgery,2024-05-26,,4
Allendale Road Surgery,2024-06-02,,4
Allendale Road Surgery,2024-06-09,,4
Allendale Road Surgery,2024-06-16,,4
Allendale Road Surgery,2024-06-23,,4
Allendale Road Surgery,2024-06-30,,4
Allendale Road Surgery,2024-07-07,,4
Allendale Road Surgery,2024-07-14,,4
Allendale Road Surgery,2024-07-21,,4
Allendale Road Surgery,2024-07-28,,4
Allendale Road Surgery,2024-08-04,,4
Allendale Road Surgery,2024-08-11,,4
Allendale Road Surgery,2024-08-18,2,6
Allendale Road Surgery,2024-08-25,,6
Allendale Road Surgery,2024-09-01,,6
Allendale Road Surgery,2024-09-08,,6
Allendale Road Surgery,2024-09-15,4,10
Allendale Road Surgery,2024-09-22,2,12
Allendale Road Surgery,2024-09-29,4,16
Allendale Road Surgery,2024-10-06,,16
Allendale Road Surgery,2024-10-13,,16
Allendale Road Surgery,2024-10-20,6,22
Allendale Road Surgery,2024-10-27,,22
Allendale Road Surgery,2024-11-03,,22
Allendale Road Surgery,2024-11-10,,22
Allendale Road Surgery,2024-11-17,,22
Allendale Road Surgery,2024-11-24,,22
Allendale Road Surgery,2024-12-01,,22
Allendale Road Surgery,2024-12-08,,22
Allendale Road Surgery,2024-12-15,,22
Allendale Road Surgery,2024-12-22,7,29
Allendale Road Surgery,2024-12-29,,29
Allendale Road Surgery,2025-01-05,,29
Allendale Road Surgery,2025-01-12,,29
Allendale Road Surgery,2025-01-19,1,30
Allendale Road Surgery,2025-01-26,,30
Allendale Road Surgery,2025-02-02,2,32
Allendale Road Surgery,2025-02-09,,32
Allendale Road Surgery,2025-02-16,,32
Allendale Road Surgery,2025-02-23,,32
Allendale Road Surgery,2025-03-02,,32
Allendale Road Surgery,2025-03-09,,32
Allendale Road Surgery,2025-03-16,,32
Allendale Road Surgery,2025-03-23,,32
Allendale Road Surgery,2025-03-30,,32
Allendale Road Surgery,2025-04-06,,32
Allendale Road Surgery,2025-04-13,,32
Allendale Road Surgery,2025-04-20,,32
Allendale Road Surgery,2025-04-27,,32
Allendale Road Surgery,2025-05-04,,32
Allendale Road Surgery,2025-05-11,,32
Allendale Road Surgery,2025-05-18,,32
Allendale Road Surgery,2025-05-25,1,33
Allendale Road Surgery,2025-06-01,,33
Allendale Road Surgery,2025-06-08,1,34
Allendale Road Surgery,2025-06-15,,34
Allendale Road Surgery,2025-06-22,,34
Allendale Road Surgery,2025-06-29,,34
Allendale Road Surgery,2025-07-06,1,35
Allendale Road Surgery,2025-07-13,,35
Allendale Road Surgery,2025-07-20,,35
Allendale Road Surgery,2025-07-27,,35
Allendale Road Surgery,2025-08-03,,35
Allendale Road Surgery,2025-08-10,,35
Allendale Road Surgery,2025-08-17,,35
Allendale Road Surgery,2025-08-24,,35
Allendale Road Surgery,2025-08-31,,35
Allendale Road Surgery,2025-09-07,1,36
Allendale Road Surgery,2025-09-14,,36
Allendale Road Surgery,2025-09-21,,36
Allendale Road Surgery,2025-09-28,1,37
Allendale Road Surgery,2025-10-05,,37
Allendale Road Surgery,2025-10-12,,37
Allendale Road Surgery,2025-10-19,,37
Allendale Road Surgery,2025-10-26,,37
Allendale Road Surgery,2025-11-02,,37
Allendale Road Surgery,2025-11-09,,37
Allendale Road Surgery,2025-11-16,,37
Allendale Road Surgery,2025-11-23,,37
Allendale Road Surgery,2025-11-30,,37
Allendale Road Surgery,2025-12-07,,37
Allendale Road Surgery,2025-12-14,1,38
Allendale Road Surgery,2025-12-21,,38
Allendale Road Surgery,2025-12-28,,38
Allendale Road Surgery,2026-01-04,,38
Allendale Road Surgery,2026-01-11,,38
Allendale Road Surgery,2026-01-18,,38
Allendale Road Surgery,2026-01-25,,38
Allendale Road Surgery,2026-02-01,,38
Allendale Road Surgery,2026-02-08,,38
Allendale Road Surgery,2026-02-15,,38
Allendale Road Surgery,2026-02-22,,38
Allendale Road Surgery,2026-03-01,,38
Allendale Road Surgery,2026-03-08,,38
Allendale Road Surgery,2026-03-15,,38
Allendale Road Surgery,2026-03-22,,38
Allendale Road Surgery,2026-03-29,,38
Allendale Road Surgery,2026-04-05,,38
Allendale Road Surgery,2026-04-12,,38
Allendale Road Surgery,2026-04-19,,38
Allendale Road Surgery,2026-04-26,,38
Allendale Road Surgery,2026-05-03,,38
Allendale Road Surgery,2026-05-10,,38
Allendale Road Surgery,2026-05-17,,38
Allendale Road Surgery,2026-05-24,,38
Allendale Road Surgery,2026-05-31,,38
Allendale Road Surgery,2026-06-07,,38
Alperton Medical Centre,2023-10-08,,0
Alperton Medical Centre,2023-11-05,,0
Alperton Medical Centre,2023-11-12,,0
Alperton Medical Centre,2023-11-19,,0
Alperton Medical Centre,2023-11-26,,0
Alperton Medical Centre,2023-12-03,,0
Alperton Medical Centre,2023-12-10,,0
Alperton Medical Centre,2023-12-17,,0
Alperton Medical Centre,2023-12-24,,0
Alperton Medical Centre,2023-12-31,,0
Alperton Medical Centre,2024-01-07,,0
Alperton Medical Centre,2024-01-14,,0
Alperton Medical Centre,2024-01-21,,0
Alperton Medical Centre,2024-01-28,,0
Alperton Medical Centre,2024-02-04,,0
Alperton Medical Centre,2024-02-11,,0
Alperton Medical Centre,2024-02-18,,0
Alperton Medical Centre,2024-02-25,,0
Alperton Medical Centre,2024-03-03,,0
Alperton Medical Centre,2024-03-10,,0
Alperton Medical Centre,2024-03-17,,0
Alperton Medical Centre,2024-03-24,2,2
Alperton Medical Centre,2024-03-31,11,13
Alperton Medical Centre,2024-04-07,,13
Alperton Medical Centre,2024-04-14,,13
Alperton Medical Centre,2024-04-21,,13
Alperton Medical Centre,2024-04-28,,13
Alperton Medical Centre,2024-05-05,,13
Alperton Medical Centre,2024-05-12,,13
Alperton Medical Centre,2024-05-19,,13
Alperton Medical Centre,2024-05-26,,13
Alperton Medical Centre,2024-06-02,,13
Alperton Medical Centre,2024-06-09,,13
Alperton Medical Centre,2024-06-16,,13
Alperton Medical Centre,2024-06-23,,13
Alperton Medical Centre,2024-06-30,,13
Alperton Medical Centre,2024-07-07,,13
Alperton Medical Centre,2024-07-14,,13
Alperton Medical Centre,2024-07-21,,13
Alperton Medical Centre,2024-07-28,,13
Alperton Medical Centre,2024-08-04,,13
Alperton Medical Centre,2024-08-11,,13
Alperton Medical Centre,2024-08-18,,13
Alperton Medical Centre,2024-08-25,,13
Alperton Medical Centre,2024-09-01,,13
Alperton Medical Centre,2024-09-08,,13
Alperton Medical Centre,2024-09-15,,13
Alperton Medical Centre,2024-09-22,,13
Alperton Medical Centre,2024-09-29,,13
Alperton Medical Centre,2024-10-06,,13
Alperton Medical Centre,2024-10-13,,13
Alperton Medical Centre,2024-10-20,,13
Alperton Medical Centre,2024-10-27,,13
Alperton Medical Centre,2024-11-03,,13
Alperton Medical Centre,2024-11-10,,13
Alperton Medical Centre,2024-11-17,,13
Alperton Medical Centre,2024-11-24,,13
Alperton Medical Centre,2024-12-01,,13
Alperton Medical Centre,2024-12-08,,13
Alperton Medical Centre,2024-12-15,,13
Alperton Medical Centre,2024-12-22,,13
Alperton Medical Centre,2024-12-29,,13
Alperton Medical Centre,2025-01-05,,13
Alperton Medical Centre,2025-01-12,,13
Alperton Medical Centre,2025-01-19,,13
Alperton Medical Centre,2025-01-26,,13
Alperton Medical Centre,2025-02-02,,13
Alperton Medical Centre,2025-02-09,,13
Alperton Medical Centre,2025-02-16,,13
Alperton Medical Centre,2025-02-23,,13
Alperton Medical Centre,2025-03-02,,13
Alperton Medical Centre,2025-03-09,,13
Alperton Medical Centre,2025-03-16,,13
Alperton Medical Centre,2025-03-23,,13
Alperton Medical Centre,2025-03-30,,13
Alperton Medical Centre,2025-04-06,,13
Alperton Medical Centre,2025-04-13,,13
Alperton Medical Centre,2025-04-20,,13
Alperton Medical Centre,2025-04-27,,13
Alperton Medical Centre,2025-05-04,,13
Alperton Medical Centre,2025-05-11,,13
Alperton Medical Centre,2025-05-18,,13
Alperton Medical Centre,2025-05-25,,13
Alperton Medical Centre,2025-06-01,,13
Alperton Medical Centre,2025-06-08,,13
Alperton Medical Centre,2025-06-15,,13
Alperton Medical Centre,2025-06-22,,13
Alperton Medical Centre,2025-06-29,,13
Alperton Medical Centre,2025-07-06,,13
Alperton Medical Centre,2025-07-13,,13
Alperton Medical Centre,2025-07-20,,13
Alperton Medical Centre,2025-07-27,,13
Alperton Medical Centre,2025-08-03,,13
Alperton Medical Centre,2025-08-10,,13
Alperton Medical Centre,2025-08-17,,13
Alperton Medical Centre,2025-08-24,,13
Alperton Medical Centre,2025-08-31,,13
Alperton Medical Centre,2025-09-07,,13
Alperton Medical Centre,2025-09-14,,13
Alperton Medical Centre,2025-09-21,,13
Alperton Medical Centre,2025-09-28,,13
Alperton Medical Centre,2025-10-05,,13
Alperton Medical Centre,2025-10-12,,13
Alperton Medical Centre,2025-10-19,,13
Alperton Medical Centre,2025-10-26,,13
Alperton Medical Centre,2025-11-02,,13
Alperton Medical Centre,2025-11-09,,13
Alperton Medical Centre,2025-11-16,,13
Alperton Medical Centre,2025-11-23,,13
Alperton Medical Centre,2025-11-30,,13
Alperton Medical Centre,2025-12-07,,13
Alperton Medical Centre,2025-12-14,,13
Alperton Medical Centre,2025-12-21,,13
Alperton Medical Centre,2025-12-28,,13
Alperton Medical Centre,2026-01-04,,13
Alperton Medical Centre,2026-01-11,,13
Alperton Medical Centre,2026-01-18,,13
Alperton Medical Centre,2026-01-25,,13
Alperton Medical Centre,2026-02-01,,13
Alperton Medical Centre,2026-02-08,,13
Alperton Medical Centre,2026-02-15,,13
Alperton Medical Centre,2026-02-22,,13
Alperton Medical Centre,2026-03-01,,13
Alperton Medical Centre,2026-03-08,,13
Alperton Medical Centre,2026-03-15,,13
Alperton Medical Centre,2026-03-22,,13
Alperton Medical Centre,2026-03-29,,13
Alperton Medical Centre,2026-04-05,,13
Alperton Medical Centre,2026-04-12,,13
Alperton Medical Centre,2026-04-19,,13
Alperton Medical Centre,2026-04-26,,13
Alperton Medical Centre,2026-05-03,,13
Alperton Medical Centre,2026-05-10,,13
Alperton Medical Centre,2026-05-17,,13
Alperton Medical Centre,2026-05-24,,13
Alperton Medical Centre,2026-05-31,,13
Alperton Medical Centre,2026-06-07,,13
Ashchurch Medical Centre,2023-10-08,,0
Ashchurch Medical Centre,2023-11-05,,0
Ashchurch Medical Centre,2023-11-12,,0
Ashchurch Medical Centre,2023-11-19,,0
Ashchurch Medical Centre,2023-11-26,,0
Ashchurch Medical Centre,2023-12-03,,0
Ashchurch Medical Centre,2023-12-10,,0
Ashchurch Medical Centre,2023-12-17,,0
Ashchurch Medical Centre,2023-12-24,,0
Ashchurch Medical Centre,2023-12-31,,0
Ashchurch Medical Centre,2024-01-07,,0
Ashchurch Medical Centre,2024-01-14,,0
Ashchurch Medical Centre,2024-01-21,,0
Ashchurch Medical Centre,2024-01-28,,0
Ashchurch Medical Centre,2024-02-04,,0
Ashchurch Medical Centre,2024-02-11,,0
Ashchurch Medical Centre,2024-02-18,,0
Ashchurch Medical Centre,2024-02-25,,0
Ashchurch Medical Centre,2024-03-03,,0
Ashchurch Medical Centre,2024-03-10,,0
Ashchurch Medical Centre,2024-03-17,,0
Ashchurch Medical Centre,2024-03-24,,0
Ashchurch Medical Centre,2024-03-31,,0
Ashchurch Medical Centre,2024-04-07,,0
Ashchurch Medical Centre,2024-04-14,,0
Ashchurch Medical Centre,2024-04-21,,0
Ashchurch Medical Centre,2024-04-28,,0
Ashchurch Medical Centre,2024-05-05,,0
Ashchurch Medical Centre,2024-05-12,,0
Ashchurch Medical Centre,2024-05-19,,0
Ashchurch Medical Centre,2024-05-26,,0
Ashchurch Medical Centre,2024-06-02,,0
Ashchurch Medical Centre,2024-06-09,2,2
Ashchurch Medical Centre,2024-06-16,,2
Ashchurch Medical Centre,2024-06-23,1,3
Ashchurch Medical Centre,2024-06-30,5,8
Ashchurch Medical Centre,2024-07-07,2,10
Ashchurch Medical Centre,2024-07-14,5,15
Ashchurch Medical Centre,2024-07-21,6,21
Ashchurch Medical Centre,2024-07-28,2,23
Ashchurch Medical Centre,2024-08-04,1,24
Ashchurch Medical Centre,2024-08-11,4,28
Ashchurch Medical Centre,2024-08-18,2,30
Ashchurch Medical Centre,2024-08-25,1,31
Ashchurch Medical Centre,2024-09-01,1,32
Ashchurch Medical Centre,2024-09-08,,32
Ashchurch Medical Centre,2024-09-15,4,36
Ashchurch Medical Centre,2024-09-22,2,38
Ashchurch Medical Centre,2024-09-29,1,39
Ashchurch Medical Centre,2024-10-06,1,40
Ashchurch Medical Centre,2024-10-13,1,41
Ashchurch Medical Centre,2024-10-20,,41
Ashchurch Medical Centre,2024-10-27,,41
Ashchurch Medical Centre,2024-11-03,1,42
Ashchurch Medical Centre,2024-11-10,4,46
Ashchurch Medical Centre,2024-11-17,1,47
Ashchurch Medical Centre,2024-11-24,1,48
Ashchurch Medical Centre,2024-12-01,2,50
Ashchurch Medical Centre,2024-12-08,2,52
Ashchurch Medical Centre,2024-12-15,1,53
Ashchurch Medical Centre,2024-12-22,3,56
Ashchurch Medical Centre,2024-12-29,,56
Ashchurch Medical Centre,2025-01-05,,56
Ashchurch Medical Centre,2025-01-12,1,57
Ashchurch Medical Centre,2025-01-19,5,62
Ashchurch Medical Centre,2025-01-26,1,63
Ashchurch Medical Centre,2025-02-02,4,67
Ashchurch Medical Centre,2025-02-09,1,68
Ashchurch Medical Centre,2025-02-16,,68
Ashchurch Medical Centre,2025-02-23,,68
Ashchurch Medical Centre,2025-03-02,,68
Ashchurch Medical Centre,2025-03-09,,68
Ashchurch Medical Centre,2025-03-16,,68
Ashchurch Medical Centre,2025-03-23,,68
Ashchurch Medical Centre,2025-03-30,,68
Ashchurch Medical Centre,2025-04-06,,68
Ashchurch Medical Centre,2025-04-13,,68
Ashchurch Medical Centre,2025-04-20,1,69
Ashchurch Medical Centre,2025-04-27,,69
Ashchurch Medical Centre,2025-05-04,,69
Ashchurch Medical Centre,2025-05-11,,69
Ashchurch Medical Centre,2025-05-18,,69
Ashchurch Medical Centre,2025-05-25,1,70
Ashchurch Medical Centre,2025-06-01,,70
Ashchurch Medical Centre,2025-06-08,,70
Ashchurch Medical Centre,2025-06-15,,70
Ashchurch Medical Centre,2025-06-22,3,73
Ashchurch Medical Centre,2025-06-29,1,74
Ashchurch Medical Centre,2025-07-06,,74
Ashchurch Medical Centre,2025-07-13,,74
Ashchurch Medical Centre,2025-07-20,,74
Ashchurch Medical Centre,2025-07-27,2,76
Ashchurch Medical Centre,2025-08-03,,76
Ashchurch Medical Centre,2025-08-10,,76
Ashchurch Medical Centre,2025-08-17,,76
Ashchurch Medical Centre,2025-08-24,,76
Ashchurch Medical Centre,2025-08-31,,76
Ashchurch Medical Centre,2025-09-07,,76
Ashchurch Medical Centre,2025-09-14,,76
Ashchurch Medical Centre,2025-09-21,,76
Ashchurch Medical Centre,2025-09-28,,76
Ashchurch Medical Centre,2025-10-05,,76
Ashchurch Medical Centre,2025-10-12,,76
Ashchurch Medical Centre,2025-10-19,7,83
Ashchurch Medical Centre,2025-10-26,,83
Ashchurch Medical Centre,2025-11-02,,83
Ashchurch Medical Centre,2025-11-09,,83
Ashchurch Medical Centre,2025-11-16,2,85
Ashchurch Medical Centre,2025-11-23,23,108
Ashchurch Medical Centre,2025-11-30,27,135
Ashchurch Medical Centre,2025-12-07,47,182
Ashchurch Medical Centre,2025-12-14,19,201
Ashchurch Medical Centre,2025-12-21,4,205
Ashchurch Medical Centre,2025-12-28,1,206
Ashchurch Medical Centre,2026-01-04,1,207
Ashchurch Medical Centre,2026-01-11,3,210
Ashchurch Medical Centre,2026-01-18,1,211
Ashchurch Medical Centre,2026-01-25,4,215
Ashchurch Medical Centre,2026-02-01,,215
Ashchurch Medical Centre,2026-02-08,,215
Ashchurch Medical Centre,2026-02-15,,215
Ashchurch Medical Centre,2026-02-22,,215
Ashchurch Medical Centre,2026-03-01,,215
Ashchurch Medical Centre,2026-03-08,1,216
Ashchurch Medical Centre,2026-03-15,,216
Ashchurch Medical Centre,2026-03-22,1,217
Ashchurch Medical Centre,2026-03-29,1,218
Ashchurch Medical Centre,2026-04-05,,218
Ashchurch Medical Centre,2026-04-12,,218
Ashchurch Medical Centre,2026-04-19,,218
Ashchurch Medical Centre,2026-04-26,3,221
Ashchurch Medical Centre,2026-05-03,,221
Ashchurch Medical Centre,2026-05-10,4,225
Ashchurch Medical Centre,2026-05-17,,225
Ashchurch Medical Centre,2026-05-24,,225
Ashchurch Medical Centre,2026-05-31,,225
Ashchurch Medical Centre,2026-06-07,1,226
Barlby Surgery,2023-10-08,,0
Barlby Surgery,2023-11-05,,0
Barlby Surgery,2023-11-12,,0
Barlby Surgery,2023-11-19,,0
Barlby Surgery,2023-11-26,,0
Barlby Surgery,2023-12-03,,0
Barlby Surgery,2023-12-10,,0
Barlby Surgery,2023-12-17,,0
Barlby Surgery,2023-12-24,,0
Barlby Surgery,2023-12-31,,0
Barlby Surgery,2024-01-07,,0
Barlby Surgery,2024-01-14,,0
Barlby Surgery,2024-01-21,,0
Barlby Surgery,2024-01-28,,0
Barlby Surgery,2024-02-04,,0
Barlby Surgery,2024-02-11,,0
Barlby Surgery,2024-02-18,,0
Barlby Surgery,2024-02-25,,0
Barlby Surgery,2024-03-03,,0
Barlby Surgery,2024-03-10,,0
Barlby Surgery,2024-03-17,,0
Barlby Surgery,2024-03-24,,0
Barlby Surgery,2024-03-31,,0
Barlby Surgery,2024-04-07,,0
Barlby Surgery,2024-04-14,,0
Barlby Surgery,2024-04-21,,0
Barlby Surgery,2024-04-28,,0
Barlby Surgery,2024-05-05,,0
Barlby Surgery,2024-05-12,,0
Barlby Surgery,2024-05-19,,0
Barlby Surgery,2024-05-26,,0
Barlby Surgery,2024-06-02,12,12
Barlby Surgery,2024-06-09,4,16
Barlby Surgery,2024-06-16,16,32
Barlby Surgery,2024-06-23,4,36
Barlby Surgery,2024-06-30,11,47
Barlby Surgery,2024-07-07,5,52
Barlby Surgery,2024-07-14,5,57
Barlby Surgery,2024-07-21,,57
Barlby Surgery,2024-07-28,3,60
Barlby Surgery,2024-08-04,1,61
Barlby Surgery,2024-08-11,1,62
Barlby Surgery,2024-08-18,2,64
Barlby Surgery,2024-08-25,1,65
Barlby Surgery,2024-09-01,,65
Barlby Surgery,2024-09-08,,65
Barlby Surgery,2024-09-15,4,69
Barlby Surgery,2024-09-22,,69
Barlby Surgery,2024-09-29,2,71
Barlby Surgery,2024-10-06,1,72
Barlby Surgery,2024-10-13,1,73
Barlby Surgery,2024-10-20,,73
Barlby Surgery,2024-10-27,,73
Barlby Surgery,2024-11-03,,73
Barlby Surgery,2024-11-10,,73
Barlby Surgery,2024-11-17,2,75
Barlby Surgery,2024-11-24,1,76
Barlby Surgery,2024-12-01,3,79
Barlby Surgery,2024-12-08,,79
Barlby Surgery,2024-12-15,,79
Barlby Surgery,2024-12-22,,79
Barlby Surgery,2024-12-29,,79
Barlby Surgery,2025-01-05,,79
Barlby Surgery,2025-01-12,,79
Barlby Surgery,2025-01-19,1,80
Barlby Surgery,2025-01-26,1,81
Barlby Surgery,2025-02-02,1,82
Barlby Surgery,2025-02-09,1,83
Barlby Surgery,2025-02-16,,83
Barlby Surgery,2025-02-23,,83
Barlby Surgery,2025-03-02,,83
Barlby Surgery,2025-03-09,,83
Barlby Surgery,2025-03-16,,83
Barlby Surgery,2025-03-23,,83
Barlby Surgery,2025-03-30,,83
Barlby Surgery,2025-04-06,1,84
Barlby Surgery,2025-04-13,,84
Barlby Surgery,2025-04-20,,84
Barlby Surgery,2025-04-27,,84
Barlby Surgery,2025-05-04,,84
Barlby Surgery,2025-05-11,1,85
Barlby Surgery,2025-05-18,,85
Barlby Surgery,2025-05-25,,85
Barlby Surgery,2025-06-01,,85
Barlby Surgery,2025-06-08,,85
Barlby Surgery,2025-06-15,,85
Barlby Surgery,2025-06-22,,85
Barlby Surgery,2025-06-29,,85
Barlby Surgery,2025-07-06,,85
Barlby Surgery,2025-07-13,,85
Barlby Surgery,2025-07-20,,85
Barlby Surgery,2025-07-27,,85
Barlby Surgery,2025-08-03,,85
Barlby Surgery,2025-08-10,,85
Barlby Surgery,2025-08-17,,85
Barlby Surgery,2025-08-24,,85
Barlby Surgery,2025-08-31,,85
Barlby Surgery,2025-09-07,,85
Barlby Surgery,2025-09-14,,85
Barlby Surgery,2025-09-21,,85
Barlby Surgery,2025-09-28,,85
Barlby Surgery,2025-10-05,,85
Barlby Surgery,2025-10-12,,85
Barlby Surgery,2025-10-19,,85
Barlby Surgery,2025-10-26,,85
Barlby Surgery,2025-11-02,,85
Barlby Surgery,2025-11-09,,85
Barlby Surgery,2025-11-16,,85
Barlby Surgery,2025-11-23,,85
Barlby Surgery,2025-11-30,,85
Barlby Surgery,2025-12-07,1,86
Barlby Surgery,2025-12-14,,86
Barlby Surgery,2025-12-21,,86
Barlby Surgery,2025-12-28,,86
Barlby Surgery,2026-01-04,,86
Barlby Surgery,2026-01-11,,86
Barlby Surgery,2026-01-18,,86
Barlby Surgery,2026-01-25,,86
Barlby Surgery,2026-02-01,,86
Barlby Surgery,2026-02-08,,86
Barlby Surgery,2026-02-15,,86
Barlby Surgery,2026-02-22,,86
Barlby Surgery,2026-03-01,,86
Barlby Surgery,2026-03-08,,86
Barlby Surgery,2026-03-15,,86
Barlby Surgery,2026-03-22,1,87
Barlby Surgery,2026-03-29,,87
Barlby Surgery,2026-04-05,,87
Barlby Surgery,2026-04-12,1,88
Barlby Surgery,2026-04-19,,88
Barlby Surgery,2026-04-26,,88
Barlby Surgery,2026-05-03,,88
Barlby Surgery,2026-05-10,1,89
Barlby Surgery,2026-05-17,,89
Barlby Surgery,2026-05-24,,89
Barlby Surgery,2026-05-31,,89
Barlby Surgery,2026-06-07,,89
Belgravia Surgery,2023-10-08,,0
Belgravia Surgery,2023-11-05,,0
Belgravia Surgery,2023-11-12,,0
Belgravia Surgery,2023-11-19,,0
Belgravia Surgery,2023-11-26,,0
Belgravia Surgery,2023-12-03,,0
Belgravia Surgery,2023-12-10,,0
Belgravia Surgery,2023-12-17,,0
Belgravia Surgery,2023-12-24,,0
Belgravia Surgery,2023-12-31,,0
Belgravia Surgery,2024-01-07,,0
Belgravia Surgery,2024-01-14,10,10
Belgravia Surgery,2024-01-21,4,14
Belgravia Surgery,2024-01-28,1,15
Belgravia Surgery,2024-02-04,1,16
Belgravia Surgery,2024-02-11,2,18
Belgravia Surgery,2024-02-18,,18
Belgravia Surgery,2024-02-25,,18
Belgravia Surgery,2024-03-03,,18
Belgravia Surgery,2024-03-10,,18
Belgravia Surgery,2024-03-17,,18
Belgravia Surgery,2024-03-24,,18
Belgravia Surgery,2024-03-31,,18
Belgravia Surgery,2024-04-07,,18
Belgravia Surgery,2024-04-14,,18
Belgravia Surgery,2024-04-21,,18
Belgravia Surgery,2024-04-28,,18
Belgravia Surgery,2024-05-05,,18
Belgravia Surgery,2024-05-12,,18
Belgravia Surgery,2024-05-19,,18
Belgravia Surgery,2024-05-26,,18
Belgravia Surgery,2024-06-02,,18
Belgravia Surgery,2024-06-09,,18
Belgravia Surgery,2024-06-16,,18
Belgravia Surgery,2024-06-23,,18
Belgravia Surgery,2024-06-30,,18
Belgravia Surgery,2024-07-07,,18
Belgravia Surgery,2024-07-14,,18
Belgravia Surgery,2024-07-21,,18
Belgravia Surgery,2024-07-28,,18
Belgravia Surgery,2024-08-04,,18
Belgravia Surgery,2024-08-11,,18
Belgravia Surgery,2024-08-18,,18
Belgravia Surgery,2024-08-25,,18
Belgravia Surgery,2024-09-01,,18
Belgravia Surgery,2024-09-08,,18
Belgravia Surgery,2024-09-15,,18
Belgravia Surgery,2024-09-22,,18
Belgravia Surgery,2024-09-29,,18
Belgravia Surgery,2024-10-06,,18
Belgravia Surgery,2024-10-13,,18
Belgravia Surgery,2024-10-20,,18
Belgravia Surgery,2024-10-27,,18
Belgravia Surgery,2024-11-03,,18
Belgravia Surgery,2024-11-10,,18
Belgravia Surgery,2024-11-17,,18
Belgravia Surgery,2024-11-24,,18
Belgravia Surgery,2024-12-01,,18
Belgravia Surgery,2024-12-08,,18
Belgravia Surgery,2024-12-15,,18
Belgravia Surgery,2024-12-22,,18
Belgravia Surgery,2024-12-29,,18
Belgravia Surgery,2025-01-05,,18
Belgravia Surgery,2025-01-12,,18
Belgravia Surgery,2025-01-19,,18
Belgravia Surgery,2025-01-26,,18
Belgravia Surgery,2025-02-02,,18
Belgravia Surgery,2025-02-09,,18
Belgravia Surgery,2025-02-16,,18
Belgravia Surgery,2025-02-23,,18
Belgravia Surgery,2025-03-02,,18
Belgravia Surgery,2025-03-09,,18
Belgravia Surgery,2025-03-16,,18
Belgravia Surgery,2025-03-23,,18
Belgravia Surgery,2025-03-30,,18
Belgravia Surgery,2025-04-06,,18
Belgravia Surgery,2025-04-13,,18
Belgravia Surgery,2025-04-20,,18
Belgravia Surgery,2025-04-27,,18
Belgravia Surgery,2025-05-04,,18
Belgravia Surgery,2025-05-11,,18
Belgravia Surgery,2025-05-18,,18
Belgravia Surgery,2025-05-25,,18
Belgravia Surgery,2025-06-01,,18
Belgravia Surgery,2025-06-08,,18
Belgravia Surgery,2025-06-15,,18
Belgravia Surgery,2025-06-22,,18
Belgravia Surgery,2025-06-29,,18
Belgravia Surgery,2025-07-06,,18
Belgravia Surgery,2025-07-13,,18
Belgravia Surgery,2025-07-20,,18
Belgravia Surgery,2025-07-27,,18
Belgravia Surgery,2025-08-03,,18
Belgravia Surgery,2025-08-10,,18
Belgravia Surgery,2025-08-17,,18
Belgravia Surgery,2025-08-24,,18
Belgravia Surgery,2025-08-31,,18
Belgravia Surgery,2025-09-07,,18
Belgravia Surgery,2025-09-14,,18
Belgravia Surgery,2025-09-21,,18
Belgravia Surgery,2025-09-28,,18
Belgravia Surgery,2025-10-05,,18
Belgravia Surgery,2025-10-12,,18
Belgravia Surgery,2025-10-19,,18
Belgravia Surgery,2025-10-26,,18
Belgravia Surgery,2025-11-02,,18
Belgravia Surgery,2025-11-09,,18
Belgravia Surgery,2025-11-16,,18
Belgravia Surgery,2025-11-23,,18
Belgravia Surgery,2025-11-30,,18
Belgravia Surgery,2025-12-07,,18
Belgravia Surgery,2025-12-14,,18
Belgravia Surgery,2025-12-21,,18
Belgravia Surgery,2025-12-28,,18
Belgravia Surgery,2026-01-04,,18
Belgravia Surgery,2026-01-11,,18
Belgravia Surgery,2026-01-18,,18
Belgravia Surgery,2026-01-25,,18
Belgravia Surgery,2026-02-01,,18
Belgravia Surgery,2026-02-08,,18
Belgravia Surgery,2026-02-15,,18
Belgravia Surgery,2026-02-22,,18
Belgravia Surgery,2026-03-01,,18
Belgravia Surgery,2026-03-08,,18
Belgravia Surgery,2026-03-15,,18
Belgravia Surgery,2026-03-22,,18
Belgravia Surgery,2026-03-29,,18
Belgravia Surgery,2026-04-05,,18
Belgravia Surgery,2026-04-12,,18
Belgravia Surgery,2026-04-19,,18
Belgravia Surgery,2026-04-26,,18
Belgravia Surgery,2026-05-03,,18
Belgravia Surgery,2026-05-10,,18
Belgravia Surgery,2026-05-17,,18
Belgravia Surgery,2026-05-24,,18
Belgravia Surgery,2026-05-31,,18
Belgravia Surgery,2026-06-07,,18
Brampton Health Centre,2023-10-08,,0
Brampton Health Centre,2023-11-05,,0
Brampton Health Centre,2023-11-12,,0
Brampton Health Centre,2023-11-19,,0
Brampton Health Centre,2023-11-26,,0
Brampton Health Centre,2023-12-03,,0
Brampton Health Centre,2023-12-10,10,10
Brampton Health Centre,2023-12-17,1,11
Brampton Health Centre,2023-12-24,,11
Brampton Health Centre,2023-12-31,,11
Brampton Health Centre,2024-01-07,5,16
Brampton Health Centre,2024-01-14,2,18
Brampton Health Centre,2024-01-21,,18
Brampton Health Centre,2024-01-28,,18
Brampton Health Centre,2024-02-04,2,20
Brampton Health Centre,2024-02-11,,20
Brampton Health Centre,2024-02-18,2,22
Brampton Health Centre,2024-02-25,3,25
Brampton Health Centre,2024-03-03,2,27
Brampton Health Centre,2024-03-10,1,28
Brampton Health Centre,2024-03-17,3,31
Brampton Health Centre,2024-03-24,1,32
Brampton Health Centre,2024-03-31,2,34
Brampton Health Centre,2024-04-07,,34
Brampton Health Centre,2024-04-14,3,37
Brampton Health Centre,2024-04-21,,37
Brampton Health Centre,2024-04-28,2,39
Brampton Health Centre,2024-05-05,1,40
Brampton Health Centre,2024-05-12,,40
Brampton Health Centre,2024-05-19,4,44
Brampton Health Centre,2024-05-26,4,48
Brampton Health Centre,2024-06-02,4,52
Brampton Health Centre,2024-06-09,,52
Brampton Health Centre,2024-06-16,7,59
Brampton Health Centre,2024-06-23,1,60
Brampton Health Centre,2024-06-30,3,63
Brampton Health Centre,2024-07-07,,63
Brampton Health Centre,2024-07-14,,63
Brampton Health Centre,2024-07-21,,63
Brampton Health Centre,2024-07-28,,63
Brampton Health Centre,2024-08-04,2,65
Brampton Health Centre,2024-08-11,1,66
Brampton Health Centre,2024-08-18,6,72
Brampton Health Centre,2024-08-25,,72
Brampton Health Centre,2024-09-01,1,73
Brampton Health Centre,2024-09-08,,73
Brampton Health Centre,2024-09-15,1,74
Brampton Health Centre,2024-09-22,1,75
Brampton Health Centre,2024-09-29,,75
Brampton Health Centre,2024-10-06,2,77
Brampton Health Centre,2024-10-13,,77
Brampton Health Centre,2024-10-20,2,79
Brampton Health Centre,2024-10-27,,79
Brampton Health Centre,2024-11-03,,79
Brampton Health Centre,2024-11-10,,79
Brampton Health Centre,2024-11-17,,79
Brampton Health Centre,2024-11-24,,79
Brampton Health Centre,2024-12-01,3,82
Brampton Health Centre,2024-12-08,,82
Brampton Health Centre,2024-12-15,,82
Brampton Health Centre,2024-12-22,,82
Brampton Health Centre,2024-12-29,,82
Brampton Health Centre,2025-01-05,,82
Brampton Health Centre,2025-01-12,,82
Brampton Health Centre,2025-01-19,,82
Brampton Health Centre,2025-01-26,,82
Brampton Health Centre,2025-02-02,,82
Brampton Health Centre,2025-02-09,,82
Brampton Health Centre,2025-02-16,,82
Brampton Health Centre,2025-02-23,,82
Brampton Health Centre,2025-03-02,2,84
Brampton Health Centre,2025-03-09,,84
Brampton Health Centre,2025-03-16,,84
Brampton Health Centre,2025-03-23,,84
Brampton Health Centre,2025-03-30,,84
Brampton Health Centre,2025-04-06,,84
Brampton Health Centre,2025-04-13,1,85
Brampton Health Centre,2025-04-20,4,89
Brampton Health Centre,2025-04-27,1,90
Brampton Health Centre,2025-05-04,1,91
Brampton Health Centre,2025-05-11,,91
Brampton Health Centre,2025-05-18,,91
Brampton Health Centre,2025-05-25,,91
Brampton Health Centre,2025-06-01,,91
Brampton Health Centre,2025-06-08,,91
Brampton Health Centre,2025-06-15,,91
Brampton Health Centre,2025-06-22,,91
Brampton Health Centre,2025-06-29,,91
Brampton Health Centre,2025-07-06,,91
Brampton Health Centre,2025-07-13,,91
Brampton Health Centre,2025-07-20,,91
Brampton Health Centre,2025-07-27,,91
Brampton Health Centre,2025-08-03,,91
Brampton Health Centre,2025-08-10,,91
Brampton Health Centre,2025-08-17,,91
Brampton Health Centre,2025-08-24,,91
Brampton Health Centre,2025-08-31,,91
Brampton Health Centre,2025-09-07,1,92
Brampton Health Centre,2025-09-14,,92
Brampton Health Centre,2025-09-21,,92
Brampton Health Centre,2025-09-28,,92
Brampton Health Centre,2025-10-05,,92
Brampton Health Centre,2025-10-12,,92
Brampton Health Centre,2025-10-19,,92
Brampton Health Centre,2025-10-26,2,94
Brampton Health Centre,2025-11-02,,94
Brampton Health Centre,2025-11-09,,94
Brampton Health Centre,2025-11-16,,94
Brampton Health Centre,2025-11-23,,94
Brampton Health Centre,2025-11-30,,94
Brampton Health Centre,2025-12-07,,94
Brampton Health Centre,2025-12-14,,94
Brampton Health Centre,2025-12-21,1,95
Brampton Health Centre,2025-12-28,,95
Brampton Health Centre,2026-01-04,,95
Brampton Health Centre,2026-01-11,,95
Brampton Health Centre,2026-01-18,,95
Brampton Health Centre,2026-01-25,,95
Brampton Health Centre,2026-02-01,,95
Brampton Health Centre,2026-02-08,,95
Brampton Health Centre,2026-02-15,,95
Brampton Health Centre,2026-02-22,,95
Brampton Health Centre,2026-03-01,,95
Brampton Health Centre,2026-03-08,,95
Brampton Health Centre,2026-03-15,,95
Brampton Health Centre,2026-03-22,,95
Brampton Health Centre,2026-03-29,,95
Brampton Health Centre,2026-04-05,,95
Brampton Health Centre,2026-04-12,,95
Brampton Health Centre,2026-04-19,,95
Brampton Health Centre,2026-04-26,,95
Brampton Health Centre,2026-05-03,,95
Brampton Health Centre,2026-05-10,2,97
Brampton Health Centre,2026-05-17,,97
Brampton Health Centre,2026-05-24,,97
Brampton Health Centre,2026-05-31,,97
Brampton Health Centre,2026-06-07,,97
Brook Green Medical Centre,2023-10-08,,0
Brook Green Medical Centre,2023-11-05,,0
Brook Green Medical Centre,2023-11-12,,0
Brook Green Medical Centre,2023-11-19,,0
Brook Green Medical Centre,2023-11-26,,0
Brook Green Medical Centre,2023-12-03,,0
Brook Green Medical Centre,2023-12-10,,0
Brook Green Medical Centre,2023-12-17,,0
Brook Green Medical Centre,2023-12-24,,0
Brook Green Medical Centre,2023-12-31,,0
Brook Green Medical Centre,2024-01-07,,0
Brook Green Medical Centre,2024-01-14,,0
Brook Green Medical Centre,2024-01-21,,0
Brook Green Medical Centre,2024-01-28,,0
Brook Green Medical Centre,2024-02-04,,0
Brook Green Medical Centre,2024-02-11,,0
Brook Green Medical Centre,2024-02-18,,0
Brook Green Medical Centre,2024-02-25,,0
Brook Green Medical Centre,2024-03-03,,0
Brook Green Medical Centre,2024-03-10,,0
Brook Green Medical Centre,2024-03-17,,0
Brook Green Medical Centre,2024-03-24,,0
Brook Green Medical Centre,2024-03-31,,0
Brook Green Medical Centre,2024-04-07,,0
Brook Green Medical Centre,2024-04-14,,0
Brook Green Medical Centre,2024-04-21,,0
Brook Green Medical Centre,2024-04-28,6,6
Brook Green Medical Centre,2024-05-05,1,7
Brook Green Medical Centre,2024-05-12,,7
Brook Green Medical Centre,2024-05-19,10,17
Brook Green Medical Centre,2024-05-26,7,24
Brook Green Medical Centre,2024-06-02,4,28
Brook Green Medical Centre,2024-06-09,12,40
Brook Green Medical Centre,2024-06-16,3,43
Brook Green Medical Centre,2024-06-23,1,44
Brook Green Medical Centre,2024-06-30,,44
Brook Green Medical Centre,2024-07-07,,44
Brook Green Medical Centre,2024-07-14,,44
Brook Green Medical Centre,2024-07-21,,44
Brook Green Medical Centre,2024-07-28,5,49
Brook Green Medical Centre,2024-08-04,,49
Brook Green Medical Centre,2024-08-11,,49
Brook Green Medical Centre,2024-08-18,,49
Brook Green Medical Centre,2024-08-25,5,54
Brook Green Medical Centre,2024-09-01,,54
Brook Green Medical Centre,2024-09-08,3,57
Brook Green Medical Centre,2024-09-15,2,59
Brook Green Medical Centre,2024-09-22,,59
Brook Green Medical Centre,2024-09-29,,59
Brook Green Medical Centre,2024-10-06,,59
Brook Green Medical Centre,2024-10-13,,59
Brook Green Medical Centre,2024-10-20,,59
Brook Green Medical Centre,2024-10-27,,59
Brook Green Medical Centre,2024-11-03,,59
Brook Green Medical Centre,2024-11-10,,59
Brook Green Medical Centre,2024-11-17,,59
Brook Green Medical Centre,2024-11-24,,59
Brook Green Medical Centre,2024-12-01,,59
Brook Green Medical Centre,2024-12-08,,59
Brook Green Medical Centre,2024-12-15,,59
Brook Green Medical Centre,2024-12-22,,59
Brook Green Medical Centre,2024-12-29,,59
Brook Green Medical Centre,2025-01-05,1,60
Brook Green Medical Centre,2025-01-12,,60
Brook Green Medical Centre,2025-01-19,,60
Brook Green Medical Centre,2025-01-26,,60
Brook Green Medical Centre,2025-02-02,,60
Brook Green Medical Centre,2025-02-09,,60
Brook Green Medical Centre,2025-02-16,,60
Brook Green Medical Centre,2025-02-23,,60
Brook Green Medical Centre,2025-03-02,,60
Brook Green Medical Centre,2025-03-09,,60
Brook Green Medical Centre,2025-03-16,,60
Brook Green Medical Centre,2025-03-23,,60
Brook Green Medical Centre,2025-03-30,,60
Brook Green Medical Centre,2025-04-06,,60
Brook Green Medical Centre,2025-04-13,,60
Brook Green Medical Centre,2025-04-20,,60
Brook Green Medical Centre,2025-04-27,,60
Brook Green Medical Centre,2025-05-04,,60
Brook Green Medical Centre,2025-05-11,,60
Brook Green Medical Centre,2025-05-18,,60
Brook Green Medical Centre,2025-05-25,,60
Brook Green Medical Centre,2025-06-01,,60
Brook Green Medical Centre,2025-06-08,,60
Brook Green Medical Centre,2025-06-15,,60
Brook Green Medical Centre,2025-06-22,,60
Brook Green Medical Centre,2025-06-29,,60
Brook Green Medical Centre,2025-07-06,,60
Brook Green Medical Centre,2025-07-13,,60
Brook Green Medical Centre,2025-07-20,,60
Brook Green Medical Centre,2025-07-27,,60
Brook Green Medical Centre,2025-08-03,,60
Brook Green Medical Centre,2025-08-10,,60
Brook Green Medical Centre,2025-08-17,,60
Brook Green Medical Centre,2025-08-24,,60
Brook Green Medical Centre,2025-08-31,,60
Brook Green Medical Centre,2025-09-07,,60
Brook Green Medical Centre,2025-09-14,,60
Brook Green Medical Centre,2025-09-21,,60
Brook Green Medical Centre,2025-09-28,,60
Brook Green Medical Centre,2025-10-05,,60
Brook Green Medical Centre,2025-10-12,,60
Brook Green Medical Centre,2025-10-19,,60
Brook Green Medical Centre,2025-10-26,,60
Brook Green Medical Centre,2025-11-02,,60
Brook Green Medical Centre,2025-11-09,,60
Brook Green Medical Centre,2025-11-16,,60
Brook Green Medical Centre,2025-11-23,,60
Brook Green Medical Centre,2025-11-30,,60
Brook Green Medical Centre,2025-12-07,,60
Brook Green Medical Centre,2025-12-14,,60
Brook Green Medical Centre,2025-12-21,,60
Brook Green Medical Centre,2025-12-28,,60
Brook Green Medical Centre,2026-01-04,,60
Brook Green Medical Centre,2026-01-11,,60
Brook Green Medical Centre,2026-01-18,,60
Brook Green Medical Centre,2026-01-25,,60
Brook Green Medical Centre,2026-02-01,,60
Brook Green Medical Centre,2026-02-08,,60
Brook Green Medical Centre,2026-02-15,,60
Brook Green Medical Centre,2026-02-22,,60
Brook Green Medical Centre,2026-03-01,,60
Brook Green Medical Centre,2026-03-08,,60
Brook Green Medical Centre,2026-03-15,,60
Brook Green Medical Centre,2026-03-22,,60
Brook Green Medical Centre,2026-03-29,,60
Brook Green Medical Centre,2026-04-05,,60
Brook Green Medical Centre,2026-04-12,,60
Brook Green Medical Centre,2026-04-19,,60
Brook Green Medical Centre,2026-04-26,,60
Brook Green Medical Centre,2026-05-03,,60
Brook Green Medical Centre,2026-05-10,,60
Brook Green Medical Centre,2026-05-17,,60
Brook Green Medical Centre,2026-05-24,,60
Brook Green Medical Centre,2026-05-31,,60
Brook Green Medical Centre,2026-06-07,,60
Bush Doctors,2023-10-08,,0
Bush Doctors,2023-11-05,,0
Bush Doctors,2023-11-12,,0
Bush Doctors,2023-11-19,,0
Bush Doctors,2023-11-26,,0
Bush Doctors,2023-12-03,,0
Bush Doctors,2023-12-10,,0
Bush Doctors,2023-12-17,,0
Bush Doctors,2023-12-24,,0
Bush Doctors,2023-12-31,,0
Bush Doctors,2024-01-07,,0
Bush Doctors,2024-01-14,,0
Bush Doctors,2024-01-21,,0
Bush Doctors,2024-01-28,,0
Bush Doctors,2024-02-04,,0
Bush Doctors,2024-02-11,,0
Bush Doctors,2024-02-18,,0
Bush Doctors,2024-02-25,,0
Bush Doctors,2024-03-03,,0
Bush Doctors,2024-03-10,,0
Bush Doctors,2024-03-17,1,1
Bush Doctors,2024-03-24,,1
Bush Doctors,2024-03-31,3,4
Bush Doctors,2024-04-07,1,5
Bush Doctors,2024-04-14,9,14
Bush Doctors,2024-04-21,3,17
Bush Doctors,2024-04-28,7,24
Bush Doctors,2024-05-05,1,25
Bush Doctors,2024-05-12,2,27
Bush Doctors,2024-05-19,8,35
Bush Doctors,2024-05-26,6,41
Bush Doctors,2024-06-02,5,46
Bush Doctors,2024-06-09,4,50
Bush Doctors,2024-06-16,9,59
Bush Doctors,2024-06-23,10,69
Bush Doctors,2024-06-30,3,72
Bush Doctors,2024-07-07,8,80
Bush Doctors,2024-07-14,4,84
Bush Doctors,2024-07-21,5,89
Bush Doctors,2024-07-28,6,95
Bush Doctors,2024-08-04,5,100
Bush Doctors,2024-08-11,7,107
Bush Doctors,2024-08-18,,107
Bush Doctors,2024-08-25,,107
Bush Doctors,2024-09-01,3,110
Bush Doctors,2024-09-08,2,112
Bush Doctors,2024-09-15,3,115
Bush Doctors,2024-09-22,4,119
Bush Doctors,2024-09-29,1,120
Bush Doctors,2024-10-06,7,127
Bush Doctors,2024-10-13,1,128
Bush Doctors,2024-10-20,3,131
Bush Doctors,2024-10-27,10,141
Bush Doctors,2024-11-03,,141
Bush Doctors,2024-11-10,2,143
Bush Doctors,2024-11-17,2,145
Bush Doctors,2024-11-24,1,146
Bush Doctors,2024-12-01,3,149
Bush Doctors,2024-12-08,,149
Bush Doctors,2024-12-15,7,156
Bush Doctors,2024-12-22,3,159
Bush Doctors,2024-12-29,2,161
Bush Doctors,2025-01-05,,161
Bush Doctors,2025-01-12,5,166
Bush Doctors,2025-01-19,3,169
Bush Doctors,2025-01-26,3,172
Bush Doctors,2025-02-02,3,175
Bush Doctors,2025-02-09,17,192
Bush Doctors,2025-02-16,7,199
Bush Doctors,2025-02-23,3,202
Bush Doctors,2025-03-02,1,203
Bush Doctors,2025-03-09,3,206
Bush Doctors,2025-03-16,,206
Bush Doctors,2025-03-23,9,215
Bush Doctors,2025-03-30,9,224
Bush Doctors,2025-04-06,5,229
Bush Doctors,2025-04-13,6,235
Bush Doctors,2025-04-20,6,241
Bush Doctors,2025-04-27,7,248
Bush Doctors,2025-05-04,5,253
Bush Doctors,2025-05-11,1,254
Bush Doctors,2025-05-18,4,258
Bush Doctors,2025-05-25,2,260
Bush Doctors,2025-06-01,9,269
Bush Doctors,2025-06-08,6,275
Bush Doctors,2025-06-15,11,286
Bush Doctors,2025-06-22,10,296
Bush Doctors,2025-06-29,6,302
Bush Doctors,2025-07-06,5,307
Bush Doctors,2025-07-13,7,314
Bush Doctors,2025-07-20,3,317
Bush Doctors,2025-07-27,2,319
Bush Doctors,2025-08-03,3,322
Bush Doctors,2025-08-10,4,326
Bush Doctors,2025-08-17,,326
Bush Doctors,2025-08-24,1,327
Bush Doctors,2025-08-31,2,329
Bush Doctors,2025-09-07,4,333
Bush Doctors,2025-09-14,1,334
Bush Doctors,2025-09-21,9,343
Bush Doctors,2025-09-28,8,351
Bush Doctors,2025-10-05,1,352
Bush Doctors,2025-10-12,4,356
Bush Doctors,2025-10-19,2,358
Bush Doctors,2025-10-26,2,360
Bush Doctors,2025-11-02,1,361
Bush Doctors,2025-11-09,3,364
Bush Doctors,2025-11-16,5,369
Bush Doctors,2025-11-23,3,372
Bush Doctors,2025-11-30,1,373
Bush Doctors,2025-12-07,6,379
Bush Doctors,2025-12-14,3,382
Bush Doctors,2025-12-21,9,391
Bush Doctors,2025-12-28,1,392
Bush Doctors,2026-01-04,1,393
Bush Doctors,2026-01-11,3,396
Bush Doctors,2026-01-18,4,400
Bush Doctors,2026-01-25,6,406
Bush Doctors,2026-02-01,1,407
Bush Doctors,2026-02-08,3,410
Bush Doctors,2026-02-15,6,416
Bush Doctors,2026-02-22,3,419
Bush Doctors,2026-03-01,3,422
Bush Doctors,2026-03-08,5,427
Bush Doctors,2026-03-15,2,429
Bush Doctors,2026-03-22,1,430
Bush Doctors,2026-03-29,,430
Bush Doctors,2026-04-05,4,434
Bush Doctors,2026-04-12,1,435
Bush Doctors,2026-04-19,5,440
Bush Doctors,2026-04-26,6,446
Bush Doctors,2026-05-03,2,448
Bush Doctors,2026-05-10,3,451
Bush Doctors,2026-05-17,3,454
Bush Doctors,2026-05-24,,454
Bush Doctors,2026-05-31,7,461
Bush Doctors,2026-06-07,,461
Carlton Surgery,2023-10-08,,0
Carlton Surgery,2023-11-05,,0
Carlton Surgery,2023-11-12,,0
Carlton Surgery,2023-11-19,,0
Carlton Surgery,2023-11-26,,0
Carlton Surgery,2023-12-03,,0
Carlton Surgery,2023-12-10,,0
Carlton Surgery,2023-12-17,,0
Carlton Surgery,2023-12-24,,0
Carlton Surgery,2023-12-31,,0
Carlton Surgery,2024-01-07,,0
Carlton Surgery,2024-01-14,,0
Carlton Surgery,2024-01-21,,0
Carlton Surgery,2024-01-28,,0
Carlton Surgery,2024-02-04,,0
Carlton Surgery,2024-02-11,,0
Carlton Surgery,2024-02-18,,0
Carlton Surgery,2024-02-25,,0
Carlton Surgery,2024-03-03,,0
Carlton Surgery,2024-03-10,,0
Carlton Surgery,2024-03-17,,0
Carlton Surgery,2024-03-24,,0
Carlton Surgery,2024-03-31,,0
Carlton Surgery,2024-04-07,,0
Carlton Surgery,2024-04-14,,0
Carlton Surgery,2024-04-21,,0
Carlton Surgery,2024-04-28,,0
Carlton Surgery,2024-05-05,,0
Carlton Surgery,2024-05-12,,0
Carlton Surgery,2024-05-19,,0
Carlton Surgery,2024-05-26,,0
Carlton Surgery,2024-06-02,,0
Carlton Surgery,2024-06-09,8,8
Carlton Surgery,2024-06-16,10,18
Carlton Surgery,2024-06-23,4,22
Carlton Surgery,2024-06-30,10,32
Carlton Surgery,2024-07-07,1,33
Carlton Surgery,2024-07-14,1,34
Carlton Surgery,2024-07-21,5,39
Carlton Surgery,2024-07-28,4,43
Carlton Surgery,2024-08-04,5,48
Carlton Surgery,2024-08-11,2,50
Carlton Surgery,2024-08-18,17,67
Carlton Surgery,2024-08-25,8,75
Carlton Surgery,2024-09-01,3,78
Carlton Surgery,2024-09-08,3,81
Carlton Surgery,2024-09-15,3,84
Carlton Surgery,2024-09-22,3,87
Carlton Surgery,2024-09-29,1,88
Carlton Surgery,2024-10-06,1,89
Carlton Surgery,2024-10-13,9,98
Carlton Surgery,2024-10-20,1,99
Carlton Surgery,2024-10-27,2,101
Carlton Surgery,2024-11-03,,101
Carlton Surgery,2024-11-10,8,109
Carlton Surgery,2024-11-17,4,113
Carlton Surgery,2024-11-24,2,115
Carlton Surgery,2024-12-01,5,120
Carlton Surgery,2024-12-08,9,129
Carlton Surgery,2024-12-15,4,133
Carlton Surgery,2024-12-22,4,137
Carlton Surgery,2024-12-29,1,138
Carlton Surgery,2025-01-05,,138
Carlton Surgery,2025-01-12,1,139
Carlton Surgery,2025-01-19,9,148
Carlton Surgery,2025-01-26,4,152
Carlton Surgery,2025-02-02,5,157
Carlton Surgery,2025-02-09,,157
Carlton Surgery,2025-02-16,1,158
Carlton Surgery,2025-02-23,6,164
Carlton Surgery,2025-03-02,4,168
Carlton Surgery,2025-03-09,4,172
Carlton Surgery,2025-03-16,1,173
Carlton Surgery,2025-03-23,1,174
Carlton Surgery,2025-03-30,,174
Carlton Surgery,2025-04-06,,174
Carlton Surgery,2025-04-13,,174
Carlton Surgery,2025-04-20,1,175
Carlton Surgery,2025-04-27,1,176
Carlton Surgery,2025-05-04,,176
Carlton Surgery,2025-05-11,2,178
Carlton Surgery,2025-05-18,,178
Carlton Surgery,2025-05-25,,178
Carlton Surgery,2025-06-01,4,182
Carlton Surgery,2025-06-08,2,184
Carlton Surgery,2025-06-15,,184
Carlton Surgery,2025-06-22,,184
Carlton Surgery,2025-06-29,,184
Carlton Surgery,2025-07-06,,184
Carlton Surgery,2025-07-13,,184
Carlton Surgery,2025-07-20,,184
Carlton Surgery,2025-07-27,3,187
Carlton Surgery,2025-08-03,,187
Carlton Surgery,2025-08-10,1,188
Carlton Surgery,2025-08-17,1,189
Carlton Surgery,2025-08-24,,189
Carlton Surgery,2025-08-31,,189
Carlton Surgery,2025-09-07,,189
Carlton Surgery,2025-09-14,,189
Carlton Surgery,2025-09-21,,189
Carlton Surgery,2025-09-28,,189
Carlton Surgery,2025-10-05,,189
Carlton Surgery,2025-10-12,1,190
Carlton Surgery,2025-10-19,,190
Carlton Surgery,2025-10-26,,190
Carlton Surgery,2025-11-02,,190
Carlton Surgery,2025-11-09,,190
Carlton Surgery,2025-11-16,,190
Carlton Surgery,2025-11-23,,190
Carlton Surgery,2025-11-30,,190
Carlton Surgery,2025-12-07,,190
Carlton Surgery,2025-12-14,,190
Carlton Surgery,2025-12-21,,190
Carlton Surgery,2025-12-28,,190
Carlton Surgery,2026-01-04,,190
Carlton Surgery,2026-01-11,,190
Carlton Surgery,2026-01-18,,190
Carlton Surgery,2026-01-25,,190
Carlton Surgery,2026-02-01,,190
Carlton Surgery,2026-02-08,,190
Carlton Surgery,2026-02-15,,190
Carlton Surgery,2026-02-22,1,191
Carlton Surgery,2026-03-01,,191
Carlton Surgery,2026-03-08,,191
Carlton Surgery,2026-03-15,,191
Carlton Surgery,2026-03-22,,191
Carlton Surgery,2026-03-29,,191
Carlton Surgery,2026-04-05,,191
Carlton Surgery,2026-04-12,,191
Carlton Surgery,2026-04-19,,191
Carlton Surgery,2026-04-26,,191
Carlton Surgery,2026-05-03,,191
Carlton Surgery,2026-05-10,,191
Carlton Surgery,2026-05-17,,191
Carlton Surgery,2026-05-24,,191
Carlton Surgery,2026-05-31,2,193
Carlton Surgery,2026-06-07,2,195
Chestnut Practice,2023-10-08,,0
Chestnut Practice,2023-11-05,,0
Chestnut Practice,2023-11-12,,0
Chestnut Practice,2023-11-19,,0
Chestnut Practice,2023-11-26,,0
Chestnut Practice,2023-12-03,,0
Chestnut Practice,2023-12-10,,0
Chestnut Practice,2023-12-17,,0
Chestnut Practice,2023-12-24,,0
Chestnut Practice,2023-12-31,,0
Chestnut Practice,2024-01-07,,0
Chestnut Practice,2024-01-14,,0
Chestnut Practice,2024-01-21,,0
Chestnut Practice,2024-01-28,,0
Chestnut Practice,2024-02-04,,0
Chestnut Practice,2024-02-11,,0
Chestnut Practice,2024-02-18,,0
Chestnut Practice,2024-02-25,,0
Chestnut Practice,2024-03-03,,0
Chestnut Practice,2024-03-10,,0
Chestnut Practice,2024-03-17,,0
Chestnut Practice,2024-03-24,,0
Chestnut Practice,2024-03-31,,0
Chestnut Practice,2024-04-07,,0
Chestnut Practice,2024-04-14,,0
Chestnut Practice,2024-04-21,,0
Chestnut Practice,2024-04-28,,0
Chestnut Practice,2024-05-05,,0
Chestnut Practice,2024-05-12,,0
Chestnut Practice,2024-05-19,,0
Chestnut Practice,2024-05-26,,0
Chestnut Practice,2024-06-02,,0
Chestnut Practice,2024-06-09,,0
Chestnut Practice,2024-06-16,1,1
Chestnut Practice,2024-06-23,7,8
Chestnut Practice,2024-06-30,32,40
Chestnut Practice,2024-07-07,32,72
Chestnut Practice,2024-07-14,37,109
Chestnut Practice,2024-07-21,33,142
Chestnut Practice,2024-07-28,20,162
Chestnut Practice,2024-08-04,,162
Chestnut Practice,2024-08-11,,162
Chestnut Practice,2024-08-18,,162
Chestnut Practice,2024-08-25,11,173
Chestnut Practice,2024-09-01,1,174
Chestnut Practice,2024-09-08,3,177
Chestnut Practice,2024-09-15,32,209
Chestnut Practice,2024-09-22,29,238
Chestnut Practice,2024-09-29,18,256
Chestnut Practice,2024-10-06,22,278
Chestnut Practice,2024-10-13,20,298
Chestnut Practice,2024-10-20,34,332
Chestnut Practice,2024-10-27,30,362
Chestnut Practice,2024-11-03,3,365
Chestnut Practice,2024-11-10,34,399
Chestnut Practice,2024-11-17,48,447
Chestnut Practice,2024-11-24,41,488
Chestnut Practice,2024-12-01,31,519
Chestnut Practice,2024-12-08,31,550
Chestnut Practice,2024-12-15,46,596
Chestnut Practice,2024-12-22,20,616
Chestnut Practice,2024-12-29,3,619
Chestnut Practice,2025-01-05,8,627
Chestnut Practice,2025-01-12,27,654
Chestnut Practice,2025-01-19,20,674
Chestnut Practice,2025-01-26,15,689
Chestnut Practice,2025-02-02,32,721
Chestnut Practice,2025-02-09,16,737
Chestnut Practice,2025-02-16,22,759
Chestnut Practice,2025-02-23,14,773
Chestnut Practice,2025-03-02,2,775
Chestnut Practice,2025-03-09,7,782
Chestnut Practice,2025-03-16,4,786
Chestnut Practice,2025-03-23,,786
Chestnut Practice,2025-03-30,,786
Chestnut Practice,2025-04-06,5,791
Chestnut Practice,2025-04-13,,791
Chestnut Practice,2025-04-20,3,794
Chestnut Practice,2025-04-27,,794
Chestnut Practice,2025-05-04,3,797
Chestnut Practice,2025-05-11,,797
Chestnut Practice,2025-05-18,3,800
Chestnut Practice,2025-05-25,1,801
Chestnut Practice,2025-06-01,,801
Chestnut Practice,2025-06-08,2,803
Chestnut Practice,2025-06-15,1,804
Chestnut Practice,2025-06-22,7,811
Chestnut Practice,2025-06-29,2,813
Chestnut Practice,2025-07-06,4,817
Chestnut Practice,2025-07-13,,817
Chestnut Practice,2025-07-20,2,819
Chestnut Practice,2025-07-27,7,826
Chestnut Practice,2025-08-03,,826
Chestnut Practice,2025-08-10,,826
Chestnut Practice,2025-08-17,,826
Chestnut Practice,2025-08-24,,826
Chestnut Practice,2025-08-31,,826
Chestnut Practice,2025-09-07,,826
Chestnut Practice,2025-09-14,,826
Chestnut Practice,2025-09-21,3,829
Chestnut Practice,2025-09-28,4,833
Chestnut Practice,2025-10-05,,833
Chestnut Practice,2025-10-12,,833
Chestnut Practice,2025-10-19,,833
Chestnut Practice,2025-10-26,,833
Chestnut Practice,2025-11-02,,833
Chestnut Practice,2025-11-09,,833
Chestnut Practice,2025-11-16,1,834
Chestnut Practice,2025-11-23,2,836
Chestnut Practice,2025-11-30,,836
Chestnut Practice,2025-12-07,,836
Chestnut Practice,2025-12-14,,836
Chestnut Practice,2025-12-21,1,837
Chestnut Practice,2025-12-28,,837
Chestnut Practice,2026-01-04,,837
Chestnut Practice,2026-01-11,,837
Chestnut Practice,2026-01-18,,837
Chestnut Practice,2026-01-25,,837
Chestnut Practice,2026-02-01,5,842
Chestnut Practice,2026-02-08,,842
Chestnut Practice,2026-02-15,,842
Chestnut Practice,2026-02-22,16,858
Chestnut Practice,2026-03-01,16,874
Chestnut Practice,2026-03-08,,874
Chestnut Practice,2026-03-15,,874
Chestnut Practice,2026-03-22,3,877
Chestnut Practice,2026-03-29,2,879
Chestnut Practice,2026-04-05,,879
Chestnut Practice,2026-04-12,,879
Chestnut Practice,2026-04-19,,879
Chestnut Practice,2026-04-26,,879
Chestnut Practice,2026-05-03,,879
Chestnut Practice,2026-05-10,,879
Chestnut Practice,2026-05-17,2,881
Chestnut Practice,2026-05-24,,881
Chestnut Practice,2026-05-31,,881
Chestnut Practice,2026-06-07,,881
Chiswick Family Practice E85130,2023-10-08,,0
Chiswick Family Practice E85130,2023-11-05,,0
Chiswick Family Practice E85130,2023-11-12,,0
Chiswick Family Practice E85130,2023-11-19,4,4
Chiswick Family Practice E85130,2023-11-26,3,7
Chiswick Family Practice E85130,2023-12-03,6,13
Chiswick Family Practice E85130,2023-12-10,2,15
Chiswick Family Practice E85130,2023-12-17,4,19
Chiswick Family Practice E85130,2023-12-24,3,22
Chiswick Family Practice E85130,2023-12-31,,22
Chiswick Family Practice E85130,2024-01-07,1,23
Chiswick Family Practice E85130,2024-01-14,1,24
Chiswick Family Practice E85130,2024-01-21,5,29
Chiswick Family Practice E85130,2024-01-28,5,34
Chiswick Family Practice E85130,2024-02-04,1,35
Chiswick Family Practice E85130,2024-02-11,8,43
Chiswick Family Practice E85130,2024-02-18,6,49
Chiswick Family Practice E85130,2024-02-25,3,52
Chiswick Family Practice E85130,2024-03-03,2,54
Chiswick Family Practice E85130,2024-03-10,3,57
Chiswick Family Practice E85130,2024-03-17,5,62
Chiswick Family Practice E85130,2024-03-24,3,65
Chiswick Family Practice E85130,2024-03-31,3,68
Chiswick Family Practice E85130,2024-04-07,1,69
Chiswick Family Practice E85130,2024-04-14,2,71
Chiswick Family Practice E85130,2024-04-21,,71
Chiswick Family Practice E85130,2024-04-28,1,72
Chiswick Family Practice E85130,2024-05-05,1,73
Chiswick Family Practice E85130,2024-05-12,6,79
Chiswick Family Practice E85130,2024-05-19,3,82
Chiswick Family Practice E85130,2024-05-26,2,84
Chiswick Family Practice E85130,2024-06-02,5,89
Chiswick Family Practice E85130,2024-06-09,4,93
Chiswick Family Practice E85130,2024-06-16,,93
Chiswick Family Practice E85130,2024-06-23,2,95
Chiswick Family Practice E85130,2024-06-30,,95
Chiswick Family Practice E85130,2024-07-07,1,96
Chiswick Family Practice E85130,2024-07-14,5,101
Chiswick Family Practice E85130,2024-07-21,3,104
Chiswick Family Practice E85130,2024-07-28,5,109
Chiswick Family Practice E85130,2024-08-04,3,112
Chiswick Family Practice E85130,2024-08-11,1,113
Chiswick Family Practice E85130,2024-08-18,1,114
Chiswick Family Practice E85130,2024-08-25,,114
Chiswick Family Practice E85130,2024-09-01,,114
Chiswick Family Practice E85130,2024-09-08,4,118
Chiswick Family Practice E85130,2024-09-15,,118
Chiswick Family Practice E85130,2024-09-22,1,119
Chiswick Family Practice E85130,2024-09-29,,119
Chiswick Family Practice E85130,2024-10-06,1,120
Chiswick Family Practice E85130,2024-10-13,2,122
Chiswick Family Practice E85130,2024-10-20,,122
Chiswick Family Practice E85130,2024-10-27,,122
Chiswick Family Practice E85130,2024-11-03,,122
Chiswick Family Practice E85130,2024-11-10,,122
Chiswick Family Practice E85130,2024-11-17,,122
Chiswick Family Practice E85130,2024-11-24,,122
Chiswick Family Practice E85130,2024-12-01,1,123
Chiswick Family Practice E85130,2024-12-08,,123
Chiswick Family Practice E85130,2024-12-15,,123
Chiswick Family Practice E85130,2024-12-22,,123
Chiswick Family Practice E85130,2024-12-29,,123
Chiswick Family Practice E85130,2025-01-05,1,124
Chiswick Family Practice E85130,2025-01-12,2,126
Chiswick Family Practice E85130,2025-01-19,1,127
Chiswick Family Practice E85130,2025-01-26,,127
Chiswick Family Practice E85130,2025-02-02,1,128
Chiswick Family Practice E85130,2025-02-09,,128
Chiswick Family Practice E85130,2025-02-16,,128
Chiswick Family Practice E85130,2025-02-23,,128
Chiswick Family Practice E85130,2025-03-02,1,129
Chiswick Family Practice E85130,2025-03-09,,129
Chiswick Family Practice E85130,2025-03-16,,129
Chiswick Family Practice E85130,2025-03-23,,129
Chiswick Family Practice E85130,2025-03-30,,129
Chiswick Family Practice E85130,2025-04-06,,129
Chiswick Family Practice E85130,2025-04-13,,129
Chiswick Family Practice E85130,2025-04-20,,129
Chiswick Family Practice E85130,2025-04-27,,129
Chiswick Family Practice E85130,2025-05-04,,129
Chiswick Family Practice E85130,2025-05-11,,129
Chiswick Family Practice E85130,2025-05-18,1,130
Chiswick Family Practice E85130,2025-05-25,1,131
Chiswick Family Practice E85130,2025-06-01,,131
Chiswick Family Practice E85130,2025-06-08,,131
Chiswick Family Practice E85130,2025-06-15,1,132
Chiswick Family Practice E85130,2025-06-22,1,133
Chiswick Family Practice E85130,2025-06-29,2,135
Chiswick Family Practice E85130,2025-07-06,2,137
Chiswick Family Practice E85130,2025-07-13,,137
Chiswick Family Practice E85130,2025-07-20,1,138
Chiswick Family Practice E85130,2025-07-27,2,140
Chiswick Family Practice E85130,2025-08-03,6,146
Chiswick Family Practice E85130,2025-08-10,,146
Chiswick Family Practice E85130,2025-08-17,2,148
Chiswick Family Practice E85130,2025-08-24,1,149
Chiswick Family Practice E85130,2025-08-31,1,150
Chiswick Family Practice E85130,2025-09-07,,150
Chiswick Family Practice E85130,2025-09-14,1,151
Chiswick Family Practice E85130,2025-09-21,6,157
Chiswick Family Practice E85130,2025-09-28,1,158
Chiswick Family Practice E85130,2025-10-05,,158
Chiswick Family Practice E85130,2025-10-12,1,159
Chiswick Family Practice E85130,2025-10-19,1,160
Chiswick Family Practice E85130,2025-10-26,2,162
Chiswick Family Practice E85130,2025-11-02,2,164
Chiswick Family Practice E85130,2025-11-09,2,166
Chiswick Family Practice E85130,2025-11-16,,166
Chiswick Family Practice E85130,2025-11-23,,166
Chiswick Family Practice E85130,2025-11-30,1,167
Chiswick Family Practice E85130,2025-12-07,8,175
Chiswick Family Practice E85130,2025-12-14,1,176
Chiswick Family Practice E85130,2025-12-21,1,177
Chiswick Family Practice E85130,2025-12-28,1,178
Chiswick Family Practice E85130,2026-01-04,,178
Chiswick Family Practice E85130,2026-01-11,,178
Chiswick Family Practice E85130,2026-01-18,1,179
Chiswick Family Practice E85130,2026-01-25,2,181
Chiswick Family Practice E85130,2026-02-01,,181
Chiswick Family Practice E85130,2026-02-08,,181
Chiswick Family Practice E85130,2026-02-15,1,182
Chiswick Family Practice E85130,2026-02-22,1,183
Chiswick Family Practice E85130,2026-03-01,2,185
Chiswick Family Practice E85130,2026-03-08,1,186
Chiswick Family Practice E85130,2026-03-15,1,187
Chiswick Family Practice E85130,2026-03-22,,187
Chiswick Family Practice E85130,2026-03-29,,187
Chiswick Family Practice E85130,2026-04-05,1,188
Chiswick Family Practice E85130,2026-04-12,2,190
Chiswick Family Practice E85130,2026-04-19,1,191
Chiswick Family Practice E85130,2026-04-26,2,193
Chiswick Family Practice E85130,2026-05-03,1,194
Chiswick Family Practice E85130,2026-05-10,1,195
Chiswick Family Practice E85130,2026-05-17,,195
Chiswick Family Practice E85130,2026-05-24,,195
Chiswick Family Practice E85130,2026-05-31,,195
Chiswick Family Practice E85130,2026-06-07,1,196
Chiswick Health Practice,2023-10-08,,0
Chiswick Health Practice,2023-11-05,,0
Chiswick Health Practice,2023-11-12,,0
Chiswick Health Practice,2023-11-19,,0
Chiswick Health Practice,2023-11-26,,0
Chiswick Health Practice,2023-12-03,3,3
Chiswick Health Practice,2023-12-10,1,4
Chiswick Health Practice,2023-12-17,1,5
Chiswick Health Practice,2023-12-24,5,10
Chiswick Health Practice,2023-12-31,,10
Chiswick Health Practice,2024-01-07,1,11
Chiswick Health Practice,2024-01-14,3,14
Chiswick Health Practice,2024-01-21,10,24
Chiswick Health Practice,2024-01-28,5,29
Chiswick Health Practice,2024-02-04,5,34
Chiswick Health Practice,2024-02-11,3,37
Chiswick Health Practice,2024-02-18,7,44
Chiswick Health Practice,2024-02-25,7,51
Chiswick Health Practice,2024-03-03,2,53
Chiswick Health Practice,2024-03-10,4,57
Chiswick Health Practice,2024-03-17,5,62
Chiswick Health Practice,2024-03-24,8,70
Chiswick Health Practice,2024-03-31,2,72
Chiswick Health Practice,2024-04-07,1,73
Chiswick Health Practice,2024-04-14,,73
Chiswick Health Practice,2024-04-21,2,75
Chiswick Health Practice,2024-04-28,2,77
Chiswick Health Practice,2024-05-05,3,80
Chiswick Health Practice,2024-05-12,1,81
Chiswick Health Practice,2024-05-19,2,83
Chiswick Health Practice,2024-05-26,1,84
Chiswick Health Practice,2024-06-02,4,88
Chiswick Health Practice,2024-06-09,1,89
Chiswick Health Practice,2024-06-16,5,94
Chiswick Health Practice,2024-06-23,6,100
Chiswick Health Practice,2024-06-30,2,102
Chiswick Health Practice,2024-07-07,3,105
Chiswick Health Practice,2024-07-14,3,108
Chiswick Health Practice,2024-07-21,5,113
Chiswick Health Practice,2024-07-28,2,115
Chiswick Health Practice,2024-08-04,3,118
Chiswick Health Practice,2024-08-11,,118
Chiswick Health Practice,2024-08-18,2,120
Chiswick Health Practice,2024-08-25,1,121
Chiswick Health Practice,2024-09-01,,121
Chiswick Health Practice,2024-09-08,1,122
Chiswick Health Practice,2024-09-15,3,125
Chiswick Health Practice,2024-09-22,6,131
Chiswick Health Practice,2024-09-29,3,134
Chiswick Health Practice,2024-10-06,2,136
Chiswick Health Practice,2024-10-13,2,138
Chiswick Health Practice,2024-10-20,1,139
Chiswick Health Practice,2024-10-27,,139
Chiswick Health Practice,2024-11-03,,139
Chiswick Health Practice,2024-11-10,1,140
Chiswick Health Practice,2024-11-17,1,141
Chiswick Health Practice,2024-11-24,4,145
Chiswick Health Practice,2024-12-01,,145
Chiswick Health Practice,2024-12-08,,145
Chiswick Health Practice,2024-12-15,,145
Chiswick Health Practice,2024-12-22,,145
Chiswick Health Practice,2024-12-29,,145
Chiswick Health Practice,2025-01-05,2,147
Chiswick Health Practice,2025-01-12,,147
Chiswick Health Practice,2025-01-19,,147
Chiswick Health Practice,2025-01-26,,147
Chiswick Health Practice,2025-02-02,,147
Chiswick Health Practice,2025-02-09,,147
Chiswick Health Practice,2025-02-16,,147
Chiswick Health Practice,2025-02-23,,147
Chiswick Health Practice,2025-03-02,1,148
Chiswick Health Practice,2025-03-09,,148
Chiswick Health Practice,2025-03-16,,148
Chiswick Health Practice,2025-03-23,1,149
Chiswick Health Practice,2025-03-30,,149
Chiswick Health Practice,2025-04-06,,149
Chiswick Health Practice,2025-04-13,,149
Chiswick Health Practice,2025-04-20,,149
Chiswick Health Practice,2025-04-27,,149
Chiswick Health Practice,2025-05-04,,149
Chiswick Health Practice,2025-05-11,,149
Chiswick Health Practice,2025-05-18,,149
Chiswick Health Practice,2025-05-25,,149
Chiswick Health Practice,2025-06-01,,149
Chiswick Health Practice,2025-06-08,,149
Chiswick Health Practice,2025-06-15,,149
Chiswick Health Practice,2025-06-22,,149
Chiswick Health Practice,2025-06-29,,149
Chiswick Health Practice,2025-07-06,,149
Chiswick Health Practice,2025-07-13,,149
Chiswick Health Practice,2025-07-20,,149
Chiswick Health Practice,2025-07-27,,149
Chiswick Health Practice,2025-08-03,,149
Chiswick Health Practice,2025-08-10,,149
Chiswick Health Practice,2025-08-17,,149
Chiswick Health Practice,2025-08-24,,149
Chiswick Health Practice,2025-08-31,,149
Chiswick Health Practice,2025-09-07,,149
Chiswick Health Practice,2025-09-14,,149
Chiswick Health Practice,2025-09-21,,149
Chiswick Health Practice,2025-09-28,,149
Chiswick Health Practice,2025-10-05,,149
Chiswick Health Practice,2025-10-12,,149
Chiswick Health Practice,2025-10-19,,149
Chiswick Health Practice,2025-10-26,,149
Chiswick Health Practice,2025-11-02,,149
Chiswick Health Practice,2025-11-09,,149
Chiswick Health Practice,2025-11-16,,149
Chiswick Health Practice,2025-11-23,,149
Chiswick Health Practice,2025-11-30,,149
Chiswick Health Practice,2025-12-07,,149
Chiswick Health Practice,2025-12-14,,149
Chiswick Health Practice,2025-12-21,,149
Chiswick Health Practice,2025-12-28,,149
Chiswick Health Practice,2026-01-04,,149
Chiswick Health Practice,2026-01-11,,149
Chiswick Health Practice,2026-01-18,2,151
Chiswick Health Practice,2026-01-25,,151
Chiswick Health Practice,2026-02-01,,151
Chiswick Health Practice,2026-02-08,,151
Chiswick Health Practice,2026-02-15,,151
Chiswick Health Practice,2026-02-22,,151
Chiswick Health Practice,2026-03-01,,151
Chiswick Health Practice,2026-03-08,,151
Chiswick Health Practice,2026-03-15,,151
Chiswick Health Practice,2026-03-22,,151
Chiswick Health Practice,2026-03-29,,151
Chiswick Health Practice,2026-04-05,,151
Chiswick Health Practice,2026-04-12,,151
Chiswick Health Practice,2026-04-19,,151
Chiswick Health Practice,2026-04-26,,151
Chiswick Health Practice,2026-05-03,,151
Chiswick Health Practice,2026-05-10,,151
Chiswick Health Practice,2026-05-17,,151
Chiswick Health Practice,2026-05-24,,151
Chiswick Health Practice,2026-05-31,,151
Chiswick Health Practice,2026-06-07,,151
Church End Medical Centre,2023-10-08,,0
Church End Medical Centre,2023-11-05,,0
Church End Medical Centre,2023-11-12,25,25
Church End Medical Centre,2023-11-19,19,44
Church End Medical Centre,2023-11-26,3,47
Church End Medical Centre,2023-12-03,1,48
Church End Medical Centre,2023-12-10,3,51
Church End Medical Centre,2023-12-17,,51
Church End Medical Centre,2023-12-24,2,53
Church End Medical Centre,2023-12-31,,53
Church End Medical Centre,2024-01-07,1,54
Church End Medical Centre,2024-01-14,1,55
Church End Medical Centre,2024-01-21,16,71
Church End Medical Centre,2024-01-28,14,85
Church End Medical Centre,2024-02-04,7,92
Church End Medical Centre,2024-02-11,7,99
Church End Medical Centre,2024-02-18,8,107
Church End Medical Centre,2024-02-25,5,112
Church End Medical Centre,2024-03-03,2,114
Church End Medical Centre,2024-03-10,1,115
Church End Medical Centre,2024-03-17,,115
Church End Medical Centre,2024-03-24,1,116
Church End Medical Centre,2024-03-31,,116
Church End Medical Centre,2024-04-07,1,117
Church End Medical Centre,2024-04-14,1,118
Church End Medical Centre,2024-04-21,,118
Church End Medical Centre,2024-04-28,,118
Church End Medical Centre,2024-05-05,,118
Church End Medical Centre,2024-05-12,,118
Church End Medical Centre,2024-05-19,,118
Church End Medical Centre,2024-05-26,,118
Church End Medical Centre,2024-06-02,,118
Church End Medical Centre,2024-06-09,,118
Church End Medical Centre,2024-06-16,1,119
Church End Medical Centre,2024-06-23,1,120
Church End Medical Centre,2024-06-30,,120
Church End Medical Centre,2024-07-07,2,122
Church End Medical Centre,2024-07-14,,122
Church End Medical Centre,2024-07-21,,122
Church End Medical Centre,2024-07-28,,122
Church End Medical Centre,2024-08-04,2,124
Church End Medical Centre,2024-08-11,2,126
Church End Medical Centre,2024-08-18,,126
Church End Medical Centre,2024-08-25,2,128
Church End Medical Centre,2024-09-01,,128
Church End Medical Centre,2024-09-08,,128
Church End Medical Centre,2024-09-15,,128
Church End Medical Centre,2024-09-22,,128
Church End Medical Centre,2024-09-29,,128
Church End Medical Centre,2024-10-06,,128
Church End Medical Centre,2024-10-13,,128
Church End Medical Centre,2024-10-20,,128
Church End Medical Centre,2024-10-27,,128
Church End Medical Centre,2024-11-03,,128
Church End Medical Centre,2024-11-10,,128
Church End Medical Centre,2024-11-17,,128
Church End Medical Centre,2024-11-24,,128
Church End Medical Centre,2024-12-01,,128
Church End Medical Centre,2024-12-08,,128
Church End Medical Centre,2024-12-15,,128
Church End Medical Centre,2024-12-22,,128
Church End Medical Centre,2024-12-29,,128
Church End Medical Centre,2025-01-05,,128
Church End Medical Centre,2025-01-12,,128
Church End Medical Centre,2025-01-19,,128
Church End Medical Centre,2025-01-26,,128
Church End Medical Centre,2025-02-02,,128
Church End Medical Centre,2025-02-09,,128
Church End Medical Centre,2025-02-16,,128
Church End Medical Centre,2025-02-23,,128
Church End Medical Centre,2025-03-02,,128
Church End Medical Centre,2025-03-09,,128
Church End Medical Centre,2025-03-16,,128
Church End Medical Centre,2025-03-23,,128
Church End Medical Centre,2025-03-30,,128
Church End Medical Centre,2025-04-06,,128
Church End Medical Centre,2025-04-13,,128
Church End Medical Centre,2025-04-20,,128
Church End Medical Centre,2025-04-27,,128
Church End Medical Centre,2025-05-04,,128
Church End Medical Centre,2025-05-11,,128
Church End Medical Centre,2025-05-18,,128
Church End Medical Centre,2025-05-25,,128
Church End Medical Centre,2025-06-01,,128
Church End Medical Centre,2025-06-08,,128
Church End Medical Centre,2025-06-15,,128
Church End Medical Centre,2025-06-22,,128
Church End Medical Centre,2025-06-29,,128
Church End Medical Centre,2025-07-06,,128
Church End Medical Centre,2025-07-13,,128
Church End Medical Centre,2025-07-20,,128
Church End Medical Centre,2025-07-27,,128
Church End Medical Centre,2025-08-03,,128
Church End Medical Centre,2025-08-10,,128
Church End Medical Centre,2025-08-17,,128
Church End Medical Centre,2025-08-24,,128
Church End Medical Centre,2025-08-31,,128
Church End Medical Centre,2025-09-07,,128
Church End Medical Centre,2025-09-14,,128
Church End Medical Centre,2025-09-21,,128
Church End Medical Centre,2025-09-28,,128
Church End Medical Centre,2025-10-05,,128
Church End Medical Centre,2025-10-12,,128
Church End Medical Centre,2025-10-19,,128
Church End Medical Centre,2025-10-26,,128
Church End Medical Centre,2025-11-02,,128
Church End Medical Centre,2025-11-09,,128
Church End Medical Centre,2025-11-16,,128
Church End Medical Centre,2025-11-23,,128
Church End Medical Centre,2025-11-30,,128
Church End Medical Centre,2025-12-07,,128
Church End Medical Centre,2025-12-14,,128
Church End Medical Centre,2025-12-21,,128
Church End Medical Centre,2025-12-28,,128
Church End Medical Centre,2026-01-04,,128
Church End Medical Centre,2026-01-11,,128
Church End Medical Centre,2026-01-18,,128
Church End Medical Centre,2026-01-25,,128
Church End Medical Centre,2026-02-01,,128
Church End Medical Centre,2026-02-08,,128
Church End Medical Centre,2026-02-15,,128
Church End Medical Centre,2026-02-22,,128
Church End Medical Centre,2026-03-01,,128
Church End Medical Centre,2026-03-08,,128
Church End Medical Centre,2026-03-15,,128
Church End Medical Centre,2026-03-22,,128
Church End Medical Centre,2026-03-29,,128
Church End Medical Centre,2026-04-05,,128
Church End Medical Centre,2026-04-12,,128
Church End Medical Centre,2026-04-19,,128
Church End Medical Centre,2026-04-26,,128
Church End Medical Centre,2026-05-03,,128
Church End Medical Centre,2026-05-10,,128
Church End Medical Centre,2026-05-17,,128
Church End Medical Centre,2026-05-24,,128
Church End Medical Centre,2026-05-31,,128
Church End Medical Centre,2026-06-07,,128
Church Lane Surgery,2023-10-08,,0
Church Lane Surgery,2023-11-05,,0
Church Lane Surgery,2023-11-12,,0
Church Lane Surgery,2023-11-19,7,7
Church Lane Surgery,2023-11-26,3,10
Church Lane Surgery,2023-12-03,3,13
Church Lane Surgery,2023-12-10,3,16
Church Lane Surgery,2023-12-17,2,18
Church Lane Surgery,2023-12-24,,18
Church Lane Surgery,2023-12-31,1,19
Church Lane Surgery,2024-01-07,,19
Church Lane Surgery,2024-01-14,5,24
Church Lane Surgery,2024-01-21,3,27
Church Lane Surgery,2024-01-28,3,30
Church Lane Surgery,2024-02-04,2,32
Church Lane Surgery,2024-02-11,5,37
Church Lane Surgery,2024-02-18,,37
Church Lane Surgery,2024-02-25,28,65
Church Lane Surgery,2024-03-03,21,86
Church Lane Surgery,2024-03-10,9,95
Church Lane Surgery,2024-03-17,15,110
Church Lane Surgery,2024-03-24,7,117
Church Lane Surgery,2024-03-31,10,127
Church Lane Surgery,2024-04-07,4,131
Church Lane Surgery,2024-04-14,2,133
Church Lane Surgery,2024-04-21,5,138
Church Lane Surgery,2024-04-28,9,147
Church Lane Surgery,2024-05-05,5,152
Church Lane Surgery,2024-05-12,1,153
Church Lane Surgery,2024-05-19,2,155
Church Lane Surgery,2024-05-26,,155
Church Lane Surgery,2024-06-02,,155
Church Lane Surgery,2024-06-09,2,157
Church Lane Surgery,2024-06-16,5,162
Church Lane Surgery,2024-06-23,4,166
Church Lane Surgery,2024-06-30,4,170
Church Lane Surgery,2024-07-07,8,178
Church Lane Surgery,2024-07-14,4,182
Church Lane Surgery,2024-07-21,8,190
Church Lane Surgery,2024-07-28,6,196
Church Lane Surgery,2024-08-04,1,197
Church Lane Surgery,2024-08-11,5,202
Church Lane Surgery,2024-08-18,10,212
Church Lane Surgery,2024-08-25,,212
Church Lane Surgery,2024-09-01,,212
Church Lane Surgery,2024-09-08,5,217
Church Lane Surgery,2024-09-15,5,222
Church Lane Surgery,2024-09-22,11,233
Church Lane Surgery,2024-09-29,6,239
Church Lane Surgery,2024-10-06,12,251
Church Lane Surgery,2024-10-13,4,255
Church Lane Surgery,2024-10-20,4,259
Church Lane Surgery,2024-10-27,1,260
Church Lane Surgery,2024-11-03,,260
Church Lane Surgery,2024-11-10,2,262
Church Lane Surgery,2024-11-17,6,268
Church Lane Surgery,2024-11-24,5,273
Church Lane Surgery,2024-12-01,4,277
Church Lane Surgery,2024-12-08,4,281
Church Lane Surgery,2024-12-15,2,283
Church Lane Surgery,2024-12-22,2,285
Church Lane Surgery,2024-12-29,,285
Church Lane Surgery,2025-01-05,2,287
Church Lane Surgery,2025-01-12,4,291
Church Lane Surgery,2025-01-19,4,295
Church Lane Surgery,2025-01-26,4,299
Church Lane Surgery,2025-02-02,6,305
Church Lane Surgery,2025-02-09,6,311
Church Lane Surgery,2025-02-16,2,313
Church Lane Surgery,2025-02-23,2,315
Church Lane Surgery,2025-03-02,,315
Church Lane Surgery,2025-03-09,15,330
Church Lane Surgery,2025-03-16,46,376
Church Lane Surgery,2025-03-23,57,433
Church Lane Surgery,2025-03-30,34,467
Church Lane Surgery,2025-04-06,5,472
Church Lane Surgery,2025-04-13,7,479
Church Lane Surgery,2025-04-20,12,491
Church Lane Surgery,2025-04-27,10,501
Church Lane Surgery,2025-05-04,17,518
Church Lane Surgery,2025-05-11,2,520
Church Lane Surgery,2025-05-18,1,521
Church Lane Surgery,2025-05-25,2,523
Church Lane Surgery,2025-06-01,2,525
Church Lane Surgery,2025-06-08,3,528
Church Lane Surgery,2025-06-15,,528
Church Lane Surgery,2025-06-22,,528
Church Lane Surgery,2025-06-29,,528
Church Lane Surgery,2025-07-06,2,530
Church Lane Surgery,2025-07-13,,530
Church Lane Surgery,2025-07-20,,530
Church Lane Surgery,2025-07-27,2,532
Church Lane Surgery,2025-08-03,2,534
Church Lane Surgery,2025-08-10,2,536
Church Lane Surgery,2025-08-17,,536
Church Lane Surgery,2025-08-24,,536
Church Lane Surgery,2025-08-31,,536
Church Lane Surgery,2025-09-07,1,537
Church Lane Surgery,2025-09-14,4,541
Church Lane Surgery,2025-09-21,2,543
Church Lane Surgery,2025-09-28,3,546
Church Lane Surgery,2025-10-05,2,548
Church Lane Surgery,2025-10-12,5,553
Church Lane Surgery,2025-10-19,5,558
Church Lane Surgery,2025-10-26,,558
Church Lane Surgery,2025-11-02,,558
Church Lane Surgery,2025-11-09,1,559
Church Lane Surgery,2025-11-16,,559
Church Lane Surgery,2025-11-23,2,561
Church Lane Surgery,2025-11-30,4,565
Church Lane Surgery,2025-12-07,5,570
Church Lane Surgery,2025-12-14,,570
Church Lane Surgery,2025-12-21,,570
Church Lane Surgery,2025-12-28,1,571
Church Lane Surgery,2026-01-04,3,574
Church Lane Surgery,2026-01-11,9,583
Church Lane Surgery,2026-01-18,5,588
Church Lane Surgery,2026-01-25,,588
Church Lane Surgery,2026-02-01,1,589
Church Lane Surgery,2026-02-08,3,592
Church Lane Surgery,2026-02-15,7,599
Church Lane Surgery,2026-02-22,,599
Church Lane Surgery,2026-03-01,,599
Church Lane Surgery,2026-03-08,3,602
Church Lane Surgery,2026-03-15,54,656
Church Lane Surgery,2026-03-22,90,746
Church Lane Surgery,2026-03-29,49,795
Church Lane Surgery,2026-04-05,20,815
Church Lane Surgery,2026-04-12,14,829
Church Lane Surgery,2026-04-19,18,847
Church Lane Surgery,2026-04-26,17,864
Church Lane Surgery,2026-05-03,10,874
Church Lane Surgery,2026-05-10,4,878
Church Lane Surgery,2026-05-17,9,887
Church Lane Surgery,2026-05-24,1,888
Church Lane Surgery,2026-05-31,2,890
Church Lane Surgery,2026-06-07,3,893
Civic Medical Centre,2023-10-08,,0
Civic Medical Centre,2023-11-05,2,2
Civic Medical Centre,2023-11-12,3,5
Civic Medical Centre,2023-11-19,1,6
Civic Medical Centre,2023-11-26,2,8
Civic Medical Centre,2023-12-03,,8
Civic Medical Centre,2023-12-10,,8
Civic Medical Centre,2023-12-17,,8
Civic Medical Centre,2023-12-24,,8
Civic Medical Centre,2023-12-31,,8
Civic Medical Centre,2024-01-07,,8
Civic Medical Centre,2024-01-14,,8
Civic Medical Centre,2024-01-21,,8
Civic Medical Centre,2024-01-28,,8
Civic Medical Centre,2024-02-04,,8
Civic Medical Centre,2024-02-11,,8
Civic Medical Centre,2024-02-18,,8
Civic Medical Centre,2024-02-25,,8
Civic Medical Centre,2024-03-03,,8
Civic Medical Centre,2024-03-10,,8
Civic Medical Centre,2024-03-17,,8
Civic Medical Centre,2024-03-24,,8
Civic Medical Centre,2024-03-31,,8
Civic Medical Centre,2024-04-07,,8
Civic Medical Centre,2024-04-14,,8
Civic Medical Centre,2024-04-21,,8
Civic Medical Centre,2024-04-28,,8
Civic Medical Centre,2024-05-05,,8
Civic Medical Centre,2024-05-12,,8
Civic Medical Centre,2024-05-19,,8
Civic Medical Centre,2024-05-26,,8
Civic Medical Centre,2024-06-02,,8
Civic Medical Centre,2024-06-09,,8
Civic Medical Centre,2024-06-16,,8
Civic Medical Centre,2024-06-23,,8
Civic Medical Centre,2024-06-30,,8
Civic Medical Centre,2024-07-07,,8
Civic Medical Centre,2024-07-14,,8
Civic Medical Centre,2024-07-21,,8
Civic Medical Centre,2024-07-28,,8
Civic Medical Centre,2024-08-04,,8
Civic Medical Centre,2024-08-11,,8
Civic Medical Centre,2024-08-18,,8
Civic Medical Centre,2024-08-25,,8
Civic Medical Centre,2024-09-01,,8
Civic Medical Centre,2024-09-08,,8
Civic Medical Centre,2024-09-15,,8
Civic Medical Centre,2024-09-22,,8
Civic Medical Centre,2024-09-29,,8
Civic Medical Centre,2024-10-06,,8
Civic Medical Centre,2024-10-13,,8
Civic Medical Centre,2024-10-20,,8
Civic Medical Centre,2024-10-27,,8
Civic Medical Centre,2024-11-03,,8
Civic Medical Centre,2024-11-10,,8
Civic Medical Centre,2024-11-17,,8
Civic Medical Centre,2024-11-24,,8
Civic Medical Centre,2024-12-01,,8
Civic Medical Centre,2024-12-08,,8
Civic Medical Centre,2024-12-15,,8
Civic Medical Centre,2024-12-22,,8
Civic Medical Centre,2024-12-29,,8
Civic Medical Centre,2025-01-05,,8
Civic Medical Centre,2025-01-12,,8
Civic Medical Centre,2025-01-19,,8
Civic Medical Centre,2025-01-26,,8
Civic Medical Centre,2025-02-02,,8
Civic Medical Centre,2025-02-09,,8
Civic Medical Centre,2025-02-16,,8
Civic Medical Centre,2025-02-23,,8
Civic Medical Centre,2025-03-02,,8
Civic Medical Centre,2025-03-09,,8
Civic Medical Centre,2025-03-16,,8
Civic Medical Centre,2025-03-23,,8
Civic Medical Centre,2025-03-30,,8
Civic Medical Centre,2025-04-06,,8
Civic Medical Centre,2025-04-13,,8
Civic Medical Centre,2025-04-20,,8
Civic Medical Centre,2025-04-27,,8
Civic Medical Centre,2025-05-04,,8
Civic Medical Centre,2025-05-11,,8
Civic Medical Centre,2025-05-18,,8
Civic Medical Centre,2025-05-25,,8
Civic Medical Centre,2025-06-01,,8
Civic Medical Centre,2025-06-08,,8
Civic Medical Centre,2025-06-15,,8
Civic Medical Centre,2025-06-22,,8
Civic Medical Centre,2025-06-29,,8
Civic Medical Centre,2025-07-06,,8
Civic Medical Centre,2025-07-13,,8
Civic Medical Centre,2025-07-20,,8
Civic Medical Centre,2025-07-27,,8
Civic Medical Centre,2025-08-03,,8
Civic Medical Centre,2025-08-10,,8
Civic Medical Centre,2025-08-17,,8
Civic Medical Centre,2025-08-24,,8
Civic Medical Centre,2025-08-31,,8
Civic Medical Centre,2025-09-07,,8
Civic Medical Centre,2025-09-14,,8
Civic Medical Centre,2025-09-21,,8
Civic Medical Centre,2025-09-28,,8
Civic Medical Centre,2025-10-05,,8
Civic Medical Centre,2025-10-12,,8
Civic Medical Centre,2025-10-19,,8
Civic Medical Centre,2025-10-26,,8
Civic Medical Centre,2025-11-02,,8
Civic Medical Centre,2025-11-09,,8
Civic Medical Centre,2025-11-16,,8
Civic Medical Centre,2025-11-23,,8
Civic Medical Centre,2025-11-30,,8
Civic Medical Centre,2025-12-07,,8
Civic Medical Centre,2025-12-14,,8
Civic Medical Centre,2025-12-21,,8
Civic Medical Centre,2025-12-28,,8
Civic Medical Centre,2026-01-04,,8
Civic Medical Centre,2026-01-11,,8
Civic Medical Centre,2026-01-18,,8
Civic Medical Centre,2026-01-25,,8
Civic Medical Centre,2026-02-01,,8
Civic Medical Centre,2026-02-08,,8
Civic Medical Centre,2026-02-15,,8
Civic Medical Centre,2026-02-22,,8
Civic Medical Centre,2026-03-01,,8
Civic Medical Centre,2026-03-08,,8
Civic Medical Centre,2026-03-15,,8
Civic Medical Centre,2026-03-22,,8
Civic Medical Centre,2026-03-29,,8
Civic Medical Centre,2026-04-05,,8
Civic Medical Centre,2026-04-12,,8
Civic Medical Centre,2026-04-19,,8
Civic Medical Centre,2026-04-26,,8
Civic Medical Centre,2026-05-03,,8
Civic Medical Centre,2026-05-10,,8
Civic Medical Centre,2026-05-17,,8
Civic Medical Centre,2026-05-24,,8
Civic Medical Centre,2026-05-31,,8
Civic Medical Centre,2026-06-07,,8
Crosslands Surgery,2023-10-08,,0
Crosslands Surgery,2023-11-05,,0
Crosslands Surgery,2023-11-12,,0
Crosslands Surgery,2023-11-19,,0
Crosslands Surgery,2023-11-26,,0
Crosslands Surgery,2023-12-03,,0
Crosslands Surgery,2023-12-10,,0
Crosslands Surgery,2023-12-17,,0
Crosslands Surgery,2023-12-24,,0
Crosslands Surgery,2023-12-31,,0
Crosslands Surgery,2024-01-07,,0
Crosslands Surgery,2024-01-14,,0
Crosslands Surgery,2024-01-21,,0
Crosslands Surgery,2024-01-28,,0
Crosslands Surgery,2024-02-04,,0
Crosslands Surgery,2024-02-11,,0
Crosslands Surgery,2024-02-18,,0
Crosslands Surgery,2024-02-25,,0
Crosslands Surgery,2024-03-03,,0
Crosslands Surgery,2024-03-10,,0
Crosslands Surgery,2024-03-17,,0
Crosslands Surgery,2024-03-24,,0
Crosslands Surgery,2024-03-31,,0
Crosslands Surgery,2024-04-07,,0
Crosslands Surgery,2024-04-14,,0
Crosslands Surgery,2024-04-21,,0
Crosslands Surgery,2024-04-28,,0
Crosslands Surgery,2024-05-05,,0
Crosslands Surgery,2024-05-12,,0
Crosslands Surgery,2024-05-19,,0
Crosslands Surgery,2024-05-26,,0
Crosslands Surgery,2024-06-02,,0
Crosslands Surgery,2024-06-09,,0
Crosslands Surgery,2024-06-16,37,37
Crosslands Surgery,2024-06-23,22,59
Crosslands Surgery,2024-06-30,20,79
Crosslands Surgery,2024-07-07,16,95
Crosslands Surgery,2024-07-14,19,114
Crosslands Surgery,2024-07-21,10,124
Crosslands Surgery,2024-07-28,6,130
Crosslands Surgery,2024-08-04,12,142
Crosslands Surgery,2024-08-11,6,148
Crosslands Surgery,2024-08-18,11,159
Crosslands Surgery,2024-08-25,4,163
Crosslands Surgery,2024-09-01,9,172
Crosslands Surgery,2024-09-08,7,179
Crosslands Surgery,2024-09-15,5,184
Crosslands Surgery,2024-09-22,5,189
Crosslands Surgery,2024-09-29,6,195
Crosslands Surgery,2024-10-06,13,208
Crosslands Surgery,2024-10-13,5,213
Crosslands Surgery,2024-10-20,5,218
Crosslands Surgery,2024-10-27,12,230
Crosslands Surgery,2024-11-03,1,231
Crosslands Surgery,2024-11-10,7,238
Crosslands Surgery,2024-11-17,2,240
Crosslands Surgery,2024-11-24,19,259
Crosslands Surgery,2024-12-01,15,274
Crosslands Surgery,2024-12-08,16,290
Crosslands Surgery,2024-12-15,8,298
Crosslands Surgery,2024-12-22,25,323
Crosslands Surgery,2024-12-29,3,326
Crosslands Surgery,2025-01-05,18,344
Crosslands Surgery,2025-01-12,4,348
Crosslands Surgery,2025-01-19,5,353
Crosslands Surgery,2025-01-26,,353
Crosslands Surgery,2025-02-02,3,356
Crosslands Surgery,2025-02-09,2,358
Crosslands Surgery,2025-02-16,3,361
Crosslands Surgery,2025-02-23,2,363
Crosslands Surgery,2025-03-02,,363
Crosslands Surgery,2025-03-09,4,367
Crosslands Surgery,2025-03-16,7,374
Crosslands Surgery,2025-03-23,2,376
Crosslands Surgery,2025-03-30,10,386
Crosslands Surgery,2025-04-06,4,390
Crosslands Surgery,2025-04-13,1,391
Crosslands Surgery,2025-04-20,4,395
Crosslands Surgery,2025-04-27,2,397
Crosslands Surgery,2025-05-04,2,399
Crosslands Surgery,2025-05-11,,399
Crosslands Surgery,2025-05-18,4,403
Crosslands Surgery,2025-05-25,6,409
Crosslands Surgery,2025-06-01,5,414
Crosslands Surgery,2025-06-08,3,417
Crosslands Surgery,2025-06-15,,417
Crosslands Surgery,2025-06-22,4,421
Crosslands Surgery,2025-06-29,13,434
Crosslands Surgery,2025-07-06,3,437
Crosslands Surgery,2025-07-13,4,441
Crosslands Surgery,2025-07-20,5,446
Crosslands Surgery,2025-07-27,6,452
Crosslands Surgery,2025-08-03,16,468
Crosslands Surgery,2025-08-10,3,471
Crosslands Surgery,2025-08-17,,471
Crosslands Surgery,2025-08-24,6,477
Crosslands Surgery,2025-08-31,3,480
Crosslands Surgery,2025-09-07,14,494
Crosslands Surgery,2025-09-14,6,500
Crosslands Surgery,2025-09-21,1,501
Crosslands Surgery,2025-09-28,2,503
Crosslands Surgery,2025-10-05,3,506
Crosslands Surgery,2025-10-12,4,510
Crosslands Surgery,2025-10-19,3,513
Crosslands Surgery,2025-10-26,,513
Crosslands Surgery,2025-11-02,2,515
Crosslands Surgery,2025-11-09,1,516
Crosslands Surgery,2025-11-16,,516
Crosslands Surgery,2025-11-23,1,517
Crosslands Surgery,2025-11-30,5,522
Crosslands Surgery,2025-12-07,2,524
Crosslands Surgery,2025-12-14,7,531
Crosslands Surgery,2025-12-21,,531
Crosslands Surgery,2025-12-28,5,536
Crosslands Surgery,2026-01-04,11,547
Crosslands Surgery,2026-01-11,1,548
Crosslands Surgery,2026-01-18,3,551
Crosslands Surgery,2026-01-25,6,557
Crosslands Surgery,2026-02-01,2,559
Crosslands Surgery,2026-02-08,3,562
Crosslands Surgery,2026-02-15,7,569
Crosslands Surgery,2026-02-22,4,573
Crosslands Surgery,2026-03-01,5,578
Crosslands Surgery,2026-03-08,2,580
Crosslands Surgery,2026-03-15,2,582
Crosslands Surgery,2026-03-22,8,590
Crosslands Surgery,2026-03-29,,590
Crosslands Surgery,2026-04-05,3,593
Crosslands Surgery,2026-04-12,,593
Crosslands Surgery,2026-04-19,2,595
Crosslands Surgery,2026-04-26,1,596
Crosslands Surgery,2026-05-03,5,601
Crosslands Surgery,2026-05-10,2,603
Crosslands Surgery,2026-05-17,2,605
Crosslands Surgery,2026-05-24,2,607
Crosslands Surgery,2026-05-31,,607
Crosslands Surgery,2026-06-07,1,608
Cuckoo Lane Practice,2023-10-08,,0
Cuckoo Lane Practice,2023-11-05,,0
Cuckoo Lane Practice,2023-11-12,,0
Cuckoo Lane Practice,2023-11-19,,0
Cuckoo Lane Practice,2023-11-26,,0
Cuckoo Lane Practice,2023-12-03,,0
Cuckoo Lane Practice,2023-12-10,,0
Cuckoo Lane Practice,2023-12-17,,0
Cuckoo Lane Practice,2023-12-24,,0
Cuckoo Lane Practice,2023-12-31,,0
Cuckoo Lane Practice,2024-01-07,,0
Cuckoo Lane Practice,2024-01-14,,0
Cuckoo Lane Practice,2024-01-21,,0
Cuckoo Lane Practice,2024-01-28,,0
Cuckoo Lane Practice,2024-02-04,,0
Cuckoo Lane Practice,2024-02-11,,0
Cuckoo Lane Practice,2024-02-18,,0
Cuckoo Lane Practice,2024-02-25,4,4
Cuckoo Lane Practice,2024-03-03,,4
Cuckoo Lane Practice,2024-03-10,,4
Cuckoo Lane Practice,2024-03-17,1,5
Cuckoo Lane Practice,2024-03-24,1,6
Cuckoo Lane Practice,2024-03-31,,6
Cuckoo Lane Practice,2024-04-07,2,8
Cuckoo Lane Practice,2024-04-14,1,9
Cuckoo Lane Practice,2024-04-21,,9
Cuckoo Lane Practice,2024-04-28,,9
Cuckoo Lane Practice,2024-05-05,1,10
Cuckoo Lane Practice,2024-05-12,,10
Cuckoo Lane Practice,2024-05-19,,10
Cuckoo Lane Practice,2024-05-26,,10
Cuckoo Lane Practice,2024-06-02,1,11
Cuckoo Lane Practice,2024-06-09,,11
Cuckoo Lane Practice,2024-06-16,,11
Cuckoo Lane Practice,2024-06-23,,11
Cuckoo Lane Practice,2024-06-30,,11
Cuckoo Lane Practice,2024-07-07,,11
Cuckoo Lane Practice,2024-07-14,,11
Cuckoo Lane Practice,2024-07-21,,11
Cuckoo Lane Practice,2024-07-28,,11
Cuckoo Lane Practice,2024-08-04,,11
Cuckoo Lane Practice,2024-08-11,,11
Cuckoo Lane Practice,2024-08-18,,11
Cuckoo Lane Practice,2024-08-25,,11
Cuckoo Lane Practice,2024-09-01,,11
Cuckoo Lane Practice,2024-09-08,,11
Cuckoo Lane Practice,2024-09-15,,11
Cuckoo Lane Practice,2024-09-22,,11
Cuckoo Lane Practice,2024-09-29,,11
Cuckoo Lane Practice,2024-10-06,2,13
Cuckoo Lane Practice,2024-10-13,,13
Cuckoo Lane Practice,2024-10-20,,13
Cuckoo Lane Practice,2024-10-27,3,16
Cuckoo Lane Practice,2024-11-03,,16
Cuckoo Lane Practice,2024-11-10,3,19
Cuckoo Lane Practice,2024-11-17,,19
Cuckoo Lane Practice,2024-11-24,,19
Cuckoo Lane Practice,2024-12-01,,19
Cuckoo Lane Practice,2024-12-08,,19
Cuckoo Lane Practice,2024-12-15,,19
Cuckoo Lane Practice,2024-12-22,,19
Cuckoo Lane Practice,2024-12-29,,19
Cuckoo Lane Practice,2025-01-05,,19
Cuckoo Lane Practice,2025-01-12,,19
Cuckoo Lane Practice,2025-01-19,,19
Cuckoo Lane Practice,2025-01-26,,19
Cuckoo Lane Practice,2025-02-02,,19
Cuckoo Lane Practice,2025-02-09,,19
Cuckoo Lane Practice,2025-02-16,,19
Cuckoo Lane Practice,2025-02-23,,19
Cuckoo Lane Practice,2025-03-02,,19
Cuckoo Lane Practice,2025-03-09,,19
Cuckoo Lane Practice,2025-03-16,,19
Cuckoo Lane Practice,2025-03-23,,19
Cuckoo Lane Practice,2025-03-30,,19
Cuckoo Lane Practice,2025-04-06,,19
Cuckoo Lane Practice,2025-04-13,,19
Cuckoo Lane Practice,2025-04-20,,19
Cuckoo Lane Practice,2025-04-27,,19
Cuckoo Lane Practice,2025-05-04,4,23
Cuckoo Lane Practice,2025-05-11,,23
Cuckoo Lane Practice,2025-05-18,6,29
Cuckoo Lane Practice,2025-05-25,,29
Cuckoo Lane Practice,2025-06-01,,29
Cuckoo Lane Practice,2025-06-08,2,31
Cuckoo Lane Practice,2025-06-15,1,32
Cuckoo Lane Practice,2025-06-22,4,36
Cuckoo Lane Practice,2025-06-29,,36
Cuckoo Lane Practice,2025-07-06,1,37
Cuckoo Lane Practice,2025-07-13,1,38
Cuckoo Lane Practice,2025-07-20,7,45
Cuckoo Lane Practice,2025-07-27,6,51
Cuckoo Lane Practice,2025-08-03,,51
Cuckoo Lane Practice,2025-08-10,,51
Cuckoo Lane Practice,2025-08-17,,51
Cuckoo Lane Practice,2025-08-24,,51
Cuckoo Lane Practice,2025-08-31,,51
Cuckoo Lane Practice,2025-09-07,,51
Cuckoo Lane Practice,2025-09-14,,51
Cuckoo Lane Practice,2025-09-21,,51
Cuckoo Lane Practice,2025-09-28,,51
Cuckoo Lane Practice,2025-10-05,10,61
Cuckoo Lane Practice,2025-10-12,,61
Cuckoo Lane Practice,2025-10-19,,61
Cuckoo Lane Practice,2025-10-26,,61
Cuckoo Lane Practice,2025-11-02,4,65
Cuckoo Lane Practice,2025-11-09,,65
Cuckoo Lane Practice,2025-11-16,,65
Cuckoo Lane Practice,2025-11-23,,65
Cuckoo Lane Practice,2025-11-30,,65
Cuckoo Lane Practice,2025-12-07,,65
Cuckoo Lane Practice,2025-12-14,,65
Cuckoo Lane Practice,2025-12-21,,65
Cuckoo Lane Practice,2025-12-28,,65
Cuckoo Lane Practice,2026-01-04,,65
Cuckoo Lane Practice,2026-01-11,,65
Cuckoo Lane Practice,2026-01-18,,65
Cuckoo Lane Practice,2026-01-25,,65
Cuckoo Lane Practice,2026-02-01,,65
Cuckoo Lane Practice,2026-02-08,,65
Cuckoo Lane Practice,2026-02-15,,65
Cuckoo Lane Practice,2026-02-22,,65
Cuckoo Lane Practice,2026-03-01,,65
Cuckoo Lane Practice,2026-03-08,,65
Cuckoo Lane Practice,2026-03-15,,65
Cuckoo Lane Practice,2026-03-22,,65
Cuckoo Lane Practice,2026-03-29,,65
Cuckoo Lane Practice,2026-04-05,,65
Cuckoo Lane Practice,2026-04-12,,65
Cuckoo Lane Practice,2026-04-19,1,66
Cuckoo Lane Practice,2026-04-26,,66
Cuckoo Lane Practice,2026-05-03,,66
Cuckoo Lane Practice,2026-05-10,,66
Cuckoo Lane Practice,2026-05-17,,66
Cuckoo Lane Practice,2026-05-24,,66
Cuckoo Lane Practice,2026-05-31,,66
Cuckoo Lane Practice,2026-06-07,,66
Earls Court Surgery,2023-10-08,,0
Earls Court Surgery,2023-11-05,23,23
Earls Court Surgery,2023-11-12,4,27
Earls Court Surgery,2023-11-19,5,32
Earls Court Surgery,2023-11-26,4,36
Earls Court Surgery,2023-12-03,3,39
Earls Court Surgery,2023-12-10,9,48
Earls Court Surgery,2023-12-17,3,51
Earls Court Surgery,2023-12-24,1,52
Earls Court Surgery,2023-12-31,2,54
Earls Court Surgery,2024-01-07,2,56
Earls Court Surgery,2024-01-14,3,59
Earls Court Surgery,2024-01-21,1,60
Earls Court Surgery,2024-01-28,3,63
Earls Court Surgery,2024-02-04,5,68
Earls Court Surgery,2024-02-11,2,70
Earls Court Surgery,2024-02-18,,70
Earls Court Surgery,2024-02-25,2,72
Earls Court Surgery,2024-03-03,5,77
Earls Court Surgery,2024-03-10,3,80
Earls Court Surgery,2024-03-17,4,84
Earls Court Surgery,2024-03-24,4,88
Earls Court Surgery,2024-03-31,3,91
Earls Court Surgery,2024-04-07,4,95
Earls Court Surgery,2024-04-14,1,96
Earls Court Surgery,2024-04-21,7,103
Earls Court Surgery,2024-04-28,4,107
Earls Court Surgery,2024-05-05,2,109
Earls Court Surgery,2024-05-12,1,110
Earls Court Surgery,2024-05-19,2,112
Earls Court Surgery,2024-05-26,2,114
Earls Court Surgery,2024-06-02,2,116
Earls Court Surgery,2024-06-09,3,119
Earls Court Surgery,2024-06-16,3,122
Earls Court Surgery,2024-06-23,2,124
Earls Court Surgery,2024-06-30,6,130
Earls Court Surgery,2024-07-07,1,131
Earls Court Surgery,2024-07-14,4,135
Earls Court Surgery,2024-07-21,2,137
Earls Court Surgery,2024-07-28,2,139
Earls Court Surgery,2024-08-04,2,141
Earls Court Surgery,2024-08-11,1,142
Earls Court Surgery,2024-08-18,,142
Earls Court Surgery,2024-08-25,1,143
Earls Court Surgery,2024-09-01,2,145
Earls Court Surgery,2024-09-08,1,146
Earls Court Surgery,2024-09-15,,146
Earls Court Surgery,2024-09-22,,146
Earls Court Surgery,2024-09-29,,146
Earls Court Surgery,2024-10-06,,146
Earls Court Surgery,2024-10-13,6,152
Earls Court Surgery,2024-10-20,1,153
Earls Court Surgery,2024-10-27,2,155
Earls Court Surgery,2024-11-03,1,156
Earls Court Surgery,2024-11-10,,156
Earls Court Surgery,2024-11-17,,156
Earls Court Surgery,2024-11-24,,156
Earls Court Surgery,2024-12-01,,156
Earls Court Surgery,2024-12-08,1,157
Earls Court Surgery,2024-12-15,,157
Earls Court Surgery,2024-12-22,,157
Earls Court Surgery,2024-12-29,,157
Earls Court Surgery,2025-01-05,,157
Earls Court Surgery,2025-01-12,,157
Earls Court Surgery,2025-01-19,,157
Earls Court Surgery,2025-01-26,,157
Earls Court Surgery,2025-02-02,,157
Earls Court Surgery,2025-02-09,1,158
Earls Court Surgery,2025-02-16,,158
Earls Court Surgery,2025-02-23,,158
Earls Court Surgery,2025-03-02,,158
Earls Court Surgery,2025-03-09,,158
Earls Court Surgery,2025-03-16,2,160
Earls Court Surgery,2025-03-23,,160
Earls Court Surgery,2025-03-30,,160
Earls Court Surgery,2025-04-06,,160
Earls Court Surgery,2025-04-13,,160
Earls Court Surgery,2025-04-20,,160
Earls Court Surgery,2025-04-27,,160
Earls Court Surgery,2025-05-04,,160
Earls Court Surgery,2025-05-11,,160
Earls Court Surgery,2025-05-18,,160
Earls Court Surgery,2025-05-25,1,161
Earls Court Surgery,2025-06-01,,161
Earls Court Surgery,2025-06-08,2,163
Earls Court Surgery,2025-06-15,1,164
Earls Court Surgery,2025-06-22,,164
Earls Court Surgery,2025-06-29,,164
Earls Court Surgery,2025-07-06,,164
Earls Court Surgery,2025-07-13,,164
Earls Court Surgery,2025-07-20,,164
Earls Court Surgery,2025-07-27,,164
Earls Court Surgery,2025-08-03,,164
Earls Court Surgery,2025-08-10,,164
Earls Court Surgery,2025-08-17,,164
Earls Court Surgery,2025-08-24,,164
Earls Court Surgery,2025-08-31,,164
Earls Court Surgery,2025-09-07,,164
Earls Court Surgery,2025-09-14,,164
Earls Court Surgery,2025-09-21,,164
Earls Court Surgery,2025-09-28,,164
Earls Court Surgery,2025-10-05,,164
Earls Court Surgery,2025-10-12,,164
Earls Court Surgery,2025-10-19,1,165
Earls Court Surgery,2025-10-26,3,168
Earls Court Surgery,2025-11-02,1,169
Earls Court Surgery,2025-11-09,4,173
Earls Court Surgery,2025-11-16,2,175
Earls Court Surgery,2025-11-23,1,176
Earls Court Surgery,2025-11-30,2,178
Earls Court Surgery,2025-12-07,4,182
Earls Court Surgery,2025-12-14,5,187
Earls Court Surgery,2025-12-21,,187
Earls Court Surgery,2025-12-28,,187
Earls Court Surgery,2026-01-04,3,190
Earls Court Surgery,2026-01-11,6,196
Earls Court Surgery,2026-01-18,1,197
Earls Court Surgery,2026-01-25,1,198
Earls Court Surgery,2026-02-01,,198
Earls Court Surgery,2026-02-08,8,206
Earls Court Surgery,2026-02-15,1,207
Earls Court Surgery,2026-02-22,5,212
Earls Court Surgery,2026-03-01,7,219
Earls Court Surgery,2026-03-08,6,225
Earls Court Surgery,2026-03-15,,225
Earls Court Surgery,2026-03-22,,225
Earls Court Surgery,2026-03-29,4,229
Earls Court Surgery,2026-04-05,1,230
Earls Court Surgery,2026-04-12,4,234
Earls Court Surgery,2026-04-19,1,235
Earls Court Surgery,2026-04-26,17,252
Earls Court Surgery,2026-05-03,8,260
Earls Court Surgery,2026-05-10,3,263
Earls Court Surgery,2026-05-17,10,273
Earls Court Surgery,2026-05-24,,273
Earls Court Surgery,2026-05-31,2,275
Earls Court Surgery,2026-06-07,1,276
Ellis Practice,2023-10-08,,0
Ellis Practice,2023-11-05,,0
Ellis Practice,2023-11-12,,0
Ellis Practice,2023-11-19,,0
Ellis Practice,2023-11-26,,0
Ellis Practice,2023-12-03,,0
Ellis Practice,2023-12-10,,0
Ellis Practice,2023-12-17,,0
Ellis Practice,2023-12-24,19,19
Ellis Practice,2023-12-31,12,31
Ellis Practice,2024-01-07,1,32
Ellis Practice,2024-01-14,2,34
Ellis Practice,2024-01-21,1,35
Ellis Practice,2024-01-28,,35
Ellis Practice,2024-02-04,,35
Ellis Practice,2024-02-11,3,38
Ellis Practice,2024-02-18,,38
Ellis Practice,2024-02-25,,38
Ellis Practice,2024-03-03,,38
Ellis Practice,2024-03-10,,38
Ellis Practice,2024-03-17,1,39
Ellis Practice,2024-03-24,,39
Ellis Practice,2024-03-31,,39
Ellis Practice,2024-04-07,,39
Ellis Practice,2024-04-14,,39
Ellis Practice,2024-04-21,,39
Ellis Practice,2024-04-28,,39
Ellis Practice,2024-05-05,,39
Ellis Practice,2024-05-12,,39
Ellis Practice,2024-05-19,,39
Ellis Practice,2024-05-26,,39
Ellis Practice,2024-06-02,,39
Ellis Practice,2024-06-09,,39
Ellis Practice,2024-06-16,2,41
Ellis Practice,2024-06-23,,41
Ellis Practice,2024-06-30,,41
Ellis Practice,2024-07-07,1,42
Ellis Practice,2024-07-14,,42
Ellis Practice,2024-07-21,,42
Ellis Practice,2024-07-28,,42
Ellis Practice,2024-08-04,,42
Ellis Practice,2024-08-11,,42
Ellis Practice,2024-08-18,,42
Ellis Practice,2024-08-25,,42
Ellis Practice,2024-09-01,,42
Ellis Practice,2024-09-08,,42
Ellis Practice,2024-09-15,,42
Ellis Practice,2024-09-22,,42
Ellis Practice,2024-09-29,,42
Ellis Practice,2024-10-06,,42
Ellis Practice,2024-10-13,,42
Ellis Practice,2024-10-20,,42
Ellis Practice,2024-10-27,,42
Ellis Practice,2024-11-03,,42
Ellis Practice,2024-11-10,,42
Ellis Practice,2024-11-17,,42
Ellis Practice,2024-11-24,,42
Ellis Practice,2024-12-01,,42
Ellis Practice,2024-12-08,,42
Ellis Practice,2024-12-15,,42
Ellis Practice,2024-12-22,,42
Ellis Practice,2024-12-29,,42
Ellis Practice,2025-01-05,,42
Ellis Practice,2025-01-12,,42
Ellis Practice,2025-01-19,,42
Ellis Practice,2025-01-26,,42
Ellis Practice,2025-02-02,,42
Ellis Practice,2025-02-09,,42
Ellis Practice,2025-02-16,,42
Ellis Practice,2025-02-23,,42
Ellis Practice,2025-03-02,,42
Ellis Practice,2025-03-09,,42
Ellis Practice,2025-03-16,,42
Ellis Practice,2025-03-23,,42
Ellis Practice,2025-03-30,,42
Ellis Practice,2025-04-06,,42
Ellis Practice,2025-04-13,,42
Ellis Practice,2025-04-20,,42
Ellis Practice,2025-04-27,,42
Ellis Practice,2025-05-04,,42
Ellis Practice,2025-05-11,,42
Ellis Practice,2025-05-18,,42
Ellis Practice,2025-05-25,,42
Ellis Practice,2025-06-01,,42
Ellis Practice,2025-06-08,,42
Ellis Practice,2025-06-15,,42
Ellis Practice,2025-06-22,,42
Ellis Practice,2025-06-29,,42
Ellis Practice,2025-07-06,,42
Ellis Practice,2025-07-13,,42
Ellis Practice,2025-07-20,,42
Ellis Practice,2025-07-27,,42
Ellis Practice,2025-08-03,,42
Ellis Practice,2025-08-10,,42
Ellis Practice,2025-08-17,,42
Ellis Practice,2025-08-24,,42
Ellis Practice,2025-08-31,,42
Ellis Practice,2025-09-07,,42
Ellis Practice,2025-09-14,,42
Ellis Practice,2025-09-21,,42
Ellis Practice,2025-09-28,,42
Ellis Practice,2025-10-05,,42
Ellis Practice,2025-10-12,,42
Ellis Practice,2025-10-19,,42
Ellis Practice,2025-10-26,,42
Ellis Practice,2025-11-02,,42
Ellis Practice,2025-11-09,,42
Ellis Practice,2025-11-16,,42
Ellis Practice,2025-11-23,,42
Ellis Practice,2025-11-30,,42
Ellis Practice,2025-12-07,,42
Ellis Practice,2025-12-14,,42
Ellis Practice,2025-12-21,,42
Ellis Practice,2025-12-28,,42
Ellis Practice,2026-01-04,,42
Ellis Practice,2026-01-11,,42
Ellis Practice,2026-01-18,,42
Ellis Practice,2026-01-25,,42
Ellis Practice,2026-02-01,,42
Ellis Practice,2026-02-08,,42
Ellis Practice,2026-02-15,,42
Ellis Practice,2026-02-22,,42
Ellis Practice,2026-03-01,,42
Ellis Practice,2026-03-08,,42
Ellis Practice,2026-03-15,,42
Ellis Practice,2026-03-22,,42
Ellis Practice,2026-03-29,,42
Ellis Practice,2026-04-05,,42
Ellis Practice,2026-04-12,,42
Ellis Practice,2026-04-19,,42
Ellis Practice,2026-04-26,,42
Ellis Practice,2026-05-03,,42
Ellis Practice,2026-05-10,,42
Ellis Practice,2026-05-17,,42
Ellis Practice,2026-05-24,,42
Ellis Practice,2026-05-31,,42
Ellis Practice,2026-06-07,,42
Fitzrovia Medical Centre,2023-10-08,,0
Fitzrovia Medical Centre,2023-11-05,,0
Fitzrovia Medical Centre,2023-11-12,,0
Fitzrovia Medical Centre,2023-11-19,,0
Fitzrovia Medical Centre,2023-11-26,,0
Fitzrovia Medical Centre,2023-12-03,,0
Fitzrovia Medical Centre,2023-12-10,,0
Fitzrovia Medical Centre,2023-12-17,,0
Fitzrovia Medical Centre,2023-12-24,,0
Fitzrovia Medical Centre,2023-12-31,,0
Fitzrovia Medical Centre,2024-01-07,,0
Fitzrovia Medical Centre,2024-01-14,,0
Fitzrovia Medical Centre,2024-01-21,,0
Fitzrovia Medical Centre,2024-01-28,,0
Fitzrovia Medical Centre,2024-02-04,,0
Fitzrovia Medical Centre,2024-02-11,,0
Fitzrovia Medical Centre,2024-02-18,,0
Fitzrovia Medical Centre,2024-02-25,,0
Fitzrovia Medical Centre,2024-03-03,,0
Fitzrovia Medical Centre,2024-03-10,17,17
Fitzrovia Medical Centre,2024-03-17,4,21
Fitzrovia Medical Centre,2024-03-24,1,22
Fitzrovia Medical Centre,2024-03-31,5,27
Fitzrovia Medical Centre,2024-04-07,5,32
Fitzrovia Medical Centre,2024-04-14,4,36
Fitzrovia Medical Centre,2024-04-21,2,38
Fitzrovia Medical Centre,2024-04-28,2,40
Fitzrovia Medical Centre,2024-05-05,6,46
Fitzrovia Medical Centre,2024-05-12,2,48
Fitzrovia Medical Centre,2024-05-19,3,51
Fitzrovia Medical Centre,2024-05-26,2,53
Fitzrovia Medical Centre,2024-06-02,1,54
Fitzrovia Medical Centre,2024-06-09,5,59
Fitzrovia Medical Centre,2024-06-16,,59
Fitzrovia Medical Centre,2024-06-23,1,60
Fitzrovia Medical Centre,2024-06-30,7,67
Fitzrovia Medical Centre,2024-07-07,6,73
Fitzrovia Medical Centre,2024-07-14,,73
Fitzrovia Medical Centre,2024-07-21,5,78
Fitzrovia Medical Centre,2024-07-28,4,82
Fitzrovia Medical Centre,2024-08-04,5,87
Fitzrovia Medical Centre,2024-08-11,3,90
Fitzrovia Medical Centre,2024-08-18,2,92
Fitzrovia Medical Centre,2024-08-25,3,95
Fitzrovia Medical Centre,2024-09-01,2,97
Fitzrovia Medical Centre,2024-09-08,3,100
Fitzrovia Medical Centre,2024-09-15,1,101
Fitzrovia Medical Centre,2024-09-22,1,102
Fitzrovia Medical Centre,2024-09-29,,102
Fitzrovia Medical Centre,2024-10-06,,102
Fitzrovia Medical Centre,2024-10-13,4,106
Fitzrovia Medical Centre,2024-10-20,,106
Fitzrovia Medical Centre,2024-10-27,1,107
Fitzrovia Medical Centre,2024-11-03,2,109
Fitzrovia Medical Centre,2024-11-10,,109
Fitzrovia Medical Centre,2024-11-17,,109
Fitzrovia Medical Centre,2024-11-24,,109
Fitzrovia Medical Centre,2024-12-01,,109
Fitzrovia Medical Centre,2024-12-08,,109
Fitzrovia Medical Centre,2024-12-15,,109
Fitzrovia Medical Centre,2024-12-22,,109
Fitzrovia Medical Centre,2024-12-29,,109
Fitzrovia Medical Centre,2025-01-05,,109
Fitzrovia Medical Centre,2025-01-12,,109
Fitzrovia Medical Centre,2025-01-19,1,110
Fitzrovia Medical Centre,2025-01-26,,110
Fitzrovia Medical Centre,2025-02-02,,110
Fitzrovia Medical Centre,2025-02-09,1,111
Fitzrovia Medical Centre,2025-02-16,,111
Fitzrovia Medical Centre,2025-02-23,,111
Fitzrovia Medical Centre,2025-03-02,,111
Fitzrovia Medical Centre,2025-03-09,,111
Fitzrovia Medical Centre,2025-03-16,5,116
Fitzrovia Medical Centre,2025-03-23,4,120
Fitzrovia Medical Centre,2025-03-30,,120
Fitzrovia Medical Centre,2025-04-06,,120
Fitzrovia Medical Centre,2025-04-13,,120
Fitzrovia Medical Centre,2025-04-20,,120
Fitzrovia Medical Centre,2025-04-27,,120
Fitzrovia Medical Centre,2025-05-04,,120
Fitzrovia Medical Centre,2025-05-11,1,121
Fitzrovia Medical Centre,2025-05-18,,121
Fitzrovia Medical Centre,2025-05-25,,121
Fitzrovia Medical Centre,2025-06-01,,121
Fitzrovia Medical Centre,2025-06-08,,121
Fitzrovia Medical Centre,2025-06-15,,121
Fitzrovia Medical Centre,2025-06-22,,121
Fitzrovia Medical Centre,2025-06-29,1,122
Fitzrovia Medical Centre,2025-07-06,,122
Fitzrovia Medical Centre,2025-07-13,,122
Fitzrovia Medical Centre,2025-07-20,,122
Fitzrovia Medical Centre,2025-07-27,,122
Fitzrovia Medical Centre,2025-08-03,,122
Fitzrovia Medical Centre,2025-08-10,,122
Fitzrovia Medical Centre,2025-08-17,,122
Fitzrovia Medical Centre,2025-08-24,,122
Fitzrovia Medical Centre,2025-08-31,,122
Fitzrovia Medical Centre,2025-09-07,,122
Fitzrovia Medical Centre,2025-09-14,,122
Fitzrovia Medical Centre,2025-09-21,,122
Fitzrovia Medical Centre,2025-09-28,,122
Fitzrovia Medical Centre,2025-10-05,,122
Fitzrovia Medical Centre,2025-10-12,,122
Fitzrovia Medical Centre,2025-10-19,,122
Fitzrovia Medical Centre,2025-10-26,,122
Fitzrovia Medical Centre,2025-11-02,,122
Fitzrovia Medical Centre,2025-11-09,,122
Fitzrovia Medical Centre,2025-11-16,,122
Fitzrovia Medical Centre,2025-11-23,,122
Fitzrovia Medical Centre,2025-11-30,,122
Fitzrovia Medical Centre,2025-12-07,,122
Fitzrovia Medical Centre,2025-12-14,,122
Fitzrovia Medical Centre,2025-12-21,,122
Fitzrovia Medical Centre,2025-12-28,,122
Fitzrovia Medical Centre,2026-01-04,,122
Fitzrovia Medical Centre,2026-01-11,,122
Fitzrovia Medical Centre,2026-01-18,,122
Fitzrovia Medical Centre,2026-01-25,,122
Fitzrovia Medical Centre,2026-02-01,,122
Fitzrovia Medical Centre,2026-02-08,,122
Fitzrovia Medical Centre,2026-02-15,,122
Fitzrovia Medical Centre,2026-02-22,,122
Fitzrovia Medical Centre,2026-03-01,,122
Fitzrovia Medical Centre,2026-03-08,,122
Fitzrovia Medical Centre,2026-03-15,,122
Fitzrovia Medical Centre,2026-03-22,,122
Fitzrovia Medical Centre,2026-03-29,,122
Fitzrovia Medical Centre,2026-04-05,,122
Fitzrovia Medical Centre,2026-04-12,,122
Fitzrovia Medical Centre,2026-04-19,,122
Fitzrovia Medical Centre,2026-04-26,,122
Fitzrovia Medical Centre,2026-05-03,,122
Fitzrovia Medical Centre,2026-05-10,,122
Fitzrovia Medical Centre,2026-05-17,,122
Fitzrovia Medical Centre,2026-05-24,,122
Fitzrovia Medical Centre,2026-05-31,,122
Fitzrovia Medical Centre,2026-06-07,,122
Foreland Medical Centre,2023-10-08,,0
Foreland Medical Centre,2023-11-05,,0
Foreland Medical Centre,2023-11-12,,0
Foreland Medical Centre,2023-11-19,13,13
Foreland Medical Centre,2023-11-26,5,18
Foreland Medical Centre,2023-12-03,,18
Foreland Medical Centre,2023-12-10,3,21
Foreland Medical Centre,2023-12-17,,21
Foreland Medical Centre,2023-12-24,2,23
Foreland Medical Centre,2023-12-31,,23
Foreland Medical Centre,2024-01-07,1,24
Foreland Medical Centre,2024-01-14,,24
Foreland Medical Centre,2024-01-21,4,28
Foreland Medical Centre,2024-01-28,5,33
Foreland Medical Centre,2024-02-04,6,39
Foreland Medical Centre,2024-02-11,3,42
Foreland Medical Centre,2024-02-18,1,43
Foreland Medical Centre,2024-02-25,1,44
Foreland Medical Centre,2024-03-03,,44
Foreland Medical Centre,2024-03-10,,44
Foreland Medical Centre,2024-03-17,3,47
Foreland Medical Centre,2024-03-24,1,48
Foreland Medical Centre,2024-03-31,,48
Foreland Medical Centre,2024-04-07,,48
Foreland Medical Centre,2024-04-14,2,50
Foreland Medical Centre,2024-04-21,4,54
Foreland Medical Centre,2024-04-28,1,55
Foreland Medical Centre,2024-05-05,2,57
Foreland Medical Centre,2024-05-12,,57
Foreland Medical Centre,2024-05-19,,57
Foreland Medical Centre,2024-05-26,3,60
Foreland Medical Centre,2024-06-02,1,61
Foreland Medical Centre,2024-06-09,3,64
Foreland Medical Centre,2024-06-16,,64
Foreland Medical Centre,2024-06-23,,64
Foreland Medical Centre,2024-06-30,1,65
Foreland Medical Centre,2024-07-07,4,69
Foreland Medical Centre,2024-07-14,1,70
Foreland Medical Centre,2024-07-21,,70
Foreland Medical Centre,2024-07-28,,70
Foreland Medical Centre,2024-08-04,1,71
Foreland Medical Centre,2024-08-11,,71
Foreland Medical Centre,2024-08-18,,71
Foreland Medical Centre,2024-08-25,,71
Foreland Medical Centre,2024-09-01,,71
Foreland Medical Centre,2024-09-08,,71
Foreland Medical Centre,2024-09-15,1,72
Foreland Medical Centre,2024-09-22,,72
Foreland Medical Centre,2024-09-29,,72
Foreland Medical Centre,2024-10-06,,72
Foreland Medical Centre,2024-10-13,1,73
Foreland Medical Centre,2024-10-20,1,74
Foreland Medical Centre,2024-10-27,,74
Foreland Medical Centre,2024-11-03,,74
Foreland Medical Centre,2024-11-10,,74
Foreland Medical Centre,2024-11-17,,74
Foreland Medical Centre,2024-11-24,,74
Foreland Medical Centre,2024-12-01,,74
Foreland Medical Centre,2024-12-08,,74
Foreland Medical Centre,2024-12-15,1,75
Foreland Medical Centre,2024-12-22,1,76
Foreland Medical Centre,2024-12-29,,76
Foreland Medical Centre,2025-01-05,,76
Foreland Medical Centre,2025-01-12,,76
Foreland Medical Centre,2025-01-19,,76
Foreland Medical Centre,2025-01-26,,76
Foreland Medical Centre,2025-02-02,,76
Foreland Medical Centre,2025-02-09,,76
Foreland Medical Centre,2025-02-16,,76
Foreland Medical Centre,2025-02-23,,76
Foreland Medical Centre,2025-03-02,,76
Foreland Medical Centre,2025-03-09,,76
Foreland Medical Centre,2025-03-16,3,79
Foreland Medical Centre,2025-03-23,,79
Foreland Medical Centre,2025-03-30,,79
Foreland Medical Centre,2025-04-06,,79
Foreland Medical Centre,2025-04-13,,79
Foreland Medical Centre,2025-04-20,,79
Foreland Medical Centre,2025-04-27,,79
Foreland Medical Centre,2025-05-04,,79
Foreland Medical Centre,2025-05-11,,79
Foreland Medical Centre,2025-05-18,,79
Foreland Medical Centre,2025-05-25,,79
Foreland Medical Centre,2025-06-01,,79
Foreland Medical Centre,2025-06-08,,79
Foreland Medical Centre,2025-06-15,,79
Foreland Medical Centre,2025-06-22,,79
Foreland Medical Centre,2025-06-29,,79
Foreland Medical Centre,2025-07-06,,79
Foreland Medical Centre,2025-07-13,,79
Foreland Medical Centre,2025-07-20,,79
Foreland Medical Centre,2025-07-27,,79
Foreland Medical Centre,2025-08-03,,79
Foreland Medical Centre,2025-08-10,,79
Foreland Medical Centre,2025-08-17,,79
Foreland Medical Centre,2025-08-24,,79
Foreland Medical Centre,2025-08-31,,79
Foreland Medical Centre,2025-09-07,,79
Foreland Medical Centre,2025-09-14,1,80
Foreland Medical Centre,2025-09-21,,80
Foreland Medical Centre,2025-09-28,3,83
Foreland Medical Centre,2025-10-05,,83
Foreland Medical Centre,2025-10-12,,83
Foreland Medical Centre,2025-10-19,,83
Foreland Medical Centre,2025-10-26,,83
Foreland Medical Centre,2025-11-02,,83
Foreland Medical Centre,2025-11-09,,83
Foreland Medical Centre,2025-11-16,,83
Foreland Medical Centre,2025-11-23,,83
Foreland Medical Centre,2025-11-30,,83
Foreland Medical Centre,2025-12-07,1,84
Foreland Medical Centre,2025-12-14,,84
Foreland Medical Centre,2025-12-21,,84
Foreland Medical Centre,2025-12-28,,84
Foreland Medical Centre,2026-01-04,,84
Foreland Medical Centre,2026-01-11,1,85
Foreland Medical Centre,2026-01-18,,85
Foreland Medical Centre,2026-01-25,,85
Foreland Medical Centre,2026-02-01,3,88
Foreland Medical Centre,2026-02-08,1,89
Foreland Medical Centre,2026-02-15,,89
Foreland Medical Centre,2026-02-22,1,90
Foreland Medical Centre,2026-03-01,,90
Foreland Medical Centre,2026-03-08,,90
Foreland Medical Centre,2026-03-15,,90
Foreland Medical Centre,2026-03-22,,90
Foreland Medical Centre,2026-03-29,,90
Foreland Medical Centre,2026-04-05,,90
Foreland Medical Centre,2026-04-12,,90
Foreland Medical Centre,2026-04-19,,90
Foreland Medical Centre,2026-04-26,,90
Foreland Medical Centre,2026-05-03,,90
Foreland Medical Centre,2026-05-10,,90
Foreland Medical Centre,2026-05-17,,90
Foreland Medical Centre,2026-05-24,1,91
Foreland Medical Centre,2026-05-31,,91
Foreland Medical Centre,2026-06-07,,91
Forty Willows Surgery,2023-10-08,,0
Forty Willows Surgery,2023-11-05,,0
Forty Willows Surgery,2023-11-12,,0
Forty Willows Surgery,2023-11-19,,0
Forty Willows Surgery,2023-11-26,,0
Forty Willows Surgery,2023-12-03,15,15
Forty Willows Surgery,2023-12-10,3,18
Forty Willows Surgery,2023-12-17,,18
Forty Willows Surgery,2023-12-24,,18
Forty Willows Surgery,2023-12-31,,18
Forty Willows Surgery,2024-01-07,,18
Forty Willows Surgery,2024-01-14,1,19
Forty Willows Surgery,2024-01-21,1,20
Forty Willows Surgery,2024-01-28,1,21
Forty Willows Surgery,2024-02-04,,21
Forty Willows Surgery,2024-02-11,,21
Forty Willows Surgery,2024-02-18,4,25
Forty Willows Surgery,2024-02-25,,25
Forty Willows Surgery,2024-03-03,,25
Forty Willows Surgery,2024-03-10,,25
Forty Willows Surgery,2024-03-17,,25
Forty Willows Surgery,2024-03-24,,25
Forty Willows Surgery,2024-03-31,,25
Forty Willows Surgery,2024-04-07,1,26
Forty Willows Surgery,2024-04-14,,26
Forty Willows Surgery,2024-04-21,,26
Forty Willows Surgery,2024-04-28,,26
Forty Willows Surgery,2024-05-05,,26
Forty Willows Surgery,2024-05-12,,26
Forty Willows Surgery,2024-05-19,,26
Forty Willows Surgery,2024-05-26,,26
Forty Willows Surgery,2024-06-02,,26
Forty Willows Surgery,2024-06-09,,26
Forty Willows Surgery,2024-06-16,,26
Forty Willows Surgery,2024-06-23,,26
Forty Willows Surgery,2024-06-30,,26
Forty Willows Surgery,2024-07-07,1,27
Forty Willows Surgery,2024-07-14,,27
Forty Willows Surgery,2024-07-21,,27
Forty Willows Surgery,2024-07-28,,27
Forty Willows Surgery,2024-08-04,,27
Forty Willows Surgery,2024-08-11,,27
Forty Willows Surgery,2024-08-18,,27
Forty Willows Surgery,2024-08-25,,27
Forty Willows Surgery,2024-09-01,,27
Forty Willows Surgery,2024-09-08,,27
Forty Willows Surgery,2024-09-15,,27
Forty Willows Surgery,2024-09-22,,27
Forty Willows Surgery,2024-09-29,,27
Forty Willows Surgery,2024-10-06,,27
Forty Willows Surgery,2024-10-13,,27
Forty Willows Surgery,2024-10-20,,27
Forty Willows Surgery,2024-10-27,,27
Forty Willows Surgery,2024-11-03,,27
Forty Willows Surgery,2024-11-10,,27
Forty Willows Surgery,2024-11-17,,27
Forty Willows Surgery,2024-11-24,,27
Forty Willows Surgery,2024-12-01,,27
Forty Willows Surgery,2024-12-08,,27
Forty Willows Surgery,2024-12-15,,27
Forty Willows Surgery,2024-12-22,,27
Forty Willows Surgery,2024-12-29,,27
Forty Willows Surgery,2025-01-05,,27
Forty Willows Surgery,2025-01-12,,27
Forty Willows Surgery,2025-01-19,,27
Forty Willows Surgery,2025-01-26,,27
Forty Willows Surgery,2025-02-02,,27
Forty Willows Surgery,2025-02-09,,27
Forty Willows Surgery,2025-02-16,,27
Forty Willows Surgery,2025-02-23,,27
Forty Willows Surgery,2025-03-02,,27
Forty Willows Surgery,2025-03-09,,27
Forty Willows Surgery,2025-03-16,,27
Forty Willows Surgery,2025-03-23,,27
Forty Willows Surgery,2025-03-30,,27
Forty Willows Surgery,2025-04-06,,27
Forty Willows Surgery,2025-04-13,,27
Forty Willows Surgery,2025-04-20,,27
Forty Willows Surgery,2025-04-27,,27
Forty Willows Surgery,2025-05-04,,27
Forty Willows Surgery,2025-05-11,,27
Forty Willows Surgery,2025-05-18,,27
Forty Willows Surgery,2025-05-25,,27
Forty Willows Surgery,2025-06-01,,27
Forty Willows Surgery,2025-06-08,,27
Forty Willows Surgery,2025-06-15,,27
Forty Willows Surgery,2025-06-22,,27
Forty Willows Surgery,2025-06-29,,27
Forty Willows Surgery,2025-07-06,,27
Forty Willows Surgery,2025-07-13,,27
Forty Willows Surgery,2025-07-20,,27
Forty Willows Surgery,2025-07-27,,27
Forty Willows Surgery,2025-08-03,,27
Forty Willows Surgery,2025-08-10,,27
Forty Willows Surgery,2025-08-17,,27
Forty Willows Surgery,2025-08-24,,27
Forty Willows Surgery,2025-08-31,,27
Forty Willows Surgery,2025-09-07,,27
Forty Willows Surgery,2025-09-14,,27
Forty Willows Surgery,2025-09-21,,27
Forty Willows Surgery,2025-09-28,,27
Forty Willows Surgery,2025-10-05,,27
Forty Willows Surgery,2025-10-12,,27
Forty Willows Surgery,2025-10-19,,27
Forty Willows Surgery,2025-10-26,,27
Forty Willows Surgery,2025-11-02,,27
Forty Willows Surgery,2025-11-09,,27
Forty Willows Surgery,2025-11-16,,27
Forty Willows Surgery,2025-11-23,,27
Forty Willows Surgery,2025-11-30,,27
Forty Willows Surgery,2025-12-07,,27
Forty Willows Surgery,2025-12-14,,27
Forty Willows Surgery,2025-12-21,,27
Forty Willows Surgery,2025-12-28,,27
Forty Willows Surgery,2026-01-04,,27
Forty Willows Surgery,2026-01-11,,27
Forty Willows Surgery,2026-01-18,,27
Forty Willows Surgery,2026-01-25,,27
Forty Willows Surgery,2026-02-01,,27
Forty Willows Surgery,2026-02-08,,27
Forty Willows Surgery,2026-02-15,,27
Forty Willows Surgery,2026-02-22,,27
Forty Willows Surgery,2026-03-01,,27
Forty Willows Surgery,2026-03-08,,27
Forty Willows Surgery,2026-03-15,,27
Forty Willows Surgery,2026-03-22,,27
Forty Willows Surgery,2026-03-29,,27
Forty Willows Surgery,2026-04-05,,27
Forty Willows Surgery,2026-04-12,,27
Forty Willows Surgery,2026-04-19,,27
Forty Willows Surgery,2026-04-26,,27
Forty Willows Surgery,2026-05-03,,27
Forty Willows Surgery,2026-05-10,,27
Forty Willows Surgery,2026-05-17,,27
Forty Willows Surgery,2026-05-24,,27
Forty Willows Surgery,2026-05-31,,27
Forty Willows Surgery,2026-06-07,,27
Freuchen Medical Centre,2023-10-08,,0
Freuchen Medical Centre,2023-11-05,,0
Freuchen Medical Centre,2023-11-12,7,7
Freuchen Medical Centre,2023-11-19,3,10
Freuchen Medical Centre,2023-11-26,,10
Freuchen Medical Centre,2023-12-03,1,11
Freuchen Medical Centre,2023-12-10,1,12
Freuchen Medical Centre,2023-12-17,3,15
Freuchen Medical Centre,2023-12-24,3,18
Freuchen Medical Centre,2023-12-31,,18
Freuchen Medical Centre,2024-01-07,,18
Freuchen Medical Centre,2024-01-14,,18
Freuchen Medical Centre,2024-01-21,,18
Freuchen Medical Centre,2024-01-28,1,19
Freuchen Medical Centre,2024-02-04,,19
Freuchen Medical Centre,2024-02-11,1,20
Freuchen Medical Centre,2024-02-18,,20
Freuchen Medical Centre,2024-02-25,,20
Freuchen Medical Centre,2024-03-03,3,23
Freuchen Medical Centre,2024-03-10,,23
Freuchen Medical Centre,2024-03-17,,23
Freuchen Medical Centre,2024-03-24,,23
Freuchen Medical Centre,2024-03-31,,23
Freuchen Medical Centre,2024-04-07,,23
Freuchen Medical Centre,2024-04-14,,23
Freuchen Medical Centre,2024-04-21,,23
Freuchen Medical Centre,2024-04-28,,23
Freuchen Medical Centre,2024-05-05,,23
Freuchen Medical Centre,2024-05-12,,23
Freuchen Medical Centre,2024-05-19,,23
Freuchen Medical Centre,2024-05-26,,23
Freuchen Medical Centre,2024-06-02,,23
Freuchen Medical Centre,2024-06-09,,23
Freuchen Medical Centre,2024-06-16,,23
Freuchen Medical Centre,2024-06-23,,23
Freuchen Medical Centre,2024-06-30,,23
Freuchen Medical Centre,2024-07-07,,23
Freuchen Medical Centre,2024-07-14,,23
Freuchen Medical Centre,2024-07-21,,23
Freuchen Medical Centre,2024-07-28,1,24
Freuchen Medical Centre,2024-08-04,,24
Freuchen Medical Centre,2024-08-11,2,26
Freuchen Medical Centre,2024-08-18,2,28
Freuchen Medical Centre,2024-08-25,,28
Freuchen Medical Centre,2024-09-01,,28
Freuchen Medical Centre,2024-09-08,,28
Freuchen Medical Centre,2024-09-15,,28
Freuchen Medical Centre,2024-09-22,,28
Freuchen Medical Centre,2024-09-29,,28
Freuchen Medical Centre,2024-10-06,,28
Freuchen Medical Centre,2024-10-13,,28
Freuchen Medical Centre,2024-10-20,,28
Freuchen Medical Centre,2024-10-27,1,29
Freuchen Medical Centre,2024-11-03,,29
Freuchen Medical Centre,2024-11-10,,29
Freuchen Medical Centre,2024-11-17,,29
Freuchen Medical Centre,2024-11-24,,29
Freuchen Medical Centre,2024-12-01,,29
Freuchen Medical Centre,2024-12-08,,29
Freuchen Medical Centre,2024-12-15,,29
Freuchen Medical Centre,2024-12-22,,29
Freuchen Medical Centre,2024-12-29,,29
Freuchen Medical Centre,2025-01-05,,29
Freuchen Medical Centre,2025-01-12,,29
Freuchen Medical Centre,2025-01-19,,29
Freuchen Medical Centre,2025-01-26,,29
Freuchen Medical Centre,2025-02-02,,29
Freuchen Medical Centre,2025-02-09,,29
Freuchen Medical Centre,2025-02-16,,29
Freuchen Medical Centre,2025-02-23,,29
Freuchen Medical Centre,2025-03-02,,29
Freuchen Medical Centre,2025-03-09,,29
Freuchen Medical Centre,2025-03-16,,29
Freuchen Medical Centre,2025-03-23,,29
Freuchen Medical Centre,2025-03-30,,29
Freuchen Medical Centre,2025-04-06,,29
Freuchen Medical Centre,2025-04-13,,29
Freuchen Medical Centre,2025-04-20,,29
Freuchen Medical Centre,2025-04-27,,29
Freuchen Medical Centre,2025-05-04,,29
Freuchen Medical Centre,2025-05-11,,29
Freuchen Medical Centre,2025-05-18,,29
Freuchen Medical Centre,2025-05-25,,29
Freuchen Medical Centre,2025-06-01,,29
Freuchen Medical Centre,2025-06-08,,29
Freuchen Medical Centre,2025-06-15,,29
Freuchen Medical Centre,2025-06-22,,29
Freuchen Medical Centre,2025-06-29,,29
Freuchen Medical Centre,2025-07-06,,29
Freuchen Medical Centre,2025-07-13,,29
Freuchen Medical Centre,2025-07-20,,29
Freuchen Medical Centre,2025-07-27,,29
Freuchen Medical Centre,2025-08-03,,29
Freuchen Medical Centre,2025-08-10,,29
Freuchen Medical Centre,2025-08-17,,29
Freuchen Medical Centre,2025-08-24,,29
Freuchen Medical Centre,2025-08-31,,29
Freuchen Medical Centre,2025-09-07,,29
Freuchen Medical Centre,2025-09-14,,29
Freuchen Medical Centre,2025-09-21,,29
Freuchen Medical Centre,2025-09-28,,29
Freuchen Medical Centre,2025-10-05,,29
Freuchen Medical Centre,2025-10-12,,29
Freuchen Medical Centre,2025-10-19,,29
Freuchen Medical Centre,2025-10-26,,29
Freuchen Medical Centre,2025-11-02,,29
Freuchen Medical Centre,2025-11-09,,29
Freuchen Medical Centre,2025-11-16,,29
Freuchen Medical Centre,2025-11-23,,29
Freuchen Medical Centre,2025-11-30,,29
Freuchen Medical Centre,2025-12-07,,29
Freuchen Medical Centre,2025-12-14,,29
Freuchen Medical Centre,2025-12-21,,29
Freuchen Medical Centre,2025-12-28,,29
Freuchen Medical Centre,2026-01-04,,29
Freuchen Medical Centre,2026-01-11,,29
Freuchen Medical Centre,2026-01-18,,29
Freuchen Medical Centre,2026-01-25,,29
Freuchen Medical Centre,2026-02-01,,29
Freuchen Medical Centre,2026-02-08,,29
Freuchen Medical Centre,2026-02-15,,29
Freuchen Medical Centre,2026-02-22,,29
Freuchen Medical Centre,2026-03-01,,29
Freuchen Medical Centre,2026-03-08,,29
Freuchen Medical Centre,2026-03-15,,29
Freuchen Medical Centre,2026-03-22,,29
Freuchen Medical Centre,2026-03-29,,29
Freuchen Medical Centre,2026-04-05,,29
Freuchen Medical Centre,2026-04-12,,29
Freuchen Medical Centre,2026-04-19,,29
Freuchen Medical Centre,2026-04-26,,29
Freuchen Medical Centre,2026-05-03,,29
Freuchen Medical Centre,2026-05-10,,29
Freuchen Medical Centre,2026-05-17,,29
Freuchen Medical Centre,2026-05-24,,29
Freuchen Medical Centre,2026-05-31,,29
Freuchen Medical Centre,2026-06-07,,29
Gladstone Medical Centre,2023-10-08,1,1
Gladstone Medical Centre,2023-11-05,,1
Gladstone Medical Centre,2023-11-12,5,6
Gladstone Medical Centre,2023-11-19,17,23
Gladstone Medical Centre,2023-11-26,8,31
Gladstone Medical Centre,2023-12-03,9,40
Gladstone Medical Centre,2023-12-10,1,41
Gladstone Medical Centre,2023-12-17,4,45
Gladstone Medical Centre,2023-12-24,2,47
Gladstone Medical Centre,2023-12-31,5,52
Gladstone Medical Centre,2024-01-07,4,56
Gladstone Medical Centre,2024-01-14,2,58
Gladstone Medical Centre,2024-01-21,3,61
Gladstone Medical Centre,2024-01-28,5,66
Gladstone Medical Centre,2024-02-04,7,73
Gladstone Medical Centre,2024-02-11,11,84
Gladstone Medical Centre,2024-02-18,10,94
Gladstone Medical Centre,2024-02-25,14,108
Gladstone Medical Centre,2024-03-03,5,113
Gladstone Medical Centre,2024-03-10,6,119
Gladstone Medical Centre,2024-03-17,9,128
Gladstone Medical Centre,2024-03-24,11,139
Gladstone Medical Centre,2024-03-31,7,146
Gladstone Medical Centre,2024-04-07,1,147
Gladstone Medical Centre,2024-04-14,12,159
Gladstone Medical Centre,2024-04-21,20,179
Gladstone Medical Centre,2024-04-28,27,206
Gladstone Medical Centre,2024-05-05,17,223
Gladstone Medical Centre,2024-05-12,12,235
Gladstone Medical Centre,2024-05-19,9,244
Gladstone Medical Centre,2024-05-26,4,248
Gladstone Medical Centre,2024-06-02,12,260
Gladstone Medical Centre,2024-06-09,9,269
Gladstone Medical Centre,2024-06-16,5,274
Gladstone Medical Centre,2024-06-23,12,286
Gladstone Medical Centre,2024-06-30,17,303
Gladstone Medical Centre,2024-07-07,11,314
Gladstone Medical Centre,2024-07-14,5,319
Gladstone Medical Centre,2024-07-21,8,327
Gladstone Medical Centre,2024-07-28,21,348
Gladstone Medical Centre,2024-08-04,4,352
Gladstone Medical Centre,2024-08-11,14,366
Gladstone Medical Centre,2024-08-18,2,368
Gladstone Medical Centre,2024-08-25,6,374
Gladstone Medical Centre,2024-09-01,4,378
Gladstone Medical Centre,2024-09-08,16,394
Gladstone Medical Centre,2024-09-15,1,395
Gladstone Medical Centre,2024-09-22,,395
Gladstone Medical Centre,2024-09-29,4,399
Gladstone Medical Centre,2024-10-06,1,400
Gladstone Medical Centre,2024-10-13,1,401
Gladstone Medical Centre,2024-10-20,5,406
Gladstone Medical Centre,2024-10-27,2,408
Gladstone Medical Centre,2024-11-03,,408
Gladstone Medical Centre,2024-11-10,4,412
Gladstone Medical Centre,2024-11-17,3,415
Gladstone Medical Centre,2024-11-24,4,419
Gladstone Medical Centre,2024-12-01,5,424
Gladstone Medical Centre,2024-12-08,6,430
Gladstone Medical Centre,2024-12-15,3,433
Gladstone Medical Centre,2024-12-22,4,437
Gladstone Medical Centre,2024-12-29,,437
Gladstone Medical Centre,2025-01-05,1,438
Gladstone Medical Centre,2025-01-12,2,440
Gladstone Medical Centre,2025-01-19,6,446
Gladstone Medical Centre,2025-01-26,7,453
Gladstone Medical Centre,2025-02-02,4,457
Gladstone Medical Centre,2025-02-09,16,473
Gladstone Medical Centre,2025-02-16,3,476
Gladstone Medical Centre,2025-02-23,5,481
Gladstone Medical Centre,2025-03-02,5,486
Gladstone Medical Centre,2025-03-09,4,490
Gladstone Medical Centre,2025-03-16,11,501
Gladstone Medical Centre,2025-03-23,3,504
Gladstone Medical Centre,2025-03-30,3,507
Gladstone Medical Centre,2025-04-06,7,514
Gladstone Medical Centre,2025-04-13,4,518
Gladstone Medical Centre,2025-04-20,1,519
Gladstone Medical Centre,2025-04-27,,519
Gladstone Medical Centre,2025-05-04,6,525
Gladstone Medical Centre,2025-05-11,4,529
Gladstone Medical Centre,2025-05-18,9,538
Gladstone Medical Centre,2025-05-25,9,547
Gladstone Medical Centre,2025-06-01,5,552
Gladstone Medical Centre,2025-06-08,,552
Gladstone Medical Centre,2025-06-15,5,557
Gladstone Medical Centre,2025-06-22,4,561
Gladstone Medical Centre,2025-06-29,3,564
Gladstone Medical Centre,2025-07-06,2,566
Gladstone Medical Centre,2025-07-13,1,567
Gladstone Medical Centre,2025-07-20,5,572
Gladstone Medical Centre,2025-07-27,8,580
Gladstone Medical Centre,2025-08-03,1,581
Gladstone Medical Centre,2025-08-10,5,586
Gladstone Medical Centre,2025-08-17,2,588
Gladstone Medical Centre,2025-08-24,1,589
Gladstone Medical Centre,2025-08-31,1,590
Gladstone Medical Centre,2025-09-07,4,594
Gladstone Medical Centre,2025-09-14,2,596
Gladstone Medical Centre,2025-09-21,7,603
Gladstone Medical Centre,2025-09-28,6,609
Gladstone Medical Centre,2025-10-05,11,620
Gladstone Medical Centre,2025-10-12,3,623
Gladstone Medical Centre,2025-10-19,7,630
Gladstone Medical Centre,2025-10-26,4,634
Gladstone Medical Centre,2025-11-02,17,651
Gladstone Medical Centre,2025-11-09,16,667
Gladstone Medical Centre,2025-11-16,9,676
Gladstone Medical Centre,2025-11-23,14,690
Gladstone Medical Centre,2025-11-30,12,702
Gladstone Medical Centre,2025-12-07,8,710
Gladstone Medical Centre,2025-12-14,5,715
Gladstone Medical Centre,2025-12-21,8,723
Gladstone Medical Centre,2025-12-28,8,731
Gladstone Medical Centre,2026-01-04,8,739
Gladstone Medical Centre,2026-01-11,11,750
Gladstone Medical Centre,2026-01-18,4,754
Gladstone Medical Centre,2026-01-25,8,762
Gladstone Medical Centre,2026-02-01,7,769
Gladstone Medical Centre,2026-02-08,4,773
Gladstone Medical Centre,2026-02-15,4,777
Gladstone Medical Centre,2026-02-22,4,781
Gladstone Medical Centre,2026-03-01,3,784
Gladstone Medical Centre,2026-03-08,1,785
Gladstone Medical Centre,2026-03-15,,785
Gladstone Medical Centre,2026-03-22,2,787
Gladstone Medical Centre,2026-03-29,5,792
Gladstone Medical Centre,2026-04-05,3,795
Gladstone Medical Centre,2026-04-12,1,796
Gladstone Medical Centre,2026-04-19,11,807
Gladstone Medical Centre,2026-04-26,3,810
Gladstone Medical Centre,2026-05-03,2,812
Gladstone Medical Centre,2026-05-10,6,818
Gladstone Medical Centre,2026-05-17,5,823
Gladstone Medical Centre,2026-05-24,2,825
Gladstone Medical Centre,2026-05-31,3,828
Gladstone Medical Centre,2026-06-07,9,837
Golborne Medical Centre E87742,2023-10-08,,0
Golborne Medical Centre E87742,2023-11-05,,0
Golborne Medical Centre E87742,2023-11-12,,0
Golborne Medical Centre E87742,2023-11-19,,0
Golborne Medical Centre E87742,2023-11-26,1,1
Golborne Medical Centre E87742,2023-12-03,12,13
Golborne Medical Centre E87742,2023-12-10,1,14
Golborne Medical Centre E87742,2023-12-17,8,22
Golborne Medical Centre E87742,2023-12-24,1,23
Golborne Medical Centre E87742,2023-12-31,2,25
Golborne Medical Centre E87742,2024-01-07,2,27
Golborne Medical Centre E87742,2024-01-14,6,33
Golborne Medical Centre E87742,2024-01-21,,33
Golborne Medical Centre E87742,2024-01-28,1,34
Golborne Medical Centre E87742,2024-02-04,2,36
Golborne Medical Centre E87742,2024-02-11,23,59
Golborne Medical Centre E87742,2024-02-18,43,102
Golborne Medical Centre E87742,2024-02-25,7,109
Golborne Medical Centre E87742,2024-03-03,9,118
Golborne Medical Centre E87742,2024-03-10,27,145
Golborne Medical Centre E87742,2024-03-17,2,147
Golborne Medical Centre E87742,2024-03-24,7,154
Golborne Medical Centre E87742,2024-03-31,1,155
Golborne Medical Centre E87742,2024-04-07,,155
Golborne Medical Centre E87742,2024-04-14,,155
Golborne Medical Centre E87742,2024-04-21,2,157
Golborne Medical Centre E87742,2024-04-28,3,160
Golborne Medical Centre E87742,2024-05-05,5,165
Golborne Medical Centre E87742,2024-05-12,,165
Golborne Medical Centre E87742,2024-05-19,5,170
Golborne Medical Centre E87742,2024-05-26,1,171
Golborne Medical Centre E87742,2024-06-02,5,176
Golborne Medical Centre E87742,2024-06-09,1,177
Golborne Medical Centre E87742,2024-06-16,2,179
Golborne Medical Centre E87742,2024-06-23,2,181
Golborne Medical Centre E87742,2024-06-30,3,184
Golborne Medical Centre E87742,2024-07-07,,184
Golborne Medical Centre E87742,2024-07-14,2,186
Golborne Medical Centre E87742,2024-07-21,,186
Golborne Medical Centre E87742,2024-07-28,,186
Golborne Medical Centre E87742,2024-08-04,,186
Golborne Medical Centre E87742,2024-08-11,1,187
Golborne Medical Centre E87742,2024-08-18,,187
Golborne Medical Centre E87742,2024-08-25,1,188
Golborne Medical Centre E87742,2024-09-01,1,189
Golborne Medical Centre E87742,2024-09-08,1,190
Golborne Medical Centre E87742,2024-09-15,6,196
Golborne Medical Centre E87742,2024-09-22,,196
Golborne Medical Centre E87742,2024-09-29,,196
Golborne Medical Centre E87742,2024-10-06,3,199
Golborne Medical Centre E87742,2024-10-13,,199
Golborne Medical Centre E87742,2024-10-20,3,202
Golborne Medical Centre E87742,2024-10-27,,202
Golborne Medical Centre E87742,2024-11-03,1,203
Golborne Medical Centre E87742,2024-11-10,2,205
Golborne Medical Centre E87742,2024-11-17,2,207
Golborne Medical Centre E87742,2024-11-24,,207
Golborne Medical Centre E87742,2024-12-01,,207
Golborne Medical Centre E87742,2024-12-08,,207
Golborne Medical Centre E87742,2024-12-15,,207
Golborne Medical Centre E87742,2024-12-22,,207
Golborne Medical Centre E87742,2024-12-29,2,209
Golborne Medical Centre E87742,2025-01-05,1,210
Golborne Medical Centre E87742,2025-01-12,6,216
Golborne Medical Centre E87742,2025-01-19,1,217
Golborne Medical Centre E87742,2025-01-26,1,218
Golborne Medical Centre E87742,2025-02-02,4,222
Golborne Medical Centre E87742,2025-02-09,3,225
Golborne Medical Centre E87742,2025-02-16,6,231
Golborne Medical Centre E87742,2025-02-23,1,232
Golborne Medical Centre E87742,2025-03-02,,232
Golborne Medical Centre E87742,2025-03-09,,232
Golborne Medical Centre E87742,2025-03-16,,232
Golborne Medical Centre E87742,2025-03-23,,232
Golborne Medical Centre E87742,2025-03-30,,232
Golborne Medical Centre E87742,2025-04-06,,232
Golborne Medical Centre E87742,2025-04-13,,232
Golborne Medical Centre E87742,2025-04-20,1,233
Golborne Medical Centre E87742,2025-04-27,,233
Golborne Medical Centre E87742,2025-05-04,,233
Golborne Medical Centre E87742,2025-05-11,,233
Golborne Medical Centre E87742,2025-05-18,1,234
Golborne Medical Centre E87742,2025-05-25,,234
Golborne Medical Centre E87742,2025-06-01,,234
Golborne Medical Centre E87742,2025-06-08,,234
Golborne Medical Centre E87742,2025-06-15,,234
Golborne Medical Centre E87742,2025-06-22,2,236
Golborne Medical Centre E87742,2025-06-29,,236
Golborne Medical Centre E87742,2025-07-06,,236
Golborne Medical Centre E87742,2025-07-13,,236
Golborne Medical Centre E87742,2025-07-20,,236
Golborne Medical Centre E87742,2025-07-27,,236
Golborne Medical Centre E87742,2025-08-03,,236
Golborne Medical Centre E87742,2025-08-10,,236
Golborne Medical Centre E87742,2025-08-17,,236
Golborne Medical Centre E87742,2025-08-24,,236
Golborne Medical Centre E87742,2025-08-31,,236
Golborne Medical Centre E87742,2025-09-07,13,249
Golborne Medical Centre E87742,2025-09-14,,249
Golborne Medical Centre E87742,2025-09-21,3,252
Golborne Medical Centre E87742,2025-09-28,,252
Golborne Medical Centre E87742,2025-10-05,8,260
Golborne Medical Centre E87742,2025-10-12,,260
Golborne Medical Centre E87742,2025-10-19,,260
Golborne Medical Centre E87742,2025-10-26,3,263
Golborne Medical Centre E87742,2025-11-02,,263
Golborne Medical Centre E87742,2025-11-09,,263
Golborne Medical Centre E87742,2025-11-16,2,265
Golborne Medical Centre E87742,2025-11-23,,265
Golborne Medical Centre E87742,2025-11-30,,265
Golborne Medical Centre E87742,2025-12-07,,265
Golborne Medical Centre E87742,2025-12-14,,265
Golborne Medical Centre E87742,2025-12-21,,265
Golborne Medical Centre E87742,2025-12-28,,265
Golborne Medical Centre E87742,2026-01-04,,265
Golborne Medical Centre E87742,2026-01-11,,265
Golborne Medical Centre E87742,2026-01-18,2,267
Golborne Medical Centre E87742,2026-01-25,,267
Golborne Medical Centre E87742,2026-02-01,2,269
Golborne Medical Centre E87742,2026-02-08,1,270
Golborne Medical Centre E87742,2026-02-15,1,271
Golborne Medical Centre E87742,2026-02-22,,271
Golborne Medical Centre E87742,2026-03-01,,271
Golborne Medical Centre E87742,2026-03-08,,271
Golborne Medical Centre E87742,2026-03-15,,271
Golborne Medical Centre E87742,2026-03-22,,271
Golborne Medical Centre E87742,2026-03-29,,271
Golborne Medical Centre E87742,2026-04-05,2,273
Golborne Medical Centre E87742,2026-04-12,,273
Golborne Medical Centre E87742,2026-04-19,,273
Golborne Medical Centre E87742,2026-04-26,10,283
Golborne Medical Centre E87742,2026-05-03,2,285
Golborne Medical Centre E87742,2026-05-10,,285
Golborne Medical Centre E87742,2026-05-17,1,286
Golborne Medical Centre E87742,2026-05-24,,286
Golborne Medical Centre E87742,2026-05-31,,286
Golborne Medical Centre E87742,2026-06-07,,286
Golbourne Medical Centre,2023-10-08,,0
Golbourne Medical Centre,2023-11-05,,0
Golbourne Medical Centre,2023-11-12,,0
Golbourne Medical Centre,2023-11-19,,0
Golbourne Medical Centre,2023-11-26,,0
Golbourne Medical Centre,2023-12-03,,0
Golbourne Medical Centre,2023-12-10,,0
Golbourne Medical Centre,2023-12-17,,0
Golbourne Medical Centre,2023-12-24,,0
Golbourne Medical Centre,2023-12-31,,0
Golbourne Medical Centre,2024-01-07,,0
Golbourne Medical Centre,2024-01-14,,0
Golbourne Medical Centre,2024-01-21,,0
Golbourne Medical Centre,2024-01-28,,0
Golbourne Medical Centre,2024-02-04,,0
Golbourne Medical Centre,2024-02-11,,0
Golbourne Medical Centre,2024-02-18,,0
Golbourne Medical Centre,2024-02-25,,0
Golbourne Medical Centre,2024-03-03,8,8
Golbourne Medical Centre,2024-03-10,,8
Golbourne Medical Centre,2024-03-17,1,9
Golbourne Medical Centre,2024-03-24,,9
Golbourne Medical Centre,2024-03-31,2,11
Golbourne Medical Centre,2024-04-07,,11
Golbourne Medical Centre,2024-04-14,,11
Golbourne Medical Centre,2024-04-21,,11
Golbourne Medical Centre,2024-04-28,1,12
Golbourne Medical Centre,2024-05-05,,12
Golbourne Medical Centre,2024-05-12,,12
Golbourne Medical Centre,2024-05-19,,12
Golbourne Medical Centre,2024-05-26,,12
Golbourne Medical Centre,2024-06-02,,12
Golbourne Medical Centre,2024-06-09,,12
Golbourne Medical Centre,2024-06-16,2,14
Golbourne Medical Centre,2024-06-23,,14
Golbourne Medical Centre,2024-06-30,,14
Golbourne Medical Centre,2024-07-07,,14
Golbourne Medical Centre,2024-07-14,,14
Golbourne Medical Centre,2024-07-21,,14
Golbourne Medical Centre,2024-07-28,2,16
Golbourne Medical Centre,2024-08-04,,16
Golbourne Medical Centre,2024-08-11,,16
Golbourne Medical Centre,2024-08-18,,16
Golbourne Medical Centre,2024-08-25,,16
Golbourne Medical Centre,2024-09-01,,16
Golbourne Medical Centre,2024-09-08,,16
Golbourne Medical Centre,2024-09-15,,16
Golbourne Medical Centre,2024-09-22,,16
Golbourne Medical Centre,2024-09-29,,16
Golbourne Medical Centre,2024-10-06,,16
Golbourne Medical Centre,2024-10-13,,16
Golbourne Medical Centre,2024-10-20,,16
Golbourne Medical Centre,2024-10-27,,16
Golbourne Medical Centre,2024-11-03,,16
Golbourne Medical Centre,2024-11-10,,16
Golbourne Medical Centre,2024-11-17,,16
Golbourne Medical Centre,2024-11-24,,16
Golbourne Medical Centre,2024-12-01,,16
Golbourne Medical Centre,2024-12-08,,16
Golbourne Medical Centre,2024-12-15,,16
Golbourne Medical Centre,2024-12-22,,16
Golbourne Medical Centre,2024-12-29,,16
Golbourne Medical Centre,2025-01-05,,16
Golbourne Medical Centre,2025-01-12,,16
Golbourne Medical Centre,2025-01-19,,16
Golbourne Medical Centre,2025-01-26,7,23
Golbourne Medical Centre,2025-02-02,,23
Golbourne Medical Centre,2025-02-09,,23
Golbourne Medical Centre,2025-02-16,,23
Golbourne Medical Centre,2025-02-23,,23
Golbourne Medical Centre,2025-03-02,,23
Golbourne Medical Centre,2025-03-09,,23
Golbourne Medical Centre,2025-03-16,,23
Golbourne Medical Centre,2025-03-23,,23
Golbourne Medical Centre,2025-03-30,,23
Golbourne Medical Centre,2025-04-06,,23
Golbourne Medical Centre,2025-04-13,,23
Golbourne Medical Centre,2025-04-20,,23
Golbourne Medical Centre,2025-04-27,,23
Golbourne Medical Centre,2025-05-04,,23
Golbourne Medical Centre,2025-05-11,,23
Golbourne Medical Centre,2025-05-18,,23
Golbourne Medical Centre,2025-05-25,,23
Golbourne Medical Centre,2025-06-01,,23
Golbourne Medical Centre,2025-06-08,,23
Golbourne Medical Centre,2025-06-15,3,26
Golbourne Medical Centre,2025-06-22,,26
Golbourne Medical Centre,2025-06-29,,26
Golbourne Medical Centre,2025-07-06,,26
Golbourne Medical Centre,2025-07-13,,26
Golbourne Medical Centre,2025-07-20,,26
Golbourne Medical Centre,2025-07-27,,26
Golbourne Medical Centre,2025-08-03,,26
Golbourne Medical Centre,2025-08-10,,26
Golbourne Medical Centre,2025-08-17,,26
Golbourne Medical Centre,2025-08-24,,26
Golbourne Medical Centre,2025-08-31,,26
Golbourne Medical Centre,2025-09-07,,26
Golbourne Medical Centre,2025-09-14,,26
Golbourne Medical Centre,2025-09-21,,26
Golbourne Medical Centre,2025-09-28,,26
Golbourne Medical Centre,2025-10-05,,26
Golbourne Medical Centre,2025-10-12,,26
Golbourne Medical Centre,2025-10-19,,26
Golbourne Medical Centre,2025-10-26,,26
Golbourne Medical Centre,2025-11-02,,26
Golbourne Medical Centre,2025-11-09,,26
Golbourne Medical Centre,2025-11-16,,26
Golbourne Medical Centre,2025-11-23,,26
Golbourne Medical Centre,2025-11-30,,26
Golbourne Medical Centre,2025-12-07,,26
Golbourne Medical Centre,2025-12-14,,26
Golbourne Medical Centre,2025-12-21,,26
Golbourne Medical Centre,2025-12-28,,26
Golbourne Medical Centre,2026-01-04,,26
Golbourne Medical Centre,2026-01-11,,26
Golbourne Medical Centre,2026-01-18,,26
Golbourne Medical Centre,2026-01-25,,26
Golbourne Medical Centre,2026-02-01,,26
Golbourne Medical Centre,2026-02-08,,26
Golbourne Medical Centre,2026-02-15,,26
Golbourne Medical Centre,2026-02-22,,26
Golbourne Medical Centre,2026-03-01,,26
Golbourne Medical Centre,2026-03-08,,26
Golbourne Medical Centre,2026-03-15,,26
Golbourne Medical Centre,2026-03-22,,26
Golbourne Medical Centre,2026-03-29,,26
Golbourne Medical Centre,2026-04-05,,26
Golbourne Medical Centre,2026-04-12,,26
Golbourne Medical Centre,2026-04-19,,26
Golbourne Medical Centre,2026-04-26,,26
Golbourne Medical Centre,2026-05-03,1,27
Golbourne Medical Centre,2026-05-10,,27
Golbourne Medical Centre,2026-05-17,,27
Golbourne Medical Centre,2026-05-24,,27
Golbourne Medical Centre,2026-05-31,,27
Golbourne Medical Centre,2026-06-07,,27
Great Chapel Street Medical Centre,2023-10-08,,0
Great Chapel Street Medical Centre,2023-11-05,,0
Great Chapel Street Medical Centre,2023-11-12,,0
Great Chapel Street Medical Centre,2023-11-19,,0
Great Chapel Street Medical Centre,2023-11-26,,0
Great Chapel Street Medical Centre,2023-12-03,,0
Great Chapel Street Medical Centre,2023-12-10,,0
Great Chapel Street Medical Centre,2023-12-17,,0
Great Chapel Street Medical Centre,2023-12-24,,0
Great Chapel Street Medical Centre,2023-12-31,,0
Great Chapel Street Medical Centre,2024-01-07,,0
Great Chapel Street Medical Centre,2024-01-14,,0
Great Chapel Street Medical Centre,2024-01-21,5,5
Great Chapel Street Medical Centre,2024-01-28,9,14
Great Chapel Street Medical Centre,2024-02-04,2,16
Great Chapel Street Medical Centre,2024-02-11,3,19
Great Chapel Street Medical Centre,2024-02-18,,19
Great Chapel Street Medical Centre,2024-02-25,2,21
Great Chapel Street Medical Centre,2024-03-03,,21
Great Chapel Street Medical Centre,2024-03-10,5,26
Great Chapel Street Medical Centre,2024-03-17,3,29
Great Chapel Street Medical Centre,2024-03-24,1,30
Great Chapel Street Medical Centre,2024-03-31,,30
Great Chapel Street Medical Centre,2024-04-07,2,32
Great Chapel Street Medical Centre,2024-04-14,2,34
Great Chapel Street Medical Centre,2024-04-21,3,37
Great Chapel Street Medical Centre,2024-04-28,2,39
Great Chapel Street Medical Centre,2024-05-05,,39
Great Chapel Street Medical Centre,2024-05-12,,39
Great Chapel Street Medical Centre,2024-05-19,1,40
Great Chapel Street Medical Centre,2024-05-26,2,42
Great Chapel Street Medical Centre,2024-06-02,,42
Great Chapel Street Medical Centre,2024-06-09,,42
Great Chapel Street Medical Centre,2024-06-16,2,44
Great Chapel Street Medical Centre,2024-06-23,2,46
Great Chapel Street Medical Centre,2024-06-30,2,48
Great Chapel Street Medical Centre,2024-07-07,1,49
Great Chapel Street Medical Centre,2024-07-14,1,50
Great Chapel Street Medical Centre,2024-07-21,1,51
Great Chapel Street Medical Centre,2024-07-28,2,53
Great Chapel Street Medical Centre,2024-08-04,2,55
Great Chapel Street Medical Centre,2024-08-11,2,57
Great Chapel Street Medical Centre,2024-08-18,,57
Great Chapel Street Medical Centre,2024-08-25,,57
Great Chapel Street Medical Centre,2024-09-01,,57
Great Chapel Street Medical Centre,2024-09-08,1,58
Great Chapel Street Medical Centre,2024-09-15,1,59
Great Chapel Street Medical Centre,2024-09-22,2,61
Great Chapel Street Medical Centre,2024-09-29,,61
Great Chapel Street Medical Centre,2024-10-06,,61
Great Chapel Street Medical Centre,2024-10-13,,61
Great Chapel Street Medical Centre,2024-10-20,4,65
Great Chapel Street Medical Centre,2024-10-27,1,66
Great Chapel Street Medical Centre,2024-11-03,,66
Great Chapel Street Medical Centre,2024-11-10,,66
Great Chapel Street Medical Centre,2024-11-17,1,67
Great Chapel Street Medical Centre,2024-11-24,3,70
Great Chapel Street Medical Centre,2024-12-01,3,73
Great Chapel Street Medical Centre,2024-12-08,1,74
Great Chapel Street Medical Centre,2024-12-15,1,75
Great Chapel Street Medical Centre,2024-12-22,3,78
Great Chapel Street Medical Centre,2024-12-29,1,79
Great Chapel Street Medical Centre,2025-01-05,,79
Great Chapel Street Medical Centre,2025-01-12,,79
Great Chapel Street Medical Centre,2025-01-19,,79
Great Chapel Street Medical Centre,2025-01-26,,79
Great Chapel Street Medical Centre,2025-02-02,1,80
Great Chapel Street Medical Centre,2025-02-09,2,82
Great Chapel Street Medical Centre,2025-02-16,2,84
Great Chapel Street Medical Centre,2025-02-23,,84
Great Chapel Street Medical Centre,2025-03-02,,84
Great Chapel Street Medical Centre,2025-03-09,2,86
Great Chapel Street Medical Centre,2025-03-16,,86
Great Chapel Street Medical Centre,2025-03-23,,86
Great Chapel Street Medical Centre,2025-03-30,1,87
Great Chapel Street Medical Centre,2025-04-06,,87
Great Chapel Street Medical Centre,2025-04-13,,87
Great Chapel Street Medical Centre,2025-04-20,,87
Great Chapel Street Medical Centre,2025-04-27,,87
Great Chapel Street Medical Centre,2025-05-04,,87
Great Chapel Street Medical Centre,2025-05-11,,87
Great Chapel Street Medical Centre,2025-05-18,,87
Great Chapel Street Medical Centre,2025-05-25,,87
Great Chapel Street Medical Centre,2025-06-01,,87
Great Chapel Street Medical Centre,2025-06-08,,87
Great Chapel Street Medical Centre,2025-06-15,,87
Great Chapel Street Medical Centre,2025-06-22,,87
Great Chapel Street Medical Centre,2025-06-29,2,89
Great Chapel Street Medical Centre,2025-07-06,1,90
Great Chapel Street Medical Centre,2025-07-13,,90
Great Chapel Street Medical Centre,2025-07-20,7,97
Great Chapel Street Medical Centre,2025-07-27,1,98
Great Chapel Street Medical Centre,2025-08-03,4,102
Great Chapel Street Medical Centre,2025-08-10,,102
Great Chapel Street Medical Centre,2025-08-17,3,105
Great Chapel Street Medical Centre,2025-08-24,3,108
Great Chapel Street Medical Centre,2025-08-31,1,109
Great Chapel Street Medical Centre,2025-09-07,2,111
Great Chapel Street Medical Centre,2025-09-14,,111
Great Chapel Street Medical Centre,2025-09-21,2,113
Great Chapel Street Medical Centre,2025-09-28,2,115
Great Chapel Street Medical Centre,2025-10-05,3,118
Great Chapel Street Medical Centre,2025-10-12,,118
Great Chapel Street Medical Centre,2025-10-19,1,119
Great Chapel Street Medical Centre,2025-10-26,,119
Great Chapel Street Medical Centre,2025-11-02,,119
Great Chapel Street Medical Centre,2025-11-09,,119
Great Chapel Street Medical Centre,2025-11-16,,119
Great Chapel Street Medical Centre,2025-11-23,1,120
Great Chapel Street Medical Centre,2025-11-30,,120
Great Chapel Street Medical Centre,2025-12-07,,120
Great Chapel Street Medical Centre,2025-12-14,1,121
Great Chapel Street Medical Centre,2025-12-21,,121
Great Chapel Street Medical Centre,2025-12-28,,121
Great Chapel Street Medical Centre,2026-01-04,,121
Great Chapel Street Medical Centre,2026-01-11,,121
Great Chapel Street Medical Centre,2026-01-18,,121
Great Chapel Street Medical Centre,2026-01-25,,121
Great Chapel Street Medical Centre,2026-02-01,1,122
Great Chapel Street Medical Centre,2026-02-08,,122
Great Chapel Street Medical Centre,2026-02-15,,122
Great Chapel Street Medical Centre,2026-02-22,,122
Great Chapel Street Medical Centre,2026-03-01,,122
Great Chapel Street Medical Centre,2026-03-08,1,123
Great Chapel Street Medical Centre,2026-03-15,,123
Great Chapel Street Medical Centre,2026-03-22,2,125
Great Chapel Street Medical Centre,2026-03-29,,125
Great Chapel Street Medical Centre,2026-04-05,1,126
Great Chapel Street Medical Centre,2026-04-12,,126
Great Chapel Street Medical Centre,2026-04-19,,126
Great Chapel Street Medical Centre,2026-04-26,,126
Great Chapel Street Medical Centre,2026-05-03,,126
Great Chapel Street Medical Centre,2026-05-10,1,127
Great Chapel Street Medical Centre,2026-05-17,,127
Great Chapel Street Medical Centre,2026-05-24,,127
Great Chapel Street Medical Centre,2026-05-31,,127
Great Chapel Street Medical Centre,2026-06-07,,127
Greenford Road Medical Centre,2023-10-08,,0
Greenford Road Medical Centre,2023-11-05,,0
Greenford Road Medical Centre,2023-11-12,,0
Greenford Road Medical Centre,2023-11-19,,0
Greenford Road Medical Centre,2023-11-26,,0
Greenford Road Medical Centre,2023-12-03,,0
Greenford Road Medical Centre,2023-12-10,,0
Greenford Road Medical Centre,2023-12-17,,0
Greenford Road Medical Centre,2023-12-24,,0
Greenford Road Medical Centre,2023-12-31,,0
Greenford Road Medical Centre,2024-01-07,,0
Greenford Road Medical Centre,2024-01-14,,0
Greenford Road Medical Centre,2024-01-21,,0
Greenford Road Medical Centre,2024-01-28,,0
Greenford Road Medical Centre,2024-02-04,,0
Greenford Road Medical Centre,2024-02-11,,0
Greenford Road Medical Centre,2024-02-18,,0
Greenford Road Medical Centre,2024-02-25,,0
Greenford Road Medical Centre,2024-03-03,2,2
Greenford Road Medical Centre,2024-03-10,8,10
Greenford Road Medical Centre,2024-03-17,,10
Greenford Road Medical Centre,2024-03-24,,10
Greenford Road Medical Centre,2024-03-31,9,19
Greenford Road Medical Centre,2024-04-07,14,33
Greenford Road Medical Centre,2024-04-14,11,44
Greenford Road Medical Centre,2024-04-21,10,54
Greenford Road Medical Centre,2024-04-28,4,58
Greenford Road Medical Centre,2024-05-05,8,66
Greenford Road Medical Centre,2024-05-12,11,77
Greenford Road Medical Centre,2024-05-19,14,91
Greenford Road Medical Centre,2024-05-26,30,121
Greenford Road Medical Centre,2024-06-02,15,136
Greenford Road Medical Centre,2024-06-09,14,150
Greenford Road Medical Centre,2024-06-16,12,162
Greenford Road Medical Centre,2024-06-23,21,183
Greenford Road Medical Centre,2024-06-30,8,191
Greenford Road Medical Centre,2024-07-07,7,198
Greenford Road Medical Centre,2024-07-14,12,210
Greenford Road Medical Centre,2024-07-21,7,217
Greenford Road Medical Centre,2024-07-28,4,221
Greenford Road Medical Centre,2024-08-04,5,226
Greenford Road Medical Centre,2024-08-11,9,235
Greenford Road Medical Centre,2024-08-18,6,241
Greenford Road Medical Centre,2024-08-25,6,247
Greenford Road Medical Centre,2024-09-01,5,252
Greenford Road Medical Centre,2024-09-08,3,255
Greenford Road Medical Centre,2024-09-15,6,261
Greenford Road Medical Centre,2024-09-22,,261
Greenford Road Medical Centre,2024-09-29,2,263
Greenford Road Medical Centre,2024-10-06,4,267
Greenford Road Medical Centre,2024-10-13,14,281
Greenford Road Medical Centre,2024-10-20,11,292
Greenford Road Medical Centre,2024-10-27,4,296
Greenford Road Medical Centre,2024-11-03,1,297
Greenford Road Medical Centre,2024-11-10,9,306
Greenford Road Medical Centre,2024-11-17,9,315
Greenford Road Medical Centre,2024-11-24,4,319
Greenford Road Medical Centre,2024-12-01,2,321
Greenford Road Medical Centre,2024-12-08,1,322
Greenford Road Medical Centre,2024-12-15,2,324
Greenford Road Medical Centre,2024-12-22,1,325
Greenford Road Medical Centre,2024-12-29,1,326
Greenford Road Medical Centre,2025-01-05,3,329
Greenford Road Medical Centre,2025-01-12,3,332
Greenford Road Medical Centre,2025-01-19,,332
Greenford Road Medical Centre,2025-01-26,1,333
Greenford Road Medical Centre,2025-02-02,2,335
Greenford Road Medical Centre,2025-02-09,4,339
Greenford Road Medical Centre,2025-02-16,2,341
Greenford Road Medical Centre,2025-02-23,1,342
Greenford Road Medical Centre,2025-03-02,1,343
Greenford Road Medical Centre,2025-03-09,2,345
Greenford Road Medical Centre,2025-03-16,1,346
Greenford Road Medical Centre,2025-03-23,1,347
Greenford Road Medical Centre,2025-03-30,2,349
Greenford Road Medical Centre,2025-04-06,,349
Greenford Road Medical Centre,2025-04-13,,349
Greenford Road Medical Centre,2025-04-20,,349
Greenford Road Medical Centre,2025-04-27,,349
Greenford Road Medical Centre,2025-05-04,,349
Greenford Road Medical Centre,2025-05-11,,349
Greenford Road Medical Centre,2025-05-18,,349
Greenford Road Medical Centre,2025-05-25,,349
Greenford Road Medical Centre,2025-06-01,,349
Greenford Road Medical Centre,2025-06-08,3,352
Greenford Road Medical Centre,2025-06-15,,352
Greenford Road Medical Centre,2025-06-22,,352
Greenford Road Medical Centre,2025-06-29,,352
Greenford Road Medical Centre,2025-07-06,4,356
Greenford Road Medical Centre,2025-07-13,,356
Greenford Road Medical Centre,2025-07-20,,356
Greenford Road Medical Centre,2025-07-27,1,357
Greenford Road Medical Centre,2025-08-03,,357
Greenford Road Medical Centre,2025-08-10,,357
Greenford Road Medical Centre,2025-08-17,2,359
Greenford Road Medical Centre,2025-08-24,,359
Greenford Road Medical Centre,2025-08-31,,359
Greenford Road Medical Centre,2025-09-07,,359
Greenford Road Medical Centre,2025-09-14,,359
Greenford Road Medical Centre,2025-09-21,3,362
Greenford Road Medical Centre,2025-09-28,2,364
Greenford Road Medical Centre,2025-10-05,5,369
Greenford Road Medical Centre,2025-10-12,5,374
Greenford Road Medical Centre,2025-10-19,7,381
Greenford Road Medical Centre,2025-10-26,6,387
Greenford Road Medical Centre,2025-11-02,,387
Greenford Road Medical Centre,2025-11-09,2,389
Greenford Road Medical Centre,2025-11-16,5,394
Greenford Road Medical Centre,2025-11-23,2,396
Greenford Road Medical Centre,2025-11-30,5,401
Greenford Road Medical Centre,2025-12-07,3,404
Greenford Road Medical Centre,2025-12-14,1,405
Greenford Road Medical Centre,2025-12-21,3,408
Greenford Road Medical Centre,2025-12-28,,408
Greenford Road Medical Centre,2026-01-04,,408
Greenford Road Medical Centre,2026-01-11,,408
Greenford Road Medical Centre,2026-01-18,1,409
Greenford Road Medical Centre,2026-01-25,5,414
Greenford Road Medical Centre,2026-02-01,,414
Greenford Road Medical Centre,2026-02-08,3,417
Greenford Road Medical Centre,2026-02-15,1,418
Greenford Road Medical Centre,2026-02-22,1,419
Greenford Road Medical Centre,2026-03-01,2,421
Greenford Road Medical Centre,2026-03-08,,421
Greenford Road Medical Centre,2026-03-15,3,424
Greenford Road Medical Centre,2026-03-22,2,426
Greenford Road Medical Centre,2026-03-29,1,427
Greenford Road Medical Centre,2026-04-05,1,428
Greenford Road Medical Centre,2026-04-12,,428
Greenford Road Medical Centre,2026-04-19,1,429
Greenford Road Medical Centre,2026-04-26,2,431
Greenford Road Medical Centre,2026-05-03,,431
Greenford Road Medical Centre,2026-05-10,,431
Greenford Road Medical Centre,2026-05-17,,431
Greenford Road Medical Centre,2026-05-24,,431
Greenford Road Medical Centre,2026-05-31,,431
Greenford Road Medical Centre,2026-06-07,,431
Grove Park Terrace Surgery,2023-10-08,,0
Grove Park Terrace Surgery,2023-11-05,,0
Grove Park Terrace Surgery,2023-11-12,,0
Grove Park Terrace Surgery,2023-11-19,,0
Grove Park Terrace Surgery,2023-11-26,,0
Grove Park Terrace Surgery,2023-12-03,17,17
Grove Park Terrace Surgery,2023-12-10,9,26
Grove Park Terrace Surgery,2023-12-17,6,32
Grove Park Terrace Surgery,2023-12-24,4,36
Grove Park Terrace Surgery,2023-12-31,2,38
Grove Park Terrace Surgery,2024-01-07,2,40
Grove Park Terrace Surgery,2024-01-14,4,44
Grove Park Terrace Surgery,2024-01-21,2,46
Grove Park Terrace Surgery,2024-01-28,4,50
Grove Park Terrace Surgery,2024-02-04,5,55
Grove Park Terrace Surgery,2024-02-11,5,60
Grove Park Terrace Surgery,2024-02-18,2,62
Grove Park Terrace Surgery,2024-02-25,5,67
Grove Park Terrace Surgery,2024-03-03,2,69
Grove Park Terrace Surgery,2024-03-10,1,70
Grove Park Terrace Surgery,2024-03-17,1,71
Grove Park Terrace Surgery,2024-03-24,5,76
Grove Park Terrace Surgery,2024-03-31,1,77
Grove Park Terrace Surgery,2024-04-07,3,80
Grove Park Terrace Surgery,2024-04-14,3,83
Grove Park Terrace Surgery,2024-04-21,10,93
Grove Park Terrace Surgery,2024-04-28,7,100
Grove Park Terrace Surgery,2024-05-05,1,101
Grove Park Terrace Surgery,2024-05-12,1,102
Grove Park Terrace Surgery,2024-05-19,1,103
Grove Park Terrace Surgery,2024-05-26,2,105
Grove Park Terrace Surgery,2024-06-02,1,106
Grove Park Terrace Surgery,2024-06-09,5,111
Grove Park Terrace Surgery,2024-06-16,10,121
Grove Park Terrace Surgery,2024-06-23,18,139
Grove Park Terrace Surgery,2024-06-30,11,150
Grove Park Terrace Surgery,2024-07-07,3,153
Grove Park Terrace Surgery,2024-07-14,5,158
Grove Park Terrace Surgery,2024-07-21,1,159
Grove Park Terrace Surgery,2024-07-28,,159
Grove Park Terrace Surgery,2024-08-04,1,160
Grove Park Terrace Surgery,2024-08-11,5,165
Grove Park Terrace Surgery,2024-08-18,3,168
Grove Park Terrace Surgery,2024-08-25,,168
Grove Park Terrace Surgery,2024-09-01,1,169
Grove Park Terrace Surgery,2024-09-08,2,171
Grove Park Terrace Surgery,2024-09-15,3,174
Grove Park Terrace Surgery,2024-09-22,4,178
Grove Park Terrace Surgery,2024-09-29,3,181
Grove Park Terrace Surgery,2024-10-06,5,186
Grove Park Terrace Surgery,2024-10-13,6,192
Grove Park Terrace Surgery,2024-10-20,1,193
Grove Park Terrace Surgery,2024-10-27,,193
Grove Park Terrace Surgery,2024-11-03,,193
Grove Park Terrace Surgery,2024-11-10,2,195
Grove Park Terrace Surgery,2024-11-17,2,197
Grove Park Terrace Surgery,2024-11-24,1,198
Grove Park Terrace Surgery,2024-12-01,1,199
Grove Park Terrace Surgery,2024-12-08,1,200
Grove Park Terrace Surgery,2024-12-15,1,201
Grove Park Terrace Surgery,2024-12-22,1,202
Grove Park Terrace Surgery,2024-12-29,,202
Grove Park Terrace Surgery,2025-01-05,1,203
Grove Park Terrace Surgery,2025-01-12,2,205
Grove Park Terrace Surgery,2025-01-19,,205
Grove Park Terrace Surgery,2025-01-26,,205
Grove Park Terrace Surgery,2025-02-02,2,207
Grove Park Terrace Surgery,2025-02-09,,207
Grove Park Terrace Surgery,2025-02-16,,207
Grove Park Terrace Surgery,2025-02-23,,207
Grove Park Terrace Surgery,2025-03-02,,207
Grove Park Terrace Surgery,2025-03-09,,207
Grove Park Terrace Surgery,2025-03-16,,207
Grove Park Terrace Surgery,2025-03-23,,207
Grove Park Terrace Surgery,2025-03-30,,207
Grove Park Terrace Surgery,2025-04-06,1,208
Grove Park Terrace Surgery,2025-04-13,1,209
Grove Park Terrace Surgery,2025-04-20,,209
Grove Park Terrace Surgery,2025-04-27,2,211
Grove Park Terrace Surgery,2025-05-04,4,215
Grove Park Terrace Surgery,2025-05-11,1,216
Grove Park Terrace Surgery,2025-05-18,,216
Grove Park Terrace Surgery,2025-05-25,,216
Grove Park Terrace Surgery,2025-06-01,1,217
Grove Park Terrace Surgery,2025-06-08,,217
Grove Park Terrace Surgery,2025-06-15,,217
Grove Park Terrace Surgery,2025-06-22,,217
Grove Park Terrace Surgery,2025-06-29,,217
Grove Park Terrace Surgery,2025-07-06,,217
Grove Park Terrace Surgery,2025-07-13,,217
Grove Park Terrace Surgery,2025-07-20,,217
Grove Park Terrace Surgery,2025-07-27,,217
Grove Park Terrace Surgery,2025-08-03,,217
Grove Park Terrace Surgery,2025-08-10,,217
Grove Park Terrace Surgery,2025-08-17,1,218
Grove Park Terrace Surgery,2025-08-24,1,219
Grove Park Terrace Surgery,2025-08-31,2,221
Grove Park Terrace Surgery,2025-09-07,1,222
Grove Park Terrace Surgery,2025-09-14,,222
Grove Park Terrace Surgery,2025-09-21,5,227
Grove Park Terrace Surgery,2025-09-28,1,228
Grove Park Terrace Surgery,2025-10-05,3,231
Grove Park Terrace Surgery,2025-10-12,,231
Grove Park Terrace Surgery,2025-10-19,1,232
Grove Park Terrace Surgery,2025-10-26,4,236
Grove Park Terrace Surgery,2025-11-02,,236
Grove Park Terrace Surgery,2025-11-09,1,237
Grove Park Terrace Surgery,2025-11-16,5,242
Grove Park Terrace Surgery,2025-11-23,1,243
Grove Park Terrace Surgery,2025-11-30,2,245
Grove Park Terrace Surgery,2025-12-07,3,248
Grove Park Terrace Surgery,2025-12-14,1,249
Grove Park Terrace Surgery,2025-12-21,,249
Grove Park Terrace Surgery,2025-12-28,,249
Grove Park Terrace Surgery,2026-01-04,,249
Grove Park Terrace Surgery,2026-01-11,,249
Grove Park Terrace Surgery,2026-01-18,,249
Grove Park Terrace Surgery,2026-01-25,,249
Grove Park Terrace Surgery,2026-02-01,1,250
Grove Park Terrace Surgery,2026-02-08,,250
Grove Park Terrace Surgery,2026-02-15,3,253
Grove Park Terrace Surgery,2026-02-22,,253
Grove Park Terrace Surgery,2026-03-01,1,254
Grove Park Terrace Surgery,2026-03-08,,254
Grove Park Terrace Surgery,2026-03-15,,254
Grove Park Terrace Surgery,2026-03-22,,254
Grove Park Terrace Surgery,2026-03-29,,254
Grove Park Terrace Surgery,2026-04-05,,254
Grove Park Terrace Surgery,2026-04-12,,254
Grove Park Terrace Surgery,2026-04-19,,254
Grove Park Terrace Surgery,2026-04-26,,254
Grove Park Terrace Surgery,2026-05-03,2,256
Grove Park Terrace Surgery,2026-05-10,,256
Grove Park Terrace Surgery,2026-05-17,,256
Grove Park Terrace Surgery,2026-05-24,,256
Grove Park Terrace Surgery,2026-05-31,,256
Grove Park Terrace Surgery,2026-06-07,,256
Guru Nanak Medical Centre,2023-10-08,,0
Guru Nanak Medical Centre,2023-11-05,,0
Guru Nanak Medical Centre,2023-11-12,,0
Guru Nanak Medical Centre,2023-11-19,,0
Guru Nanak Medical Centre,2023-11-26,,0
Guru Nanak Medical Centre,2023-12-03,,0
Guru Nanak Medical Centre,2023-12-10,,0
Guru Nanak Medical Centre,2023-12-17,,0
Guru Nanak Medical Centre,2023-12-24,,0
Guru Nanak Medical Centre,2023-12-31,,0
Guru Nanak Medical Centre,2024-01-07,,0
Guru Nanak Medical Centre,2024-01-14,4,4
Guru Nanak Medical Centre,2024-01-21,1,5
Guru Nanak Medical Centre,2024-01-28,,5
Guru Nanak Medical Centre,2024-02-04,1,6
Guru Nanak Medical Centre,2024-02-11,1,7
Guru Nanak Medical Centre,2024-02-18,6,13
Guru Nanak Medical Centre,2024-02-25,6,19
Guru Nanak Medical Centre,2024-03-03,2,21
Guru Nanak Medical Centre,2024-03-10,,21
Guru Nanak Medical Centre,2024-03-17,2,23
Guru Nanak Medical Centre,2024-03-24,,23
Guru Nanak Medical Centre,2024-03-31,,23
Guru Nanak Medical Centre,2024-04-07,1,24
Guru Nanak Medical Centre,2024-04-14,,24
Guru Nanak Medical Centre,2024-04-21,2,26
Guru Nanak Medical Centre,2024-04-28,,26
Guru Nanak Medical Centre,2024-05-05,1,27
Guru Nanak Medical Centre,2024-05-12,,27
Guru Nanak Medical Centre,2024-05-19,,27
Guru Nanak Medical Centre,2024-05-26,,27
Guru Nanak Medical Centre,2024-06-02,,27
Guru Nanak Medical Centre,2024-06-09,,27
Guru Nanak Medical Centre,2024-06-16,1,28
Guru Nanak Medical Centre,2024-06-23,,28
Guru Nanak Medical Centre,2024-06-30,,28
Guru Nanak Medical Centre,2024-07-07,,28
Guru Nanak Medical Centre,2024-07-14,,28
Guru Nanak Medical Centre,2024-07-21,,28
Guru Nanak Medical Centre,2024-07-28,,28
Guru Nanak Medical Centre,2024-08-04,,28
Guru Nanak Medical Centre,2024-08-11,,28
Guru Nanak Medical Centre,2024-08-18,,28
Guru Nanak Medical Centre,2024-08-25,,28
Guru Nanak Medical Centre,2024-09-01,,28
Guru Nanak Medical Centre,2024-09-08,,28
Guru Nanak Medical Centre,2024-09-15,,28
Guru Nanak Medical Centre,2024-09-22,,28
Guru Nanak Medical Centre,2024-09-29,,28
Guru Nanak Medical Centre,2024-10-06,,28
Guru Nanak Medical Centre,2024-10-13,,28
Guru Nanak Medical Centre,2024-10-20,,28
Guru Nanak Medical Centre,2024-10-27,,28
Guru Nanak Medical Centre,2024-11-03,1,29
Guru Nanak Medical Centre,2024-11-10,,29
Guru Nanak Medical Centre,2024-11-17,,29
Guru Nanak Medical Centre,2024-11-24,2,31
Guru Nanak Medical Centre,2024-12-01,,31
Guru Nanak Medical Centre,2024-12-08,1,32
Guru Nanak Medical Centre,2024-12-15,,32
Guru Nanak Medical Centre,2024-12-22,1,33
Guru Nanak Medical Centre,2024-12-29,,33
Guru Nanak Medical Centre,2025-01-05,3,36
Guru Nanak Medical Centre,2025-01-12,,36
Guru Nanak Medical Centre,2025-01-19,,36
Guru Nanak Medical Centre,2025-01-26,,36
Guru Nanak Medical Centre,2025-02-02,,36
Guru Nanak Medical Centre,2025-02-09,,36
Guru Nanak Medical Centre,2025-02-16,,36
Guru Nanak Medical Centre,2025-02-23,1,37
Guru Nanak Medical Centre,2025-03-02,,37
Guru Nanak Medical Centre,2025-03-09,,37
Guru Nanak Medical Centre,2025-03-16,,37
Guru Nanak Medical Centre,2025-03-23,,37
Guru Nanak Medical Centre,2025-03-30,,37
Guru Nanak Medical Centre,2025-04-06,,37
Guru Nanak Medical Centre,2025-04-13,,37
Guru Nanak Medical Centre,2025-04-20,,37
Guru Nanak Medical Centre,2025-04-27,,37
Guru Nanak Medical Centre,2025-05-04,,37
Guru Nanak Medical Centre,2025-05-11,,37
Guru Nanak Medical Centre,2025-05-18,,37
Guru Nanak Medical Centre,2025-05-25,,37
Guru Nanak Medical Centre,2025-06-01,,37
Guru Nanak Medical Centre,2025-06-08,,37
Guru Nanak Medical Centre,2025-06-15,,37
Guru Nanak Medical Centre,2025-06-22,,37
Guru Nanak Medical Centre,2025-06-29,,37
Guru Nanak Medical Centre,2025-07-06,,37
Guru Nanak Medical Centre,2025-07-13,,37
Guru Nanak Medical Centre,2025-07-20,,37
Guru Nanak Medical Centre,2025-07-27,,37
Guru Nanak Medical Centre,2025-08-03,,37
Guru Nanak Medical Centre,2025-08-10,,37
Guru Nanak Medical Centre,2025-08-17,,37
Guru Nanak Medical Centre,2025-08-24,4,41
Guru Nanak Medical Centre,2025-08-31,1,42
Guru Nanak Medical Centre,2025-09-07,1,43
Guru Nanak Medical Centre,2025-09-14,,43
Guru Nanak Medical Centre,2025-09-21,,43
Guru Nanak Medical Centre,2025-09-28,,43
Guru Nanak Medical Centre,2025-10-05,,43
Guru Nanak Medical Centre,2025-10-12,,43
Guru Nanak Medical Centre,2025-10-19,,43
Guru Nanak Medical Centre,2025-10-26,,43
Guru Nanak Medical Centre,2025-11-02,,43
Guru Nanak Medical Centre,2025-11-09,,43
Guru Nanak Medical Centre,2025-11-16,,43
Guru Nanak Medical Centre,2025-11-23,,43
Guru Nanak Medical Centre,2025-11-30,,43
Guru Nanak Medical Centre,2025-12-07,,43
Guru Nanak Medical Centre,2025-12-14,,43
Guru Nanak Medical Centre,2025-12-21,,43
Guru Nanak Medical Centre,2025-12-28,,43
Guru Nanak Medical Centre,2026-01-04,,43
Guru Nanak Medical Centre,2026-01-11,,43
Guru Nanak Medical Centre,2026-01-18,,43
Guru Nanak Medical Centre,2026-01-25,,43
Guru Nanak Medical Centre,2026-02-01,,43
Guru Nanak Medical Centre,2026-02-08,,43
Guru Nanak Medical Centre,2026-02-15,,43
Guru Nanak Medical Centre,2026-02-22,,43
Guru Nanak Medical Centre,2026-03-01,,43
Guru Nanak Medical Centre,2026-03-08,,43
Guru Nanak Medical Centre,2026-03-15,,43
Guru Nanak Medical Centre,2026-03-22,,43
Guru Nanak Medical Centre,2026-03-29,,43
Guru Nanak Medical Centre,2026-04-05,,43
Guru Nanak Medical Centre,2026-04-12,,43
Guru Nanak Medical Centre,2026-04-19,,43
Guru Nanak Medical Centre,2026-04-26,,43
Guru Nanak Medical Centre,2026-05-03,,43
Guru Nanak Medical Centre,2026-05-10,,43
Guru Nanak Medical Centre,2026-05-17,,43
Guru Nanak Medical Centre,2026-05-24,1,44
Guru Nanak Medical Centre,2026-05-31,1,45
Guru Nanak Medical Centre,2026-06-07,,45
Half Penny Steps Health Care,2023-10-08,,0
Half Penny Steps Health Care,2023-11-05,,0
Half Penny Steps Health Care,2023-11-12,,0
Half Penny Steps Health Care,2023-11-19,,0
Half Penny Steps Health Care,2023-11-26,,0
Half Penny Steps Health Care,2023-12-03,,0
Half Penny Steps Health Care,2023-12-10,,0
Half Penny Steps Health Care,2023-12-17,,0
Half Penny Steps Health Care,2023-12-24,,0
Half Penny Steps Health Care,2023-12-31,,0
Half Penny Steps Health Care,2024-01-07,,0
Half Penny Steps Health Care,2024-01-14,,0
Half Penny Steps Health Care,2024-01-21,,0
Half Penny Steps Health Care,2024-01-28,,0
Half Penny Steps Health Care,2024-02-04,,0
Half Penny Steps Health Care,2024-02-11,,0
Half Penny Steps Health Care,2024-02-18,,0
Half Penny Steps Health Care,2024-02-25,,0
Half Penny Steps Health Care,2024-03-03,,0
Half Penny Steps Health Care,2024-03-10,3,3
Half Penny Steps Health Care,2024-03-17,,3
Half Penny Steps Health Care,2024-03-24,,3
Half Penny Steps Health Care,2024-03-31,,3
Half Penny Steps Health Care,2024-04-07,,3
Half Penny Steps Health Care,2024-04-14,1,4
Half Penny Steps Health Care,2024-04-21,,4
Half Penny Steps Health Care,2024-04-28,,4
Half Penny Steps Health Care,2024-05-05,,4
Half Penny Steps Health Care,2024-05-12,1,5
Half Penny Steps Health Care,2024-05-19,,5
Half Penny Steps Health Care,2024-05-26,1,6
Half Penny Steps Health Care,2024-06-02,,6
Half Penny Steps Health Care,2024-06-09,,6
Half Penny Steps Health Care,2024-06-16,,6
Half Penny Steps Health Care,2024-06-23,,6
Half Penny Steps Health Care,2024-06-30,,6
Half Penny Steps Health Care,2024-07-07,,6
Half Penny Steps Health Care,2024-07-14,,6
Half Penny Steps Health Care,2024-07-21,,6
Half Penny Steps Health Care,2024-07-28,,6
Half Penny Steps Health Care,2024-08-04,1,7
Half Penny Steps Health Care,2024-08-11,,7
Half Penny Steps Health Care,2024-08-18,,7
Half Penny Steps Health Care,2024-08-25,,7
Half Penny Steps Health Care,2024-09-01,,7
Half Penny Steps Health Care,2024-09-08,,7
Half Penny Steps Health Care,2024-09-15,1,8
Half Penny Steps Health Care,2024-09-22,,8
Half Penny Steps Health Care,2024-09-29,,8
Half Penny Steps Health Care,2024-10-06,,8
Half Penny Steps Health Care,2024-10-13,,8
Half Penny Steps Health Care,2024-10-20,,8
Half Penny Steps Health Care,2024-10-27,,8
Half Penny Steps Health Care,2024-11-03,,8
Half Penny Steps Health Care,2024-11-10,,8
Half Penny Steps Health Care,2024-11-17,,8
Half Penny Steps Health Care,2024-11-24,,8
Half Penny Steps Health Care,2024-12-01,,8
Half Penny Steps Health Care,2024-12-08,,8
Half Penny Steps Health Care,2024-12-15,,8
Half Penny Steps Health Care,2024-12-22,,8
Half Penny Steps Health Care,2024-12-29,,8
Half Penny Steps Health Care,2025-01-05,,8
Half Penny Steps Health Care,2025-01-12,,8
Half Penny Steps Health Care,2025-01-19,,8
Half Penny Steps Health Care,2025-01-26,,8
Half Penny Steps Health Care,2025-02-02,,8
Half Penny Steps Health Care,2025-02-09,,8
Half Penny Steps Health Care,2025-02-16,,8
Half Penny Steps Health Care,2025-02-23,,8
Half Penny Steps Health Care,2025-03-02,,8
Half Penny Steps Health Care,2025-03-09,,8
Half Penny Steps Health Care,2025-03-16,,8
Half Penny Steps Health Care,2025-03-23,,8
Half Penny Steps Health Care,2025-03-30,,8
Half Penny Steps Health Care,2025-04-06,,8
Half Penny Steps Health Care,2025-04-13,,8
Half Penny Steps Health Care,2025-04-20,,8
Half Penny Steps Health Care,2025-04-27,,8
Half Penny Steps Health Care,2025-05-04,,8
Half Penny Steps Health Care,2025-05-11,,8
Half Penny Steps Health Care,2025-05-18,,8
Half Penny Steps Health Care,2025-05-25,,8
Half Penny Steps Health Care,2025-06-01,,8
Half Penny Steps Health Care,2025-06-08,,8
Half Penny Steps Health Care,2025-06-15,,8
Half Penny Steps Health Care,2025-06-22,,8
Half Penny Steps Health Care,2025-06-29,,8
Half Penny Steps Health Care,2025-07-06,,8
Half Penny Steps Health Care,2025-07-13,,8
Half Penny Steps Health Care,2025-07-20,,8
Half Penny Steps Health Care,2025-07-27,,8
Half Penny Steps Health Care,2025-08-03,,8
Half Penny Steps Health Care,2025-08-10,,8
Half Penny Steps Health Care,2025-08-17,,8
Half Penny Steps Health Care,2025-08-24,,8
Half Penny Steps Health Care,2025-08-31,,8
Half Penny Steps Health Care,2025-09-07,,8
Half Penny Steps Health Care,2025-09-14,,8
Half Penny Steps Health Care,2025-09-21,,8
Half Penny Steps Health Care,2025-09-28,,8
Half Penny Steps Health Care,2025-10-05,,8
Half Penny Steps Health Care,2025-10-12,,8
Half Penny Steps Health Care,2025-10-19,,8
Half Penny Steps Health Care,2025-10-26,,8
Half Penny Steps Health Care,2025-11-02,,8
Half Penny Steps Health Care,2025-11-09,,8
Half Penny Steps Health Care,2025-11-16,,8
Half Penny Steps Health Care,2025-11-23,,8
Half Penny Steps Health Care,2025-11-30,,8
Half Penny Steps Health Care,2025-12-07,,8
Half Penny Steps Health Care,2025-12-14,,8
Half Penny Steps Health Care,2025-12-21,,8
Half Penny Steps Health Care,2025-12-28,,8
Half Penny Steps Health Care,2026-01-04,,8
Half Penny Steps Health Care,2026-01-11,,8
Half Penny Steps Health Care,2026-01-18,,8
Half Penny Steps Health Care,2026-01-25,,8
Half Penny Steps Health Care,2026-02-01,,8
Half Penny Steps Health Care,2026-02-08,,8
Half Penny Steps Health Care,2026-02-15,,8
Half Penny Steps Health Care,2026-02-22,,8
Half Penny Steps Health Care,2026-03-01,,8
Half Penny Steps Health Care,2026-03-08,,8
Half Penny Steps Health Care,2026-03-15,,8
Half Penny Steps Health Care,2026-03-22,,8
Half Penny Steps Health Care,2026-03-29,,8
Half Penny Steps Health Care,2026-04-05,,8
Half Penny Steps Health Care,2026-04-12,,8
Half Penny Steps Health Care,2026-04-19,,8
Half Penny Steps Health Care,2026-04-26,,8
Half Penny Steps Health Care,2026-05-03,,8
Half Penny Steps Health Care,2026-05-10,,8
Half Penny Steps Health Care,2026-05-17,,8
Half Penny Steps Health Care,2026-05-24,,8
Half Penny Steps Health Care,2026-05-31,,8
Half Penny Steps Health Care,2026-06-07,,8
Hammersmith Surgery,2023-10-08,,0
Hammersmith Surgery,2023-11-05,,0
Hammersmith Surgery,2023-11-12,,0
Hammersmith Surgery,2023-11-19,,0
Hammersmith Surgery,2023-11-26,,0
Hammersmith Surgery,2023-12-03,,0
Hammersmith Surgery,2023-12-10,,0
Hammersmith Surgery,2023-12-17,,0
Hammersmith Surgery,2023-12-24,,0
Hammersmith Surgery,2023-12-31,,0
Hammersmith Surgery,2024-01-07,,0
Hammersmith Surgery,2024-01-14,,0
Hammersmith Surgery,2024-01-21,,0
Hammersmith Surgery,2024-01-28,,0
Hammersmith Surgery,2024-02-04,,0
Hammersmith Surgery,2024-02-11,,0
Hammersmith Surgery,2024-02-18,,0
Hammersmith Surgery,2024-02-25,,0
Hammersmith Surgery,2024-03-03,,0
Hammersmith Surgery,2024-03-10,8,8
Hammersmith Surgery,2024-03-17,9,17
Hammersmith Surgery,2024-03-24,13,30
Hammersmith Surgery,2024-03-31,3,33
Hammersmith Surgery,2024-04-07,2,35
Hammersmith Surgery,2024-04-14,4,39
Hammersmith Surgery,2024-04-21,4,43
Hammersmith Surgery,2024-04-28,8,51
Hammersmith Surgery,2024-05-05,3,54
Hammersmith Surgery,2024-05-12,4,58
Hammersmith Surgery,2024-05-19,4,62
Hammersmith Surgery,2024-05-26,5,67
Hammersmith Surgery,2024-06-02,3,70
Hammersmith Surgery,2024-06-09,4,74
Hammersmith Surgery,2024-06-16,3,77
Hammersmith Surgery,2024-06-23,3,80
Hammersmith Surgery,2024-06-30,3,83
Hammersmith Surgery,2024-07-07,3,86
Hammersmith Surgery,2024-07-14,4,90
Hammersmith Surgery,2024-07-21,1,91
Hammersmith Surgery,2024-07-28,4,95
Hammersmith Surgery,2024-08-04,7,102
Hammersmith Surgery,2024-08-11,2,104
Hammersmith Surgery,2024-08-18,6,110
Hammersmith Surgery,2024-08-25,3,113
Hammersmith Surgery,2024-09-01,1,114
Hammersmith Surgery,2024-09-08,6,120
Hammersmith Surgery,2024-09-15,7,127
Hammersmith Surgery,2024-09-22,2,129
Hammersmith Surgery,2024-09-29,3,132
Hammersmith Surgery,2024-10-06,1,133
Hammersmith Surgery,2024-10-13,2,135
Hammersmith Surgery,2024-10-20,1,136
Hammersmith Surgery,2024-10-27,2,138
Hammersmith Surgery,2024-11-03,,138
Hammersmith Surgery,2024-11-10,,138
Hammersmith Surgery,2024-11-17,1,139
Hammersmith Surgery,2024-11-24,1,140
Hammersmith Surgery,2024-12-01,1,141
Hammersmith Surgery,2024-12-08,,141
Hammersmith Surgery,2024-12-15,1,142
Hammersmith Surgery,2024-12-22,,142
Hammersmith Surgery,2024-12-29,,142
Hammersmith Surgery,2025-01-05,,142
Hammersmith Surgery,2025-01-12,1,143
Hammersmith Surgery,2025-01-19,2,145
Hammersmith Surgery,2025-01-26,3,148
Hammersmith Surgery,2025-02-02,6,154
Hammersmith Surgery,2025-02-09,2,156
Hammersmith Surgery,2025-02-16,2,158
Hammersmith Surgery,2025-02-23,4,162
Hammersmith Surgery,2025-03-02,1,163
Hammersmith Surgery,2025-03-09,4,167
Hammersmith Surgery,2025-03-16,,167
Hammersmith Surgery,2025-03-23,1,168
Hammersmith Surgery,2025-03-30,1,169
Hammersmith Surgery,2025-04-06,2,171
Hammersmith Surgery,2025-04-13,1,172
Hammersmith Surgery,2025-04-20,1,173
Hammersmith Surgery,2025-04-27,1,174
Hammersmith Surgery,2025-05-04,4,178
Hammersmith Surgery,2025-05-11,,178
Hammersmith Surgery,2025-05-18,1,179
Hammersmith Surgery,2025-05-25,2,181
Hammersmith Surgery,2025-06-01,1,182
Hammersmith Surgery,2025-06-08,,182
Hammersmith Surgery,2025-06-15,2,184
Hammersmith Surgery,2025-06-22,1,185
Hammersmith Surgery,2025-06-29,,185
Hammersmith Surgery,2025-07-06,3,188
Hammersmith Surgery,2025-07-13,4,192
Hammersmith Surgery,2025-07-20,2,194
Hammersmith Surgery,2025-07-27,4,198
Hammersmith Surgery,2025-08-03,1,199
Hammersmith Surgery,2025-08-10,1,200
Hammersmith Surgery,2025-08-17,2,202
Hammersmith Surgery,2025-08-24,8,210
Hammersmith Surgery,2025-08-31,3,213
Hammersmith Surgery,2025-09-07,4,217
Hammersmith Surgery,2025-09-14,5,222
Hammersmith Surgery,2025-09-21,5,227
Hammersmith Surgery,2025-09-28,4,231
Hammersmith Surgery,2025-10-05,2,233
Hammersmith Surgery,2025-10-12,4,237
Hammersmith Surgery,2025-10-19,5,242
Hammersmith Surgery,2025-10-26,5,247
Hammersmith Surgery,2025-11-02,7,254
Hammersmith Surgery,2025-11-09,2,256
Hammersmith Surgery,2025-11-16,5,261
Hammersmith Surgery,2025-11-23,6,267
Hammersmith Surgery,2025-11-30,6,273
Hammersmith Surgery,2025-12-07,2,275
Hammersmith Surgery,2025-12-14,5,280
Hammersmith Surgery,2025-12-21,4,284
Hammersmith Surgery,2025-12-28,3,287
Hammersmith Surgery,2026-01-04,1,288
Hammersmith Surgery,2026-01-11,,288
Hammersmith Surgery,2026-01-18,2,290
Hammersmith Surgery,2026-01-25,,290
Hammersmith Surgery,2026-02-01,,290
Hammersmith Surgery,2026-02-08,,290
Hammersmith Surgery,2026-02-15,6,296
Hammersmith Surgery,2026-02-22,2,298
Hammersmith Surgery,2026-03-01,4,302
Hammersmith Surgery,2026-03-08,1,303
Hammersmith Surgery,2026-03-15,1,304
Hammersmith Surgery,2026-03-22,1,305
Hammersmith Surgery,2026-03-29,,305
Hammersmith Surgery,2026-04-05,4,309
Hammersmith Surgery,2026-04-12,,309
Hammersmith Surgery,2026-04-19,2,311
Hammersmith Surgery,2026-04-26,,311
Hammersmith Surgery,2026-05-03,1,312
Hammersmith Surgery,2026-05-10,1,313
Hammersmith Surgery,2026-05-17,,313
Hammersmith Surgery,2026-05-24,5,318
Hammersmith Surgery,2026-05-31,1,319
Hammersmith Surgery,2026-06-07,,319
Headstone Road Surgery,2023-10-08,,0
Headstone Road Surgery,2023-11-05,,0
Headstone Road Surgery,2023-11-12,,0
Headstone Road Surgery,2023-11-19,,0
Headstone Road Surgery,2023-11-26,,0
Headstone Road Surgery,2023-12-03,,0
Headstone Road Surgery,2023-12-10,,0
Headstone Road Surgery,2023-12-17,,0
Headstone Road Surgery,2023-12-24,,0
Headstone Road Surgery,2023-12-31,,0
Headstone Road Surgery,2024-01-07,,0
Headstone Road Surgery,2024-01-14,10,10
Headstone Road Surgery,2024-01-21,3,13
Headstone Road Surgery,2024-01-28,8,21
Headstone Road Surgery,2024-02-04,13,34
Headstone Road Surgery,2024-02-11,1,35
Headstone Road Surgery,2024-02-18,1,36
Headstone Road Surgery,2024-02-25,,36
Headstone Road Surgery,2024-03-03,3,39
Headstone Road Surgery,2024-03-10,7,46
Headstone Road Surgery,2024-03-17,,46
Headstone Road Surgery,2024-03-24,3,49
Headstone Road Surgery,2024-03-31,,49
Headstone Road Surgery,2024-04-07,,49
Headstone Road Surgery,2024-04-14,1,50
Headstone Road Surgery,2024-04-21,,50
Headstone Road Surgery,2024-04-28,,50
Headstone Road Surgery,2024-05-05,1,51
Headstone Road Surgery,2024-05-12,5,56
Headstone Road Surgery,2024-05-19,1,57
Headstone Road Surgery,2024-05-26,1,58
Headstone Road Surgery,2024-06-02,1,59
Headstone Road Surgery,2024-06-09,1,60
Headstone Road Surgery,2024-06-16,,60
Headstone Road Surgery,2024-06-23,1,61
Headstone Road Surgery,2024-06-30,,61
Headstone Road Surgery,2024-07-07,5,66
Headstone Road Surgery,2024-07-14,,66
Headstone Road Surgery,2024-07-21,,66
Headstone Road Surgery,2024-07-28,,66
Headstone Road Surgery,2024-08-04,,66
Headstone Road Surgery,2024-08-11,2,68
Headstone Road Surgery,2024-08-18,,68
Headstone Road Surgery,2024-08-25,,68
Headstone Road Surgery,2024-09-01,,68
Headstone Road Surgery,2024-09-08,,68
Headstone Road Surgery,2024-09-15,,68
Headstone Road Surgery,2024-09-22,1,69
Headstone Road Surgery,2024-09-29,,69
Headstone Road Surgery,2024-10-06,2,71
Headstone Road Surgery,2024-10-13,,71
Headstone Road Surgery,2024-10-20,1,72
Headstone Road Surgery,2024-10-27,,72
Headstone Road Surgery,2024-11-03,,72
Headstone Road Surgery,2024-11-10,,72
Headstone Road Surgery,2024-11-17,,72
Headstone Road Surgery,2024-11-24,1,73
Headstone Road Surgery,2024-12-01,,73
Headstone Road Surgery,2024-12-08,,73
Headstone Road Surgery,2024-12-15,,73
Headstone Road Surgery,2024-12-22,,73
Headstone Road Surgery,2024-12-29,,73
Headstone Road Surgery,2025-01-05,2,75
Headstone Road Surgery,2025-01-12,,75
Headstone Road Surgery,2025-01-19,1,76
Headstone Road Surgery,2025-01-26,1,77
Headstone Road Surgery,2025-02-02,,77
Headstone Road Surgery,2025-02-09,2,79
Headstone Road Surgery,2025-02-16,1,80
Headstone Road Surgery,2025-02-23,,80
Headstone Road Surgery,2025-03-02,,80
Headstone Road Surgery,2025-03-09,,80
Headstone Road Surgery,2025-03-16,,80
Headstone Road Surgery,2025-03-23,,80
Headstone Road Surgery,2025-03-30,,80
Headstone Road Surgery,2025-04-06,,80
Headstone Road Surgery,2025-04-13,,80
Headstone Road Surgery,2025-04-20,,80
Headstone Road Surgery,2025-04-27,,80
Headstone Road Surgery,2025-05-04,,80
Headstone Road Surgery,2025-05-11,,80
Headstone Road Surgery,2025-05-18,,80
Headstone Road Surgery,2025-05-25,,80
Headstone Road Surgery,2025-06-01,,80
Headstone Road Surgery,2025-06-08,,80
Headstone Road Surgery,2025-06-15,,80
Headstone Road Surgery,2025-06-22,,80
Headstone Road Surgery,2025-06-29,,80
Headstone Road Surgery,2025-07-06,,80
Headstone Road Surgery,2025-07-13,1,81
Headstone Road Surgery,2025-07-20,2,83
Headstone Road Surgery,2025-07-27,,83
Headstone Road Surgery,2025-08-03,,83
Headstone Road Surgery,2025-08-10,,83
Headstone Road Surgery,2025-08-17,,83
Headstone Road Surgery,2025-08-24,,83
Headstone Road Surgery,2025-08-31,1,84
Headstone Road Surgery,2025-09-07,,84
Headstone Road Surgery,2025-09-14,,84
Headstone Road Surgery,2025-09-21,4,88
Headstone Road Surgery,2025-09-28,,88
Headstone Road Surgery,2025-10-05,3,91
Headstone Road Surgery,2025-10-12,,91
Headstone Road Surgery,2025-10-19,,91
Headstone Road Surgery,2025-10-26,8,99
Headstone Road Surgery,2025-11-02,5,104
Headstone Road Surgery,2025-11-09,,104
Headstone Road Surgery,2025-11-16,1,105
Headstone Road Surgery,2025-11-23,,105
Headstone Road Surgery,2025-11-30,1,106
Headstone Road Surgery,2025-12-07,2,108
Headstone Road Surgery,2025-12-14,1,109
Headstone Road Surgery,2025-12-21,1,110
Headstone Road Surgery,2025-12-28,,110
Headstone Road Surgery,2026-01-04,,110
Headstone Road Surgery,2026-01-11,2,112
Headstone Road Surgery,2026-01-18,1,113
Headstone Road Surgery,2026-01-25,,113
Headstone Road Surgery,2026-02-01,1,114
Headstone Road Surgery,2026-02-08,1,115
Headstone Road Surgery,2026-02-15,1,116
Headstone Road Surgery,2026-02-22,4,120
Headstone Road Surgery,2026-03-01,,120
Headstone Road Surgery,2026-03-08,5,125
Headstone Road Surgery,2026-03-15,1,126
Headstone Road Surgery,2026-03-22,1,127
Headstone Road Surgery,2026-03-29,1,128
Headstone Road Surgery,2026-04-05,3,131
Headstone Road Surgery,2026-04-12,,131
Headstone Road Surgery,2026-04-19,1,132
Headstone Road Surgery,2026-04-26,4,136
Headstone Road Surgery,2026-05-03,1,137
Headstone Road Surgery,2026-05-10,1,138
Headstone Road Surgery,2026-05-17,2,140
Headstone Road Surgery,2026-05-24,3,143
Headstone Road Surgery,2026-05-31,,143
Headstone Road Surgery,2026-06-07,,143
High Street Surgery,2023-10-08,,0
High Street Surgery,2023-11-05,,0
High Street Surgery,2023-11-12,,0
High Street Surgery,2023-11-19,,0
High Street Surgery,2023-11-26,,0
High Street Surgery,2023-12-03,,0
High Street Surgery,2023-12-10,,0
High Street Surgery,2023-12-17,,0
High Street Surgery,2023-12-24,,0
High Street Surgery,2023-12-31,,0
High Street Surgery,2024-01-07,,0
High Street Surgery,2024-01-14,,0
High Street Surgery,2024-01-21,,0
High Street Surgery,2024-01-28,,0
High Street Surgery,2024-02-04,,0
High Street Surgery,2024-02-11,,0
High Street Surgery,2024-02-18,,0
High Street Surgery,2024-02-25,,0
High Street Surgery,2024-03-03,,0
High Street Surgery,2024-03-10,,0
High Street Surgery,2024-03-17,,0
High Street Surgery,2024-03-24,,0
High Street Surgery,2024-03-31,,0
High Street Surgery,2024-04-07,,0
High Street Surgery,2024-04-14,,0
High Street Surgery,2024-04-21,,0
High Street Surgery,2024-04-28,,0
High Street Surgery,2024-05-05,,0
High Street Surgery,2024-05-12,,0
High Street Surgery,2024-05-19,,0
High Street Surgery,2024-05-26,,0
High Street Surgery,2024-06-02,12,12
High Street Surgery,2024-06-09,13,25
High Street Surgery,2024-06-16,11,36
High Street Surgery,2024-06-23,9,45
High Street Surgery,2024-06-30,1,46
High Street Surgery,2024-07-07,7,53
High Street Surgery,2024-07-14,6,59
High Street Surgery,2024-07-21,3,62
High Street Surgery,2024-07-28,2,64
High Street Surgery,2024-08-04,20,84
High Street Surgery,2024-08-11,23,107
High Street Surgery,2024-08-18,32,139
High Street Surgery,2024-08-25,23,162
High Street Surgery,2024-09-01,28,190
High Street Surgery,2024-09-08,15,205
High Street Surgery,2024-09-15,19,224
High Street Surgery,2024-09-22,3,227
High Street Surgery,2024-09-29,2,229
High Street Surgery,2024-10-06,,229
High Street Surgery,2024-10-13,,229
High Street Surgery,2024-10-20,1,230
High Street Surgery,2024-10-27,18,248
High Street Surgery,2024-11-03,,248
High Street Surgery,2024-11-10,,248
High Street Surgery,2024-11-17,,248
High Street Surgery,2024-11-24,,248
High Street Surgery,2024-12-01,1,249
High Street Surgery,2024-12-08,,249
High Street Surgery,2024-12-15,,249
High Street Surgery,2024-12-22,,249
High Street Surgery,2024-12-29,,249
High Street Surgery,2025-01-05,,249
High Street Surgery,2025-01-12,,249
High Street Surgery,2025-01-19,1,250
High Street Surgery,2025-01-26,,250
High Street Surgery,2025-02-02,,250
High Street Surgery,2025-02-09,,250
High Street Surgery,2025-02-16,,250
High Street Surgery,2025-02-23,,250
High Street Surgery,2025-03-02,5,255
High Street Surgery,2025-03-09,,255
High Street Surgery,2025-03-16,,255
High Street Surgery,2025-03-23,,255
High Street Surgery,2025-03-30,,255
High Street Surgery,2025-04-06,,255
High Street Surgery,2025-04-13,,255
High Street Surgery,2025-04-20,,255
High Street Surgery,2025-04-27,1,256
High Street Surgery,2025-05-04,,256
High Street Surgery,2025-05-11,,256
High Street Surgery,2025-05-18,,256
High Street Surgery,2025-05-25,,256
High Street Surgery,2025-06-01,,256
High Street Surgery,2025-06-08,,256
High Street Surgery,2025-06-15,,256
High Street Surgery,2025-06-22,,256
High Street Surgery,2025-06-29,,256
High Street Surgery,2025-07-06,,256
High Street Surgery,2025-07-13,,256
High Street Surgery,2025-07-20,,256
High Street Surgery,2025-07-27,,256
High Street Surgery,2025-08-03,,256
High Street Surgery,2025-08-10,,256
High Street Surgery,2025-08-17,,256
High Street Surgery,2025-08-24,,256
High Street Surgery,2025-08-31,,256
High Street Surgery,2025-09-07,,256
High Street Surgery,2025-09-14,,256
High Street Surgery,2025-09-21,1,257
High Street Surgery,2025-09-28,1,258
High Street Surgery,2025-10-05,,258
High Street Surgery,2025-10-12,1,259
High Street Surgery,2025-10-19,,259
High Street Surgery,2025-10-26,,259
High Street Surgery,2025-11-02,,259
High Street Surgery,2025-11-09,,259
High Street Surgery,2025-11-16,3,262
High Street Surgery,2025-11-23,,262
High Street Surgery,2025-11-30,,262
High Street Surgery,2025-12-07,6,268
High Street Surgery,2025-12-14,,268
High Street Surgery,2025-12-21,1,269
High Street Surgery,2025-12-28,,269
High Street Surgery,2026-01-04,,269
High Street Surgery,2026-01-11,,269
High Street Surgery,2026-01-18,,269
High Street Surgery,2026-01-25,,269
High Street Surgery,2026-02-01,,269
High Street Surgery,2026-02-08,,269
High Street Surgery,2026-02-15,,269
High Street Surgery,2026-02-22,,269
High Street Surgery,2026-03-01,1,270
High Street Surgery,2026-03-08,,270
High Street Surgery,2026-03-15,,270
High Street Surgery,2026-03-22,,270
High Street Surgery,2026-03-29,,270
High Street Surgery,2026-04-05,,270
High Street Surgery,2026-04-12,,270
High Street Surgery,2026-04-19,,270
High Street Surgery,2026-04-26,1,271
High Street Surgery,2026-05-03,,271
High Street Surgery,2026-05-10,,271
High Street Surgery,2026-05-17,,271
High Street Surgery,2026-05-24,,271
High Street Surgery,2026-05-31,,271
High Street Surgery,2026-06-07,,271
Hillcrest Surgery,2023-10-08,,0
Hillcrest Surgery,2023-11-05,,0
Hillcrest Surgery,2023-11-12,,0
Hillcrest Surgery,2023-11-19,,0
Hillcrest Surgery,2023-11-26,,0
Hillcrest Surgery,2023-12-03,,0
Hillcrest Surgery,2023-12-10,7,7
Hillcrest Surgery,2023-12-17,4,11
Hillcrest Surgery,2023-12-24,2,13
Hillcrest Surgery,2023-12-31,4,17
Hillcrest Surgery,2024-01-07,6,23
Hillcrest Surgery,2024-01-14,3,26
Hillcrest Surgery,2024-01-21,1,27
Hillcrest Surgery,2024-01-28,,27
Hillcrest Surgery,2024-02-04,1,28
Hillcrest Surgery,2024-02-11,,28
Hillcrest Surgery,2024-02-18,,28
Hillcrest Surgery,2024-02-25,1,29
Hillcrest Surgery,2024-03-03,1,30
Hillcrest Surgery,2024-03-10,3,33
Hillcrest Surgery,2024-03-17,2,35
Hillcrest Surgery,2024-03-24,6,41
Hillcrest Surgery,2024-03-31,5,46
Hillcrest Surgery,2024-04-07,,46
Hillcrest Surgery,2024-04-14,,46
Hillcrest Surgery,2024-04-21,,46
Hillcrest Surgery,2024-04-28,,46
Hillcrest Surgery,2024-05-05,3,49
Hillcrest Surgery,2024-05-12,3,52
Hillcrest Surgery,2024-05-19,1,53
Hillcrest Surgery,2024-05-26,,53
Hillcrest Surgery,2024-06-02,1,54
Hillcrest Surgery,2024-06-09,,54
Hillcrest Surgery,2024-06-16,,54
Hillcrest Surgery,2024-06-23,,54
Hillcrest Surgery,2024-06-30,2,56
Hillcrest Surgery,2024-07-07,1,57
Hillcrest Surgery,2024-07-14,2,59
Hillcrest Surgery,2024-07-21,,59
Hillcrest Surgery,2024-07-28,,59
Hillcrest Surgery,2024-08-04,,59
Hillcrest Surgery,2024-08-11,,59
Hillcrest Surgery,2024-08-18,3,62
Hillcrest Surgery,2024-08-25,1,63
Hillcrest Surgery,2024-09-01,,63
Hillcrest Surgery,2024-09-08,,63
Hillcrest Surgery,2024-09-15,4,67
Hillcrest Surgery,2024-09-22,3,70
Hillcrest Surgery,2024-09-29,1,71
Hillcrest Surgery,2024-10-06,,71
Hillcrest Surgery,2024-10-13,5,76
Hillcrest Surgery,2024-10-20,3,79
Hillcrest Surgery,2024-10-27,,79
Hillcrest Surgery,2024-11-03,,79
Hillcrest Surgery,2024-11-10,,79
Hillcrest Surgery,2024-11-17,2,81
Hillcrest Surgery,2024-11-24,1,82
Hillcrest Surgery,2024-12-01,3,85
Hillcrest Surgery,2024-12-08,1,86
Hillcrest Surgery,2024-12-15,,86
Hillcrest Surgery,2024-12-22,1,87
Hillcrest Surgery,2024-12-29,,87
Hillcrest Surgery,2025-01-05,,87
Hillcrest Surgery,2025-01-12,,87
Hillcrest Surgery,2025-01-19,2,89
Hillcrest Surgery,2025-01-26,,89
Hillcrest Surgery,2025-02-02,,89
Hillcrest Surgery,2025-02-09,,89
Hillcrest Surgery,2025-02-16,,89
Hillcrest Surgery,2025-02-23,1,90
Hillcrest Surgery,2025-03-02,1,91
Hillcrest Surgery,2025-03-09,,91
Hillcrest Surgery,2025-03-16,,91
Hillcrest Surgery,2025-03-23,,91
Hillcrest Surgery,2025-03-30,,91
Hillcrest Surgery,2025-04-06,,91
Hillcrest Surgery,2025-04-13,,91
Hillcrest Surgery,2025-04-20,1,92
Hillcrest Surgery,2025-04-27,2,94
Hillcrest Surgery,2025-05-04,3,97
Hillcrest Surgery,2025-05-11,3,100
Hillcrest Surgery,2025-05-18,,100
Hillcrest Surgery,2025-05-25,,100
Hillcrest Surgery,2025-06-01,5,105
Hillcrest Surgery,2025-06-08,2,107
Hillcrest Surgery,2025-06-15,,107
Hillcrest Surgery,2025-06-22,,107
Hillcrest Surgery,2025-06-29,,107
Hillcrest Surgery,2025-07-06,,107
Hillcrest Surgery,2025-07-13,,107
Hillcrest Surgery,2025-07-20,1,108
Hillcrest Surgery,2025-07-27,1,109
Hillcrest Surgery,2025-08-03,4,113
Hillcrest Surgery,2025-08-10,2,115
Hillcrest Surgery,2025-08-17,,115
Hillcrest Surgery,2025-08-24,,115
Hillcrest Surgery,2025-08-31,3,118
Hillcrest Surgery,2025-09-07,3,121
Hillcrest Surgery,2025-09-14,,121
Hillcrest Surgery,2025-09-21,,121
Hillcrest Surgery,2025-09-28,,121
Hillcrest Surgery,2025-10-05,,121
Hillcrest Surgery,2025-10-12,3,124
Hillcrest Surgery,2025-10-19,1,125
Hillcrest Surgery,2025-10-26,2,127
Hillcrest Surgery,2025-11-02,,127
Hillcrest Surgery,2025-11-09,,127
Hillcrest Surgery,2025-11-16,,127
Hillcrest Surgery,2025-11-23,,127
Hillcrest Surgery,2025-11-30,1,128
Hillcrest Surgery,2025-12-07,,128
Hillcrest Surgery,2025-12-14,,128
Hillcrest Surgery,2025-12-21,6,134
Hillcrest Surgery,2025-12-28,,134
Hillcrest Surgery,2026-01-04,1,135
Hillcrest Surgery,2026-01-11,,135
Hillcrest Surgery,2026-01-18,,135
Hillcrest Surgery,2026-01-25,1,136
Hillcrest Surgery,2026-02-01,,136
Hillcrest Surgery,2026-02-08,,136
Hillcrest Surgery,2026-02-15,,136
Hillcrest Surgery,2026-02-22,2,138
Hillcrest Surgery,2026-03-01,2,140
Hillcrest Surgery,2026-03-08,,140
Hillcrest Surgery,2026-03-15,,140
Hillcrest Surgery,2026-03-22,1,141
Hillcrest Surgery,2026-03-29,1,142
Hillcrest Surgery,2026-04-05,,142
Hillcrest Surgery,2026-04-12,,142
Hillcrest Surgery,2026-04-19,,142
Hillcrest Surgery,2026-04-26,1,143
Hillcrest Surgery,2026-05-03,,143
Hillcrest Surgery,2026-05-10,,143
Hillcrest Surgery,2026-05-17,,143
Hillcrest Surgery,2026-05-24,,143
Hillcrest Surgery,2026-05-31,1,144
Hillcrest Surgery,2026-06-07,3,147
Holland Park Surgery,2023-10-08,,0
Holland Park Surgery,2023-11-05,,0
Holland Park Surgery,2023-11-12,,0
Holland Park Surgery,2023-11-19,,0
Holland Park Surgery,2023-11-26,4,4
Holland Park Surgery,2023-12-03,,4
Holland Park Surgery,2023-12-10,28,32
Holland Park Surgery,2023-12-17,,32
Holland Park Surgery,2023-12-24,3,35
Holland Park Surgery,2023-12-31,3,38
Holland Park Surgery,2024-01-07,,38
Holland Park Surgery,2024-01-14,,38
Holland Park Surgery,2024-01-21,,38
Holland Park Surgery,2024-01-28,1,39
Holland Park Surgery,2024-02-04,8,47
Holland Park Surgery,2024-02-11,1,48
Holland Park Surgery,2024-02-18,1,49
Holland Park Surgery,2024-02-25,6,55
Holland Park Surgery,2024-03-03,,55
Holland Park Surgery,2024-03-10,1,56
Holland Park Surgery,2024-03-17,7,63
Holland Park Surgery,2024-03-24,4,67
Holland Park Surgery,2024-03-31,3,70
Holland Park Surgery,2024-04-07,,70
Holland Park Surgery,2024-04-14,1,71
Holland Park Surgery,2024-04-21,1,72
Holland Park Surgery,2024-04-28,4,76
Holland Park Surgery,2024-05-05,1,77
Holland Park Surgery,2024-05-12,2,79
Holland Park Surgery,2024-05-19,2,81
Holland Park Surgery,2024-05-26,1,82
Holland Park Surgery,2024-06-02,1,83
Holland Park Surgery,2024-06-09,3,86
Holland Park Surgery,2024-06-16,4,90
Holland Park Surgery,2024-06-23,1,91
Holland Park Surgery,2024-06-30,1,92
Holland Park Surgery,2024-07-07,3,95
Holland Park Surgery,2024-07-14,,95
Holland Park Surgery,2024-07-21,1,96
Holland Park Surgery,2024-07-28,5,101
Holland Park Surgery,2024-08-04,,101
Holland Park Surgery,2024-08-11,2,103
Holland Park Surgery,2024-08-18,,103
Holland Park Surgery,2024-08-25,,103
Holland Park Surgery,2024-09-01,4,107
Holland Park Surgery,2024-09-08,1,108
Holland Park Surgery,2024-09-15,,108
Holland Park Surgery,2024-09-22,,108
Holland Park Surgery,2024-09-29,1,109
Holland Park Surgery,2024-10-06,5,114
Holland Park Surgery,2024-10-13,4,118
Holland Park Surgery,2024-10-20,3,121
Holland Park Surgery,2024-10-27,3,124
Holland Park Surgery,2024-11-03,1,125
Holland Park Surgery,2024-11-10,2,127
Holland Park Surgery,2024-11-17,2,129
Holland Park Surgery,2024-11-24,,129
Holland Park Surgery,2024-12-01,5,134
Holland Park Surgery,2024-12-08,,134
Holland Park Surgery,2024-12-15,1,135
Holland Park Surgery,2024-12-22,3,138
Holland Park Surgery,2024-12-29,,138
Holland Park Surgery,2025-01-05,,138
Holland Park Surgery,2025-01-12,,138
Holland Park Surgery,2025-01-19,,138
Holland Park Surgery,2025-01-26,,138
Holland Park Surgery,2025-02-02,,138
Holland Park Surgery,2025-02-09,,138
Holland Park Surgery,2025-02-16,1,139
Holland Park Surgery,2025-02-23,1,140
Holland Park Surgery,2025-03-02,,140
Holland Park Surgery,2025-03-09,,140
Holland Park Surgery,2025-03-16,,140
Holland Park Surgery,2025-03-23,,140
Holland Park Surgery,2025-03-30,,140
Holland Park Surgery,2025-04-06,,140
Holland Park Surgery,2025-04-13,,140
Holland Park Surgery,2025-04-20,,140
Holland Park Surgery,2025-04-27,,140
Holland Park Surgery,2025-05-04,,140
Holland Park Surgery,2025-05-11,,140
Holland Park Surgery,2025-05-18,,140
Holland Park Surgery,2025-05-25,,140
Holland Park Surgery,2025-06-01,,140
Holland Park Surgery,2025-06-08,4,144
Holland Park Surgery,2025-06-15,,144
Holland Park Surgery,2025-06-22,,144
Holland Park Surgery,2025-06-29,,144
Holland Park Surgery,2025-07-06,,144
Holland Park Surgery,2025-07-13,,144
Holland Park Surgery,2025-07-20,,144
Holland Park Surgery,2025-07-27,2,146
Holland Park Surgery,2025-08-03,,146
Holland Park Surgery,2025-08-10,,146
Holland Park Surgery,2025-08-17,,146
Holland Park Surgery,2025-08-24,,146
Holland Park Surgery,2025-08-31,,146
Holland Park Surgery,2025-09-07,,146
Holland Park Surgery,2025-09-14,,146
Holland Park Surgery,2025-09-21,,146
Holland Park Surgery,2025-09-28,,146
Holland Park Surgery,2025-10-05,,146
Holland Park Surgery,2025-10-12,,146
Holland Park Surgery,2025-10-19,2,148
Holland Park Surgery,2025-10-26,,148
Holland Park Surgery,2025-11-02,,148
Holland Park Surgery,2025-11-09,,148
Holland Park Surgery,2025-11-16,,148
Holland Park Surgery,2025-11-23,,148
Holland Park Surgery,2025-11-30,,148
Holland Park Surgery,2025-12-07,,148
Holland Park Surgery,2025-12-14,,148
Holland Park Surgery,2025-12-21,,148
Holland Park Surgery,2025-12-28,,148
Holland Park Surgery,2026-01-04,,148
Holland Park Surgery,2026-01-11,,148
Holland Park Surgery,2026-01-18,,148
Holland Park Surgery,2026-01-25,,148
Holland Park Surgery,2026-02-01,,148
Holland Park Surgery,2026-02-08,,148
Holland Park Surgery,2026-02-15,,148
Holland Park Surgery,2026-02-22,,148
Holland Park Surgery,2026-03-01,,148
Holland Park Surgery,2026-03-08,,148
Holland Park Surgery,2026-03-15,,148
Holland Park Surgery,2026-03-22,,148
Holland Park Surgery,2026-03-29,2,150
Holland Park Surgery,2026-04-05,,150
Holland Park Surgery,2026-04-12,,150
Holland Park Surgery,2026-04-19,,150
Holland Park Surgery,2026-04-26,,150
Holland Park Surgery,2026-05-03,,150
Holland Park Surgery,2026-05-10,,150
Holland Park Surgery,2026-05-17,,150
Holland Park Surgery,2026-05-24,,150
Holland Park Surgery,2026-05-31,,150
Holland Park Surgery,2026-06-07,,150
Honeypot Medical Centre,2023-10-08,,0
Honeypot Medical Centre,2023-11-05,,0
Honeypot Medical Centre,2023-11-12,,0
Honeypot Medical Centre,2023-11-19,,0
Honeypot Medical Centre,2023-11-26,,0
Honeypot Medical Centre,2023-12-03,,0
Honeypot Medical Centre,2023-12-10,,0
Honeypot Medical Centre,2023-12-17,,0
Honeypot Medical Centre,2023-12-24,,0
Honeypot Medical Centre,2023-12-31,,0
Honeypot Medical Centre,2024-01-07,,0
Honeypot Medical Centre,2024-01-14,,0
Honeypot Medical Centre,2024-01-21,,0
Honeypot Medical Centre,2024-01-28,,0
Honeypot Medical Centre,2024-02-04,6,6
Honeypot Medical Centre,2024-02-11,3,9
Honeypot Medical Centre,2024-02-18,3,12
Honeypot Medical Centre,2024-02-25,2,14
Honeypot Medical Centre,2024-03-03,6,20
Honeypot Medical Centre,2024-03-10,9,29
Honeypot Medical Centre,2024-03-17,4,33
Honeypot Medical Centre,2024-03-24,3,36
Honeypot Medical Centre,2024-03-31,1,37
Honeypot Medical Centre,2024-04-07,,37
Honeypot Medical Centre,2024-04-14,2,39
Honeypot Medical Centre,2024-04-21,2,41
Honeypot Medical Centre,2024-04-28,1,42
Honeypot Medical Centre,2024-05-05,1,43
Honeypot Medical Centre,2024-05-12,3,46
Honeypot Medical Centre,2024-05-19,1,47
Honeypot Medical Centre,2024-05-26,,47
Honeypot Medical Centre,2024-06-02,2,49
Honeypot Medical Centre,2024-06-09,8,57
Honeypot Medical Centre,2024-06-16,,57
Honeypot Medical Centre,2024-06-23,3,60
Honeypot Medical Centre,2024-06-30,2,62
Honeypot Medical Centre,2024-07-07,2,64
Honeypot Medical Centre,2024-07-14,2,66
Honeypot Medical Centre,2024-07-21,,66
Honeypot Medical Centre,2024-07-28,1,67
Honeypot Medical Centre,2024-08-04,1,68
Honeypot Medical Centre,2024-08-11,,68
Honeypot Medical Centre,2024-08-18,1,69
Honeypot Medical Centre,2024-08-25,,69
Honeypot Medical Centre,2024-09-01,,69
Honeypot Medical Centre,2024-09-08,1,70
Honeypot Medical Centre,2024-09-15,1,71
Honeypot Medical Centre,2024-09-22,3,74
Honeypot Medical Centre,2024-09-29,,74
Honeypot Medical Centre,2024-10-06,1,75
Honeypot Medical Centre,2024-10-13,2,77
Honeypot Medical Centre,2024-10-20,1,78
Honeypot Medical Centre,2024-10-27,,78
Honeypot Medical Centre,2024-11-03,,78
Honeypot Medical Centre,2024-11-10,,78
Honeypot Medical Centre,2024-11-17,,78
Honeypot Medical Centre,2024-11-24,1,79
Honeypot Medical Centre,2024-12-01,,79
Honeypot Medical Centre,2024-12-08,,79
Honeypot Medical Centre,2024-12-15,,79
Honeypot Medical Centre,2024-12-22,,79
Honeypot Medical Centre,2024-12-29,,79
Honeypot Medical Centre,2025-01-05,,79
Honeypot Medical Centre,2025-01-12,,79
Honeypot Medical Centre,2025-01-19,,79
Honeypot Medical Centre,2025-01-26,,79
Honeypot Medical Centre,2025-02-02,,79
Honeypot Medical Centre,2025-02-09,,79
Honeypot Medical Centre,2025-02-16,,79
Honeypot Medical Centre,2025-02-23,,79
Honeypot Medical Centre,2025-03-02,,79
Honeypot Medical Centre,2025-03-09,,79
Honeypot Medical Centre,2025-03-16,,79
Honeypot Medical Centre,2025-03-23,,79
Honeypot Medical Centre,2025-03-30,,79
Honeypot Medical Centre,2025-04-06,,79
Honeypot Medical Centre,2025-04-13,,79
Honeypot Medical Centre,2025-04-20,,79
Honeypot Medical Centre,2025-04-27,,79
Honeypot Medical Centre,2025-05-04,,79
Honeypot Medical Centre,2025-05-11,,79
Honeypot Medical Centre,2025-05-18,,79
Honeypot Medical Centre,2025-05-25,,79
Honeypot Medical Centre,2025-06-01,,79
Honeypot Medical Centre,2025-06-08,,79
Honeypot Medical Centre,2025-06-15,,79
Honeypot Medical Centre,2025-06-22,,79
Honeypot Medical Centre,2025-06-29,,79
Honeypot Medical Centre,2025-07-06,,79
Honeypot Medical Centre,2025-07-13,,79
Honeypot Medical Centre,2025-07-20,,79
Honeypot Medical Centre,2025-07-27,,79
Honeypot Medical Centre,2025-08-03,,79
Honeypot Medical Centre,2025-08-10,,79
Honeypot Medical Centre,2025-08-17,,79
Honeypot Medical Centre,2025-08-24,,79
Honeypot Medical Centre,2025-08-31,,79
Honeypot Medical Centre,2025-09-07,,79
Honeypot Medical Centre,2025-09-14,,79
Honeypot Medical Centre,2025-09-21,,79
Honeypot Medical Centre,2025-09-28,,79
Honeypot Medical Centre,2025-10-05,,79
Honeypot Medical Centre,2025-10-12,,79
Honeypot Medical Centre,2025-10-19,,79
Honeypot Medical Centre,2025-10-26,,79
Honeypot Medical Centre,2025-11-02,,79
Honeypot Medical Centre,2025-11-09,,79
Honeypot Medical Centre,2025-11-16,,79
Honeypot Medical Centre,2025-11-23,,79
Honeypot Medical Centre,2025-11-30,,79
Honeypot Medical Centre,2025-12-07,,79
Honeypot Medical Centre,2025-12-14,,79
Honeypot Medical Centre,2025-12-21,,79
Honeypot Medical Centre,2025-12-28,,79
Honeypot Medical Centre,2026-01-04,,79
Honeypot Medical Centre,2026-01-11,,79
Honeypot Medical Centre,2026-01-18,,79
Honeypot Medical Centre,2026-01-25,,79
Honeypot Medical Centre,2026-02-01,,79
Honeypot Medical Centre,2026-02-08,,79
Honeypot Medical Centre,2026-02-15,,79
Honeypot Medical Centre,2026-02-22,,79
Honeypot Medical Centre,2026-03-01,,79
Honeypot Medical Centre,2026-03-08,,79
Honeypot Medical Centre,2026-03-15,,79
Honeypot Medical Centre,2026-03-22,,79
Honeypot Medical Centre,2026-03-29,,79
Honeypot Medical Centre,2026-04-05,,79
Honeypot Medical Centre,2026-04-12,,79
Honeypot Medical Centre,2026-04-19,,79
Honeypot Medical Centre,2026-04-26,,79
Honeypot Medical Centre,2026-05-03,,79
Honeypot Medical Centre,2026-05-10,,79
Honeypot Medical Centre,2026-05-17,,79
Honeypot Medical Centre,2026-05-24,,79
Honeypot Medical Centre,2026-05-31,,79
Honeypot Medical Centre,2026-06-07,,79
Kensington Park Medical Centre,2023-10-08,,0
Kensington Park Medical Centre,2023-11-05,,0
Kensington Park Medical Centre,2023-11-12,,0
Kensington Park Medical Centre,2023-11-19,,0
Kensington Park Medical Centre,2023-11-26,8,8
Kensington Park Medical Centre,2023-12-03,21,29
Kensington Park Medical Centre,2023-12-10,12,41
Kensington Park Medical Centre,2023-12-17,11,52
Kensington Park Medical Centre,2023-12-24,9,61
Kensington Park Medical Centre,2023-12-31,6,67
Kensington Park Medical Centre,2024-01-07,9,76
Kensington Park Medical Centre,2024-01-14,15,91
Kensington Park Medical Centre,2024-01-21,6,97
Kensington Park Medical Centre,2024-01-28,4,101
Kensington Park Medical Centre,2024-02-04,5,106
Kensington Park Medical Centre,2024-02-11,4,110
Kensington Park Medical Centre,2024-02-18,11,121
Kensington Park Medical Centre,2024-02-25,4,125
Kensington Park Medical Centre,2024-03-03,6,131
Kensington Park Medical Centre,2024-03-10,2,133
Kensington Park Medical Centre,2024-03-17,7,140
Kensington Park Medical Centre,2024-03-24,2,142
Kensington Park Medical Centre,2024-03-31,2,144
Kensington Park Medical Centre,2024-04-07,1,145
Kensington Park Medical Centre,2024-04-14,4,149
Kensington Park Medical Centre,2024-04-21,3,152
Kensington Park Medical Centre,2024-04-28,2,154
Kensington Park Medical Centre,2024-05-05,1,155
Kensington Park Medical Centre,2024-05-12,3,158
Kensington Park Medical Centre,2024-05-19,2,160
Kensington Park Medical Centre,2024-05-26,7,167
Kensington Park Medical Centre,2024-06-02,,167
Kensington Park Medical Centre,2024-06-09,2,169
Kensington Park Medical Centre,2024-06-16,3,172
Kensington Park Medical Centre,2024-06-23,4,176
Kensington Park Medical Centre,2024-06-30,4,180
Kensington Park Medical Centre,2024-07-07,4,184
Kensington Park Medical Centre,2024-07-14,1,185
Kensington Park Medical Centre,2024-07-21,2,187
Kensington Park Medical Centre,2024-07-28,2,189
Kensington Park Medical Centre,2024-08-04,1,190
Kensington Park Medical Centre,2024-08-11,1,191
Kensington Park Medical Centre,2024-08-18,2,193
Kensington Park Medical Centre,2024-08-25,1,194
Kensington Park Medical Centre,2024-09-01,3,197
Kensington Park Medical Centre,2024-09-08,2,199
Kensington Park Medical Centre,2024-09-15,1,200
Kensington Park Medical Centre,2024-09-22,1,201
Kensington Park Medical Centre,2024-09-29,2,203
Kensington Park Medical Centre,2024-10-06,,203
Kensington Park Medical Centre,2024-10-13,2,205
Kensington Park Medical Centre,2024-10-20,2,207
Kensington Park Medical Centre,2024-10-27,1,208
Kensington Park Medical Centre,2024-11-03,2,210
Kensington Park Medical Centre,2024-11-10,,210
Kensington Park Medical Centre,2024-11-17,1,211
Kensington Park Medical Centre,2024-11-24,2,213
Kensington Park Medical Centre,2024-12-01,3,216
Kensington Park Medical Centre,2024-12-08,3,219
Kensington Park Medical Centre,2024-12-15,,219
Kensington Park Medical Centre,2024-12-22,3,222
Kensington Park Medical Centre,2024-12-29,,222
Kensington Park Medical Centre,2025-01-05,1,223
Kensington Park Medical Centre,2025-01-12,,223
Kensington Park Medical Centre,2025-01-19,,223
Kensington Park Medical Centre,2025-01-26,1,224
Kensington Park Medical Centre,2025-02-02,,224
Kensington Park Medical Centre,2025-02-09,,224
Kensington Park Medical Centre,2025-02-16,,224
Kensington Park Medical Centre,2025-02-23,,224
Kensington Park Medical Centre,2025-03-02,1,225
Kensington Park Medical Centre,2025-03-09,,225
Kensington Park Medical Centre,2025-03-16,2,227
Kensington Park Medical Centre,2025-03-23,,227
Kensington Park Medical Centre,2025-03-30,2,229
Kensington Park Medical Centre,2025-04-06,,229
Kensington Park Medical Centre,2025-04-13,,229
Kensington Park Medical Centre,2025-04-20,,229
Kensington Park Medical Centre,2025-04-27,1,230
Kensington Park Medical Centre,2025-05-04,2,232
Kensington Park Medical Centre,2025-05-11,1,233
Kensington Park Medical Centre,2025-05-18,,233
Kensington Park Medical Centre,2025-05-25,,233
Kensington Park Medical Centre,2025-06-01,,233
Kensington Park Medical Centre,2025-06-08,2,235
Kensington Park Medical Centre,2025-06-15,2,237
Kensington Park Medical Centre,2025-06-22,2,239
Kensington Park Medical Centre,2025-06-29,,239
Kensington Park Medical Centre,2025-07-06,2,241
Kensington Park Medical Centre,2025-07-13,3,244
Kensington Park Medical Centre,2025-07-20,1,245
Kensington Park Medical Centre,2025-07-27,,245
Kensington Park Medical Centre,2025-08-03,,245
Kensington Park Medical Centre,2025-08-10,2,247
Kensington Park Medical Centre,2025-08-17,5,252
Kensington Park Medical Centre,2025-08-24,1,253
Kensington Park Medical Centre,2025-08-31,1,254
Kensington Park Medical Centre,2025-09-07,,254
Kensington Park Medical Centre,2025-09-14,1,255
Kensington Park Medical Centre,2025-09-21,1,256
Kensington Park Medical Centre,2025-09-28,2,258
Kensington Park Medical Centre,2025-10-05,2,260
Kensington Park Medical Centre,2025-10-12,1,261
Kensington Park Medical Centre,2025-10-19,3,264
Kensington Park Medical Centre,2025-10-26,1,265
Kensington Park Medical Centre,2025-11-02,,265
Kensington Park Medical Centre,2025-11-09,2,267
Kensington Park Medical Centre,2025-11-16,,267
Kensington Park Medical Centre,2025-11-23,3,270
Kensington Park Medical Centre,2025-11-30,4,274
Kensington Park Medical Centre,2025-12-07,,274
Kensington Park Medical Centre,2025-12-14,,274
Kensington Park Medical Centre,2025-12-21,1,275
Kensington Park Medical Centre,2025-12-28,,275
Kensington Park Medical Centre,2026-01-04,2,277
Kensington Park Medical Centre,2026-01-11,1,278
Kensington Park Medical Centre,2026-01-18,,278
Kensington Park Medical Centre,2026-01-25,,278
Kensington Park Medical Centre,2026-02-01,2,280
Kensington Park Medical Centre,2026-02-08,3,283
Kensington Park Medical Centre,2026-02-15,2,285
Kensington Park Medical Centre,2026-02-22,,285
Kensington Park Medical Centre,2026-03-01,,285
Kensington Park Medical Centre,2026-03-08,3,288
Kensington Park Medical Centre,2026-03-15,4,292
Kensington Park Medical Centre,2026-03-22,2,294
Kensington Park Medical Centre,2026-03-29,3,297
Kensington Park Medical Centre,2026-04-05,2,299
Kensington Park Medical Centre,2026-04-12,,299
Kensington Park Medical Centre,2026-04-19,2,301
Kensington Park Medical Centre,2026-04-26,,301
Kensington Park Medical Centre,2026-05-03,,301
Kensington Park Medical Centre,2026-05-10,,301
Kensington Park Medical Centre,2026-05-17,,301
Kensington Park Medical Centre,2026-05-24,,301
Kensington Park Medical Centre,2026-05-31,,301
Kensington Park Medical Centre,2026-06-07,,301
Kingfisher Practice,2023-10-08,,0
Kingfisher Practice,2023-11-05,,0
Kingfisher Practice,2023-11-12,,0
Kingfisher Practice,2023-11-19,,0
Kingfisher Practice,2023-11-26,,0
Kingfisher Practice,2023-12-03,,0
Kingfisher Practice,2023-12-10,,0
Kingfisher Practice,2023-12-17,,0
Kingfisher Practice,2023-12-24,,0
Kingfisher Practice,2023-12-31,,0
Kingfisher Practice,2024-01-07,,0
Kingfisher Practice,2024-01-14,,0
Kingfisher Practice,2024-01-21,,0
Kingfisher Practice,2024-01-28,,0
Kingfisher Practice,2024-02-04,3,3
Kingfisher Practice,2024-02-11,7,10
Kingfisher Practice,2024-02-18,,10
Kingfisher Practice,2024-02-25,7,17
Kingfisher Practice,2024-03-03,3,20
Kingfisher Practice,2024-03-10,,20
Kingfisher Practice,2024-03-17,1,21
Kingfisher Practice,2024-03-24,,21
Kingfisher Practice,2024-03-31,,21
Kingfisher Practice,2024-04-07,2,23
Kingfisher Practice,2024-04-14,3,26
Kingfisher Practice,2024-04-21,1,27
Kingfisher Practice,2024-04-28,2,29
Kingfisher Practice,2024-05-05,,29
Kingfisher Practice,2024-05-12,1,30
Kingfisher Practice,2024-05-19,,30
Kingfisher Practice,2024-05-26,,30
Kingfisher Practice,2024-06-02,,30
Kingfisher Practice,2024-06-09,,30
Kingfisher Practice,2024-06-16,,30
Kingfisher Practice,2024-06-23,,30
Kingfisher Practice,2024-06-30,1,31
Kingfisher Practice,2024-07-07,,31
Kingfisher Practice,2024-07-14,,31
Kingfisher Practice,2024-07-21,,31
Kingfisher Practice,2024-07-28,,31
Kingfisher Practice,2024-08-04,,31
Kingfisher Practice,2024-08-11,,31
Kingfisher Practice,2024-08-18,1,32
Kingfisher Practice,2024-08-25,1,33
Kingfisher Practice,2024-09-01,,33
Kingfisher Practice,2024-09-08,,33
Kingfisher Practice,2024-09-15,,33
Kingfisher Practice,2024-09-22,,33
Kingfisher Practice,2024-09-29,,33
Kingfisher Practice,2024-10-06,,33
Kingfisher Practice,2024-10-13,,33
Kingfisher Practice,2024-10-20,,33
Kingfisher Practice,2024-10-27,,33
Kingfisher Practice,2024-11-03,,33
Kingfisher Practice,2024-11-10,,33
Kingfisher Practice,2024-11-17,,33
Kingfisher Practice,2024-11-24,,33
Kingfisher Practice,2024-12-01,,33
Kingfisher Practice,2024-12-08,,33
Kingfisher Practice,2024-12-15,,33
Kingfisher Practice,2024-12-22,1,34
Kingfisher Practice,2024-12-29,,34
Kingfisher Practice,2025-01-05,,34
Kingfisher Practice,2025-01-12,,34
Kingfisher Practice,2025-01-19,,34
Kingfisher Practice,2025-01-26,,34
Kingfisher Practice,2025-02-02,,34
Kingfisher Practice,2025-02-09,,34
Kingfisher Practice,2025-02-16,,34
Kingfisher Practice,2025-02-23,,34
Kingfisher Practice,2025-03-02,,34
Kingfisher Practice,2025-03-09,,34
Kingfisher Practice,2025-03-16,,34
Kingfisher Practice,2025-03-23,,34
Kingfisher Practice,2025-03-30,,34
Kingfisher Practice,2025-04-06,,34
Kingfisher Practice,2025-04-13,,34
Kingfisher Practice,2025-04-20,,34
Kingfisher Practice,2025-04-27,,34
Kingfisher Practice,2025-05-04,,34
Kingfisher Practice,2025-05-11,,34
Kingfisher Practice,2025-05-18,,34
Kingfisher Practice,2025-05-25,,34
Kingfisher Practice,2025-06-01,,34
Kingfisher Practice,2025-06-08,,34
Kingfisher Practice,2025-06-15,,34
Kingfisher Practice,2025-06-22,,34
Kingfisher Practice,2025-06-29,,34
Kingfisher Practice,2025-07-06,,34
Kingfisher Practice,2025-07-13,,34
Kingfisher Practice,2025-07-20,,34
Kingfisher Practice,2025-07-27,,34
Kingfisher Practice,2025-08-03,,34
Kingfisher Practice,2025-08-10,,34
Kingfisher Practice,2025-08-17,,34
Kingfisher Practice,2025-08-24,,34
Kingfisher Practice,2025-08-31,,34
Kingfisher Practice,2025-09-07,,34
Kingfisher Practice,2025-09-14,,34
Kingfisher Practice,2025-09-21,,34
Kingfisher Practice,2025-09-28,,34
Kingfisher Practice,2025-10-05,,34
Kingfisher Practice,2025-10-12,,34
Kingfisher Practice,2025-10-19,,34
Kingfisher Practice,2025-10-26,,34
Kingfisher Practice,2025-11-02,,34
Kingfisher Practice,2025-11-09,,34
Kingfisher Practice,2025-11-16,,34
Kingfisher Practice,2025-11-23,,34
Kingfisher Practice,2025-11-30,,34
Kingfisher Practice,2025-12-07,,34
Kingfisher Practice,2025-12-14,,34
Kingfisher Practice,2025-12-21,,34
Kingfisher Practice,2025-12-28,,34
Kingfisher Practice,2026-01-04,,34
Kingfisher Practice,2026-01-11,,34
Kingfisher Practice,2026-01-18,,34
Kingfisher Practice,2026-01-25,,34
Kingfisher Practice,2026-02-01,,34
Kingfisher Practice,2026-02-08,,34
Kingfisher Practice,2026-02-15,,34
Kingfisher Practice,2026-02-22,,34
Kingfisher Practice,2026-03-01,,34
Kingfisher Practice,2026-03-08,,34
Kingfisher Practice,2026-03-15,,34
Kingfisher Practice,2026-03-22,,34
Kingfisher Practice,2026-03-29,,34
Kingfisher Practice,2026-04-05,,34
Kingfisher Practice,2026-04-12,,34
Kingfisher Practice,2026-04-19,,34
Kingfisher Practice,2026-04-26,,34
Kingfisher Practice,2026-05-03,,34
Kingfisher Practice,2026-05-10,,34
Kingfisher Practice,2026-05-17,,34
Kingfisher Practice,2026-05-24,,34
Kingfisher Practice,2026-05-31,,34
Kingfisher Practice,2026-06-07,,34
Kings Road Surgery,2023-10-08,,0
Kings Road Surgery,2023-11-05,,0
Kings Road Surgery,2023-11-12,,0
Kings Road Surgery,2023-11-19,,0
Kings Road Surgery,2023-11-26,,0
Kings Road Surgery,2023-12-03,,0
Kings Road Surgery,2023-12-10,,0
Kings Road Surgery,2023-12-17,,0
Kings Road Surgery,2023-12-24,,0
Kings Road Surgery,2023-12-31,,0
Kings Road Surgery,2024-01-07,,0
Kings Road Surgery,2024-01-14,,0
Kings Road Surgery,2024-01-21,,0
Kings Road Surgery,2024-01-28,3,3
Kings Road Surgery,2024-02-04,,3
Kings Road Surgery,2024-02-11,,3
Kings Road Surgery,2024-02-18,,3
Kings Road Surgery,2024-02-25,,3
Kings Road Surgery,2024-03-03,,3
Kings Road Surgery,2024-03-10,,3
Kings Road Surgery,2024-03-17,,3
Kings Road Surgery,2024-03-24,,3
Kings Road Surgery,2024-03-31,,3
Kings Road Surgery,2024-04-07,,3
Kings Road Surgery,2024-04-14,,3
Kings Road Surgery,2024-04-21,,3
Kings Road Surgery,2024-04-28,,3
Kings Road Surgery,2024-05-05,,3
Kings Road Surgery,2024-05-12,,3
Kings Road Surgery,2024-05-19,,3
Kings Road Surgery,2024-05-26,,3
Kings Road Surgery,2024-06-02,,3
Kings Road Surgery,2024-06-09,,3
Kings Road Surgery,2024-06-16,,3
Kings Road Surgery,2024-06-23,,3
Kings Road Surgery,2024-06-30,,3
Kings Road Surgery,2024-07-07,,3
Kings Road Surgery,2024-07-14,,3
Kings Road Surgery,2024-07-21,,3
Kings Road Surgery,2024-07-28,,3
Kings Road Surgery,2024-08-04,,3
Kings Road Surgery,2024-08-11,,3
Kings Road Surgery,2024-08-18,,3
Kings Road Surgery,2024-08-25,,3
Kings Road Surgery,2024-09-01,,3
Kings Road Surgery,2024-09-08,,3
Kings Road Surgery,2024-09-15,,3
Kings Road Surgery,2024-09-22,,3
Kings Road Surgery,2024-09-29,,3
Kings Road Surgery,2024-10-06,,3
Kings Road Surgery,2024-10-13,,3
Kings Road Surgery,2024-10-20,,3
Kings Road Surgery,2024-10-27,,3
Kings Road Surgery,2024-11-03,,3
Kings Road Surgery,2024-11-10,,3
Kings Road Surgery,2024-11-17,,3
Kings Road Surgery,2024-11-24,,3
Kings Road Surgery,2024-12-01,,3
Kings Road Surgery,2024-12-08,,3
Kings Road Surgery,2024-12-15,,3
Kings Road Surgery,2024-12-22,,3
Kings Road Surgery,2024-12-29,,3
Kings Road Surgery,2025-01-05,,3
Kings Road Surgery,2025-01-12,,3
Kings Road Surgery,2025-01-19,,3
Kings Road Surgery,2025-01-26,,3
Kings Road Surgery,2025-02-02,,3
Kings Road Surgery,2025-02-09,,3
Kings Road Surgery,2025-02-16,,3
Kings Road Surgery,2025-02-23,,3
Kings Road Surgery,2025-03-02,,3
Kings Road Surgery,2025-03-09,,3
Kings Road Surgery,2025-03-16,,3
Kings Road Surgery,2025-03-23,,3
Kings Road Surgery,2025-03-30,,3
Kings Road Surgery,2025-04-06,,3
Kings Road Surgery,2025-04-13,,3
Kings Road Surgery,2025-04-20,,3
Kings Road Surgery,2025-04-27,,3
Kings Road Surgery,2025-05-04,,3
Kings Road Surgery,2025-05-11,,3
Kings Road Surgery,2025-05-18,,3
Kings Road Surgery,2025-05-25,,3
Kings Road Surgery,2025-06-01,,3
Kings Road Surgery,2025-06-08,,3
Kings Road Surgery,2025-06-15,,3
Kings Road Surgery,2025-06-22,,3
Kings Road Surgery,2025-06-29,,3
Kings Road Surgery,2025-07-06,,3
Kings Road Surgery,2025-07-13,,3
Kings Road Surgery,2025-07-20,,3
Kings Road Surgery,2025-07-27,,3
Kings Road Surgery,2025-08-03,,3
Kings Road Surgery,2025-08-10,,3
Kings Road Surgery,2025-08-17,,3
Kings Road Surgery,2025-08-24,,3
Kings Road Surgery,2025-08-31,,3
Kings Road Surgery,2025-09-07,,3
Kings Road Surgery,2025-09-14,,3
Kings Road Surgery,2025-09-21,,3
Kings Road Surgery,2025-09-28,,3
Kings Road Surgery,2025-10-05,,3
Kings Road Surgery,2025-10-12,,3
Kings Road Surgery,2025-10-19,,3
Kings Road Surgery,2025-10-26,,3
Kings Road Surgery,2025-11-02,,3
Kings Road Surgery,2025-11-09,,3
Kings Road Surgery,2025-11-16,,3
Kings Road Surgery,2025-11-23,,3
Kings Road Surgery,2025-11-30,,3
Kings Road Surgery,2025-12-07,,3
Kings Road Surgery,2025-12-14,,3
Kings Road Surgery,2025-12-21,,3
Kings Road Surgery,2025-12-28,,3
Kings Road Surgery,2026-01-04,,3
Kings Road Surgery,2026-01-11,,3
Kings Road Surgery,2026-01-18,,3
Kings Road Surgery,2026-01-25,,3
Kings Road Surgery,2026-02-01,,3
Kings Road Surgery,2026-02-08,,3
Kings Road Surgery,2026-02-15,,3
Kings Road Surgery,2026-02-22,,3
Kings Road Surgery,2026-03-01,,3
Kings Road Surgery,2026-03-08,,3
Kings Road Surgery,2026-03-15,,3
Kings Road Surgery,2026-03-22,,3
Kings Road Surgery,2026-03-29,,3
Kings Road Surgery,2026-04-05,,3
Kings Road Surgery,2026-04-12,,3
Kings Road Surgery,2026-04-19,,3
Kings Road Surgery,2026-04-26,,3
Kings Road Surgery,2026-05-03,,3
Kings Road Surgery,2026-05-10,,3
Kings Road Surgery,2026-05-17,,3
Kings Road Surgery,2026-05-24,,3
Kings Road Surgery,2026-05-31,,3
Kings Road Surgery,2026-06-07,,3
Lancaster Gate Medical Centre,2023-10-08,,0
Lancaster Gate Medical Centre,2023-11-05,,0
Lancaster Gate Medical Centre,2023-11-12,,0
Lancaster Gate Medical Centre,2023-11-19,,0
Lancaster Gate Medical Centre,2023-11-26,,0
Lancaster Gate Medical Centre,2023-12-03,,0
Lancaster Gate Medical Centre,2023-12-10,,0
Lancaster Gate Medical Centre,2023-12-17,,0
Lancaster Gate Medical Centre,2023-12-24,,0
Lancaster Gate Medical Centre,2023-12-31,,0
Lancaster Gate Medical Centre,2024-01-07,,0
Lancaster Gate Medical Centre,2024-01-14,,0
Lancaster Gate Medical Centre,2024-01-21,,0
Lancaster Gate Medical Centre,2024-01-28,11,11
Lancaster Gate Medical Centre,2024-02-04,1,12
Lancaster Gate Medical Centre,2024-02-11,5,17
Lancaster Gate Medical Centre,2024-02-18,,17
Lancaster Gate Medical Centre,2024-02-25,3,20
Lancaster Gate Medical Centre,2024-03-03,1,21
Lancaster Gate Medical Centre,2024-03-10,3,24
Lancaster Gate Medical Centre,2024-03-17,1,25
Lancaster Gate Medical Centre,2024-03-24,1,26
Lancaster Gate Medical Centre,2024-03-31,,26
Lancaster Gate Medical Centre,2024-04-07,7,33
Lancaster Gate Medical Centre,2024-04-14,3,36
Lancaster Gate Medical Centre,2024-04-21,,36
Lancaster Gate Medical Centre,2024-04-28,,36
Lancaster Gate Medical Centre,2024-05-05,1,37
Lancaster Gate Medical Centre,2024-05-12,1,38
Lancaster Gate Medical Centre,2024-05-19,2,40
Lancaster Gate Medical Centre,2024-05-26,,40
Lancaster Gate Medical Centre,2024-06-02,1,41
Lancaster Gate Medical Centre,2024-06-09,,41
Lancaster Gate Medical Centre,2024-06-16,1,42
Lancaster Gate Medical Centre,2024-06-23,,42
Lancaster Gate Medical Centre,2024-06-30,,42
Lancaster Gate Medical Centre,2024-07-07,,42
Lancaster Gate Medical Centre,2024-07-14,,42
Lancaster Gate Medical Centre,2024-07-21,1,43
Lancaster Gate Medical Centre,2024-07-28,2,45
Lancaster Gate Medical Centre,2024-08-04,,45
Lancaster Gate Medical Centre,2024-08-11,2,47
Lancaster Gate Medical Centre,2024-08-18,2,49
Lancaster Gate Medical Centre,2024-08-25,,49
Lancaster Gate Medical Centre,2024-09-01,,49
Lancaster Gate Medical Centre,2024-09-08,,49
Lancaster Gate Medical Centre,2024-09-15,5,54
Lancaster Gate Medical Centre,2024-09-22,,54
Lancaster Gate Medical Centre,2024-09-29,1,55
Lancaster Gate Medical Centre,2024-10-06,,55
Lancaster Gate Medical Centre,2024-10-13,3,58
Lancaster Gate Medical Centre,2024-10-20,,58
Lancaster Gate Medical Centre,2024-10-27,,58
Lancaster Gate Medical Centre,2024-11-03,,58
Lancaster Gate Medical Centre,2024-11-10,,58
Lancaster Gate Medical Centre,2024-11-17,,58
Lancaster Gate Medical Centre,2024-11-24,1,59
Lancaster Gate Medical Centre,2024-12-01,,59
Lancaster Gate Medical Centre,2024-12-08,1,60
Lancaster Gate Medical Centre,2024-12-15,,60
Lancaster Gate Medical Centre,2024-12-22,2,62
Lancaster Gate Medical Centre,2024-12-29,,62
Lancaster Gate Medical Centre,2025-01-05,,62
Lancaster Gate Medical Centre,2025-01-12,,62
Lancaster Gate Medical Centre,2025-01-19,,62
Lancaster Gate Medical Centre,2025-01-26,,62
Lancaster Gate Medical Centre,2025-02-02,2,64
Lancaster Gate Medical Centre,2025-02-09,2,66
Lancaster Gate Medical Centre,2025-02-16,,66
Lancaster Gate Medical Centre,2025-02-23,,66
Lancaster Gate Medical Centre,2025-03-02,,66
Lancaster Gate Medical Centre,2025-03-09,6,72
Lancaster Gate Medical Centre,2025-03-16,4,76
Lancaster Gate Medical Centre,2025-03-23,,76
Lancaster Gate Medical Centre,2025-03-30,1,77
Lancaster Gate Medical Centre,2025-04-06,1,78
Lancaster Gate Medical Centre,2025-04-13,1,79
Lancaster Gate Medical Centre,2025-04-20,,79
Lancaster Gate Medical Centre,2025-04-27,5,84
Lancaster Gate Medical Centre,2025-05-04,5,89
Lancaster Gate Medical Centre,2025-05-11,1,90
Lancaster Gate Medical Centre,2025-05-18,2,92
Lancaster Gate Medical Centre,2025-05-25,3,95
Lancaster Gate Medical Centre,2025-06-01,,95
Lancaster Gate Medical Centre,2025-06-08,,95
Lancaster Gate Medical Centre,2025-06-15,,95
Lancaster Gate Medical Centre,2025-06-22,1,96
Lancaster Gate Medical Centre,2025-06-29,,96
Lancaster Gate Medical Centre,2025-07-06,,96
Lancaster Gate Medical Centre,2025-07-13,,96
Lancaster Gate Medical Centre,2025-07-20,1,97
Lancaster Gate Medical Centre,2025-07-27,1,98
Lancaster Gate Medical Centre,2025-08-03,,98
Lancaster Gate Medical Centre,2025-08-10,,98
Lancaster Gate Medical Centre,2025-08-17,,98
Lancaster Gate Medical Centre,2025-08-24,1,99
Lancaster Gate Medical Centre,2025-08-31,2,101
Lancaster Gate Medical Centre,2025-09-07,2,103
Lancaster Gate Medical Centre,2025-09-14,,103
Lancaster Gate Medical Centre,2025-09-21,3,106
Lancaster Gate Medical Centre,2025-09-28,,106
Lancaster Gate Medical Centre,2025-10-05,1,107
Lancaster Gate Medical Centre,2025-10-12,1,108
Lancaster Gate Medical Centre,2025-10-19,1,109
Lancaster Gate Medical Centre,2025-10-26,2,111
Lancaster Gate Medical Centre,2025-11-02,,111
Lancaster Gate Medical Centre,2025-11-09,1,112
Lancaster Gate Medical Centre,2025-11-16,1,113
Lancaster Gate Medical Centre,2025-11-23,,113
Lancaster Gate Medical Centre,2025-11-30,1,114
Lancaster Gate Medical Centre,2025-12-07,,114
Lancaster Gate Medical Centre,2025-12-14,1,115
Lancaster Gate Medical Centre,2025-12-21,1,116
Lancaster Gate Medical Centre,2025-12-28,,116
Lancaster Gate Medical Centre,2026-01-04,,116
Lancaster Gate Medical Centre,2026-01-11,1,117
Lancaster Gate Medical Centre,2026-01-18,1,118
Lancaster Gate Medical Centre,2026-01-25,1,119
Lancaster Gate Medical Centre,2026-02-01,,119
Lancaster Gate Medical Centre,2026-02-08,,119
Lancaster Gate Medical Centre,2026-02-15,,119
Lancaster Gate Medical Centre,2026-02-22,,119
Lancaster Gate Medical Centre,2026-03-01,,119
Lancaster Gate Medical Centre,2026-03-08,,119
Lancaster Gate Medical Centre,2026-03-15,,119
Lancaster Gate Medical Centre,2026-03-22,,119
Lancaster Gate Medical Centre,2026-03-29,,119
Lancaster Gate Medical Centre,2026-04-05,,119
Lancaster Gate Medical Centre,2026-04-12,,119
Lancaster Gate Medical Centre,2026-04-19,,119
Lancaster Gate Medical Centre,2026-04-26,1,120
Lancaster Gate Medical Centre,2026-05-03,,120
Lancaster Gate Medical Centre,2026-05-10,,120
Lancaster Gate Medical Centre,2026-05-17,,120
Lancaster Gate Medical Centre,2026-05-24,,120
Lancaster Gate Medical Centre,2026-05-31,,120
Lancaster Gate Medical Centre,2026-06-07,2,122
Mapesbury Medical Group,2023-10-08,,0
Mapesbury Medical Group,2023-11-05,,0
Mapesbury Medical Group,2023-11-12,,0
Mapesbury Medical Group,2023-11-19,,0
Mapesbury Medical Group,2023-11-26,,0
Mapesbury Medical Group,2023-12-03,,0
Mapesbury Medical Group,2023-12-10,,0
Mapesbury Medical Group,2023-12-17,,0
Mapesbury Medical Group,2023-12-24,,0
Mapesbury Medical Group,2023-12-31,,0
Mapesbury Medical Group,2024-01-07,,0
Mapesbury Medical Group,2024-01-14,,0
Mapesbury Medical Group,2024-01-21,,0
Mapesbury Medical Group,2024-01-28,21,21
Mapesbury Medical Group,2024-02-04,1,22
Mapesbury Medical Group,2024-02-11,,22
Mapesbury Medical Group,2024-02-18,2,24
Mapesbury Medical Group,2024-02-25,,24
Mapesbury Medical Group,2024-03-03,,24
Mapesbury Medical Group,2024-03-10,,24
Mapesbury Medical Group,2024-03-17,,24
Mapesbury Medical Group,2024-03-24,2,26
Mapesbury Medical Group,2024-03-31,,26
Mapesbury Medical Group,2024-04-07,2,28
Mapesbury Medical Group,2024-04-14,,28
Mapesbury Medical Group,2024-04-21,,28
Mapesbury Medical Group,2024-04-28,,28
Mapesbury Medical Group,2024-05-05,,28
Mapesbury Medical Group,2024-05-12,,28
Mapesbury Medical Group,2024-05-19,,28
Mapesbury Medical Group,2024-05-26,,28
Mapesbury Medical Group,2024-06-02,,28
Mapesbury Medical Group,2024-06-09,,28
Mapesbury Medical Group,2024-06-16,,28
Mapesbury Medical Group,2024-06-23,,28
Mapesbury Medical Group,2024-06-30,,28
Mapesbury Medical Group,2024-07-07,,28
Mapesbury Medical Group,2024-07-14,,28
Mapesbury Medical Group,2024-07-21,,28
Mapesbury Medical Group,2024-07-28,,28
Mapesbury Medical Group,2024-08-04,,28
Mapesbury Medical Group,2024-08-11,,28
Mapesbury Medical Group,2024-08-18,,28
Mapesbury Medical Group,2024-08-25,,28
Mapesbury Medical Group,2024-09-01,2,30
Mapesbury Medical Group,2024-09-08,1,31
Mapesbury Medical Group,2024-09-15,1,32
Mapesbury Medical Group,2024-09-22,1,33
Mapesbury Medical Group,2024-09-29,2,35
Mapesbury Medical Group,2024-10-06,5,40
Mapesbury Medical Group,2024-10-13,1,41
Mapesbury Medical Group,2024-10-20,1,42
Mapesbury Medical Group,2024-10-27,,42
Mapesbury Medical Group,2024-11-03,1,43
Mapesbury Medical Group,2024-11-10,2,45
Mapesbury Medical Group,2024-11-17,1,46
Mapesbury Medical Group,2024-11-24,,46
Mapesbury Medical Group,2024-12-01,1,47
Mapesbury Medical Group,2024-12-08,,47
Mapesbury Medical Group,2024-12-15,,47
Mapesbury Medical Group,2024-12-22,1,48
Mapesbury Medical Group,2024-12-29,,48
Mapesbury Medical Group,2025-01-05,,48
Mapesbury Medical Group,2025-01-12,1,49
Mapesbury Medical Group,2025-01-19,2,51
Mapesbury Medical Group,2025-01-26,,51
Mapesbury Medical Group,2025-02-02,2,53
Mapesbury Medical Group,2025-02-09,4,57
Mapesbury Medical Group,2025-02-16,2,59
Mapesbury Medical Group,2025-02-23,,59
Mapesbury Medical Group,2025-03-02,,59
Mapesbury Medical Group,2025-03-09,2,61
Mapesbury Medical Group,2025-03-16,1,62
Mapesbury Medical Group,2025-03-23,3,65
Mapesbury Medical Group,2025-03-30,,65
Mapesbury Medical Group,2025-04-06,4,69
Mapesbury Medical Group,2025-04-13,3,72
Mapesbury Medical Group,2025-04-20,2,74
Mapesbury Medical Group,2025-04-27,7,81
Mapesbury Medical Group,2025-05-04,2,83
Mapesbury Medical Group,2025-05-11,1,84
Mapesbury Medical Group,2025-05-18,4,88
Mapesbury Medical Group,2025-05-25,2,90
Mapesbury Medical Group,2025-06-01,1,91
Mapesbury Medical Group,2025-06-08,5,96
Mapesbury Medical Group,2025-06-15,8,104
Mapesbury Medical Group,2025-06-22,4,108
Mapesbury Medical Group,2025-06-29,4,112
Mapesbury Medical Group,2025-07-06,4,116
Mapesbury Medical Group,2025-07-13,3,119
Mapesbury Medical Group,2025-07-20,5,124
Mapesbury Medical Group,2025-07-27,1,125
Mapesbury Medical Group,2025-08-03,8,133
Mapesbury Medical Group,2025-08-10,5,138
Mapesbury Medical Group,2025-08-17,3,141
Mapesbury Medical Group,2025-08-24,2,143
Mapesbury Medical Group,2025-08-31,6,149
Mapesbury Medical Group,2025-09-07,10,159
Mapesbury Medical Group,2025-09-14,5,164
Mapesbury Medical Group,2025-09-21,2,166
Mapesbury Medical Group,2025-09-28,12,178
Mapesbury Medical Group,2025-10-05,2,180
Mapesbury Medical Group,2025-10-12,,180
Mapesbury Medical Group,2025-10-19,6,186
Mapesbury Medical Group,2025-10-26,5,191
Mapesbury Medical Group,2025-11-02,7,198
Mapesbury Medical Group,2025-11-09,1,199
Mapesbury Medical Group,2025-11-16,6,205
Mapesbury Medical Group,2025-11-23,4,209
Mapesbury Medical Group,2025-11-30,4,213
Mapesbury Medical Group,2025-12-07,3,216
Mapesbury Medical Group,2025-12-14,2,218
Mapesbury Medical Group,2025-12-21,4,222
Mapesbury Medical Group,2025-12-28,4,226
Mapesbury Medical Group,2026-01-04,2,228
Mapesbury Medical Group,2026-01-11,1,229
Mapesbury Medical Group,2026-01-18,6,235
Mapesbury Medical Group,2026-01-25,6,241
Mapesbury Medical Group,2026-02-01,2,243
Mapesbury Medical Group,2026-02-08,2,245
Mapesbury Medical Group,2026-02-15,2,247
Mapesbury Medical Group,2026-02-22,6,253
Mapesbury Medical Group,2026-03-01,,253
Mapesbury Medical Group,2026-03-08,5,258
Mapesbury Medical Group,2026-03-15,7,265
Mapesbury Medical Group,2026-03-22,1,266
Mapesbury Medical Group,2026-03-29,1,267
Mapesbury Medical Group,2026-04-05,5,272
Mapesbury Medical Group,2026-04-12,5,277
Mapesbury Medical Group,2026-04-19,3,280
Mapesbury Medical Group,2026-04-26,8,288
Mapesbury Medical Group,2026-05-03,6,294
Mapesbury Medical Group,2026-05-10,5,299
Mapesbury Medical Group,2026-05-17,1,300
Mapesbury Medical Group,2026-05-24,3,303
Mapesbury Medical Group,2026-05-31,10,313
Mapesbury Medical Group,2026-06-07,1,314
Marylebone Health Centre,2023-10-08,,0
Marylebone Health Centre,2023-11-05,,0
Marylebone Health Centre,2023-11-12,,0
Marylebone Health Centre,2023-11-19,,0
Marylebone Health Centre,2023-11-26,1,1
Marylebone Health Centre,2023-12-03,,1
Marylebone Health Centre,2023-12-10,3,4
Marylebone Health Centre,2023-12-17,10,14
Marylebone Health Centre,2023-12-24,,14
Marylebone Health Centre,2023-12-31,,14
Marylebone Health Centre,2024-01-07,1,15
Marylebone Health Centre,2024-01-14,4,19
Marylebone Health Centre,2024-01-21,,19
Marylebone Health Centre,2024-01-28,,19
Marylebone Health Centre,2024-02-04,,19
Marylebone Health Centre,2024-02-11,,19
Marylebone Health Centre,2024-02-18,,19
Marylebone Health Centre,2024-02-25,,19
Marylebone Health Centre,2024-03-03,,19
Marylebone Health Centre,2024-03-10,1,20
Marylebone Health Centre,2024-03-17,,20
Marylebone Health Centre,2024-03-24,,20
Marylebone Health Centre,2024-03-31,4,24
Marylebone Health Centre,2024-04-07,5,29
Marylebone Health Centre,2024-04-14,3,32
Marylebone Health Centre,2024-04-21,,32
Marylebone Health Centre,2024-04-28,,32
Marylebone Health Centre,2024-05-05,,32
Marylebone Health Centre,2024-05-12,1,33
Marylebone Health Centre,2024-05-19,,33
Marylebone Health Centre,2024-05-26,,33
Marylebone Health Centre,2024-06-02,,33
Marylebone Health Centre,2024-06-09,,33
Marylebone Health Centre,2024-06-16,,33
Marylebone Health Centre,2024-06-23,,33
Marylebone Health Centre,2024-06-30,1,34
Marylebone Health Centre,2024-07-07,,34
Marylebone Health Centre,2024-07-14,2,36
Marylebone Health Centre,2024-07-21,1,37
Marylebone Health Centre,2024-07-28,31,68
Marylebone Health Centre,2024-08-04,1,69
Marylebone Health Centre,2024-08-11,,69
Marylebone Health Centre,2024-08-18,1,70
Marylebone Health Centre,2024-08-25,,70
Marylebone Health Centre,2024-09-01,,70
Marylebone Health Centre,2024-09-08,,70
Marylebone Health Centre,2024-09-15,,70
Marylebone Health Centre,2024-09-22,3,73
Marylebone Health Centre,2024-09-29,,73
Marylebone Health Centre,2024-10-06,,73
Marylebone Health Centre,2024-10-13,,73
Marylebone Health Centre,2024-10-20,,73
Marylebone Health Centre,2024-10-27,,73
Marylebone Health Centre,2024-11-03,,73
Marylebone Health Centre,2024-11-10,,73
Marylebone Health Centre,2024-11-17,,73
Marylebone Health Centre,2024-11-24,,73
Marylebone Health Centre,2024-12-01,,73
Marylebone Health Centre,2024-12-08,,73
Marylebone Health Centre,2024-12-15,,73
Marylebone Health Centre,2024-12-22,,73
Marylebone Health Centre,2024-12-29,,73
Marylebone Health Centre,2025-01-05,,73
Marylebone Health Centre,2025-01-12,,73
Marylebone Health Centre,2025-01-19,,73
Marylebone Health Centre,2025-01-26,,73
Marylebone Health Centre,2025-02-02,,73
Marylebone Health Centre,2025-02-09,,73
Marylebone Health Centre,2025-02-16,,73
Marylebone Health Centre,2025-02-23,,73
Marylebone Health Centre,2025-03-02,,73
Marylebone Health Centre,2025-03-09,,73
Marylebone Health Centre,2025-03-16,,73
Marylebone Health Centre,2025-03-23,,73
Marylebone Health Centre,2025-03-30,,73
Marylebone Health Centre,2025-04-06,,73
Marylebone Health Centre,2025-04-13,,73
Marylebone Health Centre,2025-04-20,,73
Marylebone Health Centre,2025-04-27,,73
Marylebone Health Centre,2025-05-04,,73
Marylebone Health Centre,2025-05-11,,73
Marylebone Health Centre,2025-05-18,,73
Marylebone Health Centre,2025-05-25,,73
Marylebone Health Centre,2025-06-01,,73
Marylebone Health Centre,2025-06-08,,73
Marylebone Health Centre,2025-06-15,,73
Marylebone Health Centre,2025-06-22,,73
Marylebone Health Centre,2025-06-29,,73
Marylebone Health Centre,2025-07-06,,73
Marylebone Health Centre,2025-07-13,,73
Marylebone Health Centre,2025-07-20,,73
Marylebone Health Centre,2025-07-27,,73
Marylebone Health Centre,2025-08-03,,73
Marylebone Health Centre,2025-08-10,,73
Marylebone Health Centre,2025-08-17,,73
Marylebone Health Centre,2025-08-24,,73
Marylebone Health Centre,2025-08-31,,73
Marylebone Health Centre,2025-09-07,,73
Marylebone Health Centre,2025-09-14,,73
Marylebone Health Centre,2025-09-21,,73
Marylebone Health Centre,2025-09-28,,73
Marylebone Health Centre,2025-10-05,,73
Marylebone Health Centre,2025-10-12,,73
Marylebone Health Centre,2025-10-19,,73
Marylebone Health Centre,2025-10-26,,73
Marylebone Health Centre,2025-11-02,,73
Marylebone Health Centre,2025-11-09,,73
Marylebone Health Centre,2025-11-16,,73
Marylebone Health Centre,2025-11-23,,73
Marylebone Health Centre,2025-11-30,,73
Marylebone Health Centre,2025-12-07,,73
Marylebone Health Centre,2025-12-14,,73
Marylebone Health Centre,2025-12-21,,73
Marylebone Health Centre,2025-12-28,,73
Marylebone Health Centre,2026-01-04,,73
Marylebone Health Centre,2026-01-11,,73
Marylebone Health Centre,2026-01-18,,73
Marylebone Health Centre,2026-01-25,,73
Marylebone Health Centre,2026-02-01,,73
Marylebone Health Centre,2026-02-08,,73
Marylebone Health Centre,2026-02-15,,73
Marylebone Health Centre,2026-02-22,,73
Marylebone Health Centre,2026-03-01,,73
Marylebone Health Centre,2026-03-08,,73
Marylebone Health Centre,2026-03-15,,73
Marylebone Health Centre,2026-03-22,,73
Marylebone Health Centre,2026-03-29,,73
Marylebone Health Centre,2026-04-05,,73
Marylebone Health Centre,2026-04-12,,73
Marylebone Health Centre,2026-04-19,,73
Marylebone Health Centre,2026-04-26,,73
Marylebone Health Centre,2026-05-03,,73
Marylebone Health Centre,2026-05-10,,73
Marylebone Health Centre,2026-05-17,,73
Marylebone Health Centre,2026-05-24,,73
Marylebone Health Centre,2026-05-31,,73
Marylebone Health Centre,2026-06-07,,73
Mayfair Medical Centre,2023-10-08,,0
Mayfair Medical Centre,2023-11-05,,0
Mayfair Medical Centre,2023-11-12,,0
Mayfair Medical Centre,2023-11-19,,0
Mayfair Medical Centre,2023-11-26,4,4
Mayfair Medical Centre,2023-12-03,9,13
Mayfair Medical Centre,2023-12-10,6,19
Mayfair Medical Centre,2023-12-17,3,22
Mayfair Medical Centre,2023-12-24,4,26
Mayfair Medical Centre,2023-12-31,4,30
Mayfair Medical Centre,2024-01-07,3,33
Mayfair Medical Centre,2024-01-14,1,34
Mayfair Medical Centre,2024-01-21,5,39
Mayfair Medical Centre,2024-01-28,1,40
Mayfair Medical Centre,2024-02-04,1,41
Mayfair Medical Centre,2024-02-11,1,42
Mayfair Medical Centre,2024-02-18,,42
Mayfair Medical Centre,2024-02-25,,42
Mayfair Medical Centre,2024-03-03,3,45
Mayfair Medical Centre,2024-03-10,3,48
Mayfair Medical Centre,2024-03-17,3,51
Mayfair Medical Centre,2024-03-24,5,56
Mayfair Medical Centre,2024-03-31,,56
Mayfair Medical Centre,2024-04-07,1,57
Mayfair Medical Centre,2024-04-14,,57
Mayfair Medical Centre,2024-04-21,,57
Mayfair Medical Centre,2024-04-28,1,58
Mayfair Medical Centre,2024-05-05,3,61
Mayfair Medical Centre,2024-05-12,2,63
Mayfair Medical Centre,2024-05-19,6,69
Mayfair Medical Centre,2024-05-26,1,70
Mayfair Medical Centre,2024-06-02,6,76
Mayfair Medical Centre,2024-06-09,4,80
Mayfair Medical Centre,2024-06-16,6,86
Mayfair Medical Centre,2024-06-23,8,94
Mayfair Medical Centre,2024-06-30,9,103
Mayfair Medical Centre,2024-07-07,15,118
Mayfair Medical Centre,2024-07-14,5,123
Mayfair Medical Centre,2024-07-21,4,127
Mayfair Medical Centre,2024-07-28,2,129
Mayfair Medical Centre,2024-08-04,6,135
Mayfair Medical Centre,2024-08-11,,135
Mayfair Medical Centre,2024-08-18,2,137
Mayfair Medical Centre,2024-08-25,3,140
Mayfair Medical Centre,2024-09-01,2,142
Mayfair Medical Centre,2024-09-08,2,144
Mayfair Medical Centre,2024-09-15,4,148
Mayfair Medical Centre,2024-09-22,1,149
Mayfair Medical Centre,2024-09-29,1,150
Mayfair Medical Centre,2024-10-06,2,152
Mayfair Medical Centre,2024-10-13,4,156
Mayfair Medical Centre,2024-10-20,2,158
Mayfair Medical Centre,2024-10-27,2,160
Mayfair Medical Centre,2024-11-03,7,167
Mayfair Medical Centre,2024-11-10,2,169
Mayfair Medical Centre,2024-11-17,1,170
Mayfair Medical Centre,2024-11-24,,170
Mayfair Medical Centre,2024-12-01,3,173
Mayfair Medical Centre,2024-12-08,6,179
Mayfair Medical Centre,2024-12-15,3,182
Mayfair Medical Centre,2024-12-22,3,185
Mayfair Medical Centre,2024-12-29,,185
Mayfair Medical Centre,2025-01-05,1,186
Mayfair Medical Centre,2025-01-12,1,187
Mayfair Medical Centre,2025-01-19,,187
Mayfair Medical Centre,2025-01-26,1,188
Mayfair Medical Centre,2025-02-02,,188
Mayfair Medical Centre,2025-02-09,,188
Mayfair Medical Centre,2025-02-16,3,191
Mayfair Medical Centre,2025-02-23,5,196
Mayfair Medical Centre,2025-03-02,4,200
Mayfair Medical Centre,2025-03-09,,200
Mayfair Medical Centre,2025-03-16,,200
Mayfair Medical Centre,2025-03-23,,200
Mayfair Medical Centre,2025-03-30,5,205
Mayfair Medical Centre,2025-04-06,1,206
Mayfair Medical Centre,2025-04-13,1,207
Mayfair Medical Centre,2025-04-20,2,209
Mayfair Medical Centre,2025-04-27,4,213
Mayfair Medical Centre,2025-05-04,11,224
Mayfair Medical Centre,2025-05-11,7,231
Mayfair Medical Centre,2025-05-18,14,245
Mayfair Medical Centre,2025-05-25,,245
Mayfair Medical Centre,2025-06-01,6,251
Mayfair Medical Centre,2025-06-08,12,263
Mayfair Medical Centre,2025-06-15,7,270
Mayfair Medical Centre,2025-06-22,4,274
Mayfair Medical Centre,2025-06-29,4,278
Mayfair Medical Centre,2025-07-06,3,281
Mayfair Medical Centre,2025-07-13,4,285
Mayfair Medical Centre,2025-07-20,4,289
Mayfair Medical Centre,2025-07-27,5,294
Mayfair Medical Centre,2025-08-03,7,301
Mayfair Medical Centre,2025-08-10,6,307
Mayfair Medical Centre,2025-08-17,10,317
Mayfair Medical Centre,2025-08-24,7,324
Mayfair Medical Centre,2025-08-31,1,325
Mayfair Medical Centre,2025-09-07,8,333
Mayfair Medical Centre,2025-09-14,,333
Mayfair Medical Centre,2025-09-21,4,337
Mayfair Medical Centre,2025-09-28,8,345
Mayfair Medical Centre,2025-10-05,16,361
Mayfair Medical Centre,2025-10-12,8,369
Mayfair Medical Centre,2025-10-19,8,377
Mayfair Medical Centre,2025-10-26,4,381
Mayfair Medical Centre,2025-11-02,7,388
Mayfair Medical Centre,2025-11-09,8,396
Mayfair Medical Centre,2025-11-16,2,398
Mayfair Medical Centre,2025-11-23,3,401
Mayfair Medical Centre,2025-11-30,4,405
Mayfair Medical Centre,2025-12-07,2,407
Mayfair Medical Centre,2025-12-14,3,410
Mayfair Medical Centre,2025-12-21,5,415
Mayfair Medical Centre,2025-12-28,,415
Mayfair Medical Centre,2026-01-04,2,417
Mayfair Medical Centre,2026-01-11,4,421
Mayfair Medical Centre,2026-01-18,1,422
Mayfair Medical Centre,2026-01-25,1,423
Mayfair Medical Centre,2026-02-01,3,426
Mayfair Medical Centre,2026-02-08,11,437
Mayfair Medical Centre,2026-02-15,1,438
Mayfair Medical Centre,2026-02-22,1,439
Mayfair Medical Centre,2026-03-01,5,444
Mayfair Medical Centre,2026-03-08,2,446
Mayfair Medical Centre,2026-03-15,3,449
Mayfair Medical Centre,2026-03-22,1,450
Mayfair Medical Centre,2026-03-29,,450
Mayfair Medical Centre,2026-04-05,,450
Mayfair Medical Centre,2026-04-12,,450
Mayfair Medical Centre,2026-04-19,,450
Mayfair Medical Centre,2026-04-26,,450
Mayfair Medical Centre,2026-05-03,,450
Mayfair Medical Centre,2026-05-10,,450
Mayfair Medical Centre,2026-05-17,,450
Mayfair Medical Centre,2026-05-24,3,453
Mayfair Medical Centre,2026-05-31,,453
Mayfair Medical Centre,2026-06-07,,453
Meadow View Surgery,2023-10-08,,0
Meadow View Surgery,2023-11-05,,0
Meadow View Surgery,2023-11-12,,0
Meadow View Surgery,2023-11-19,,0
Meadow View Surgery,2023-11-26,,0
Meadow View Surgery,2023-12-03,,0
Meadow View Surgery,2023-12-10,,0
Meadow View Surgery,2023-12-17,,0
Meadow View Surgery,2023-12-24,,0
Meadow View Surgery,2023-12-31,,0
Meadow View Surgery,2024-01-07,,0
Meadow View Surgery,2024-01-14,,0
Meadow View Surgery,2024-01-21,,0
Meadow View Surgery,2024-01-28,,0
Meadow View Surgery,2024-02-04,,0
Meadow View Surgery,2024-02-11,,0
Meadow View Surgery,2024-02-18,,0
Meadow View Surgery,2024-02-25,,0
Meadow View Surgery,2024-03-03,3,3
Meadow View Surgery,2024-03-10,2,5
Meadow View Surgery,2024-03-17,,5
Meadow View Surgery,2024-03-24,2,7
Meadow View Surgery,2024-03-31,,7
Meadow View Surgery,2024-04-07,4,11
Meadow View Surgery,2024-04-14,,11
Meadow View Surgery,2024-04-21,,11
Meadow View Surgery,2024-04-28,,11
Meadow View Surgery,2024-05-05,,11
Meadow View Surgery,2024-05-12,,11
Meadow View Surgery,2024-05-19,,11
Meadow View Surgery,2024-05-26,,11
Meadow View Surgery,2024-06-02,,11
Meadow View Surgery,2024-06-09,,11
Meadow View Surgery,2024-06-16,1,12
Meadow View Surgery,2024-06-23,10,22
Meadow View Surgery,2024-06-30,20,42
Meadow View Surgery,2024-07-07,40,82
Meadow View Surgery,2024-07-14,17,99
Meadow View Surgery,2024-07-21,19,118
Meadow View Surgery,2024-07-28,10,128
Meadow View Surgery,2024-08-04,18,146
Meadow View Surgery,2024-08-11,27,173
Meadow View Surgery,2024-08-18,21,194
Meadow View Surgery,2024-08-25,23,217
Meadow View Surgery,2024-09-01,12,229
Meadow View Surgery,2024-09-08,21,250
Meadow View Surgery,2024-09-15,24,274
Meadow View Surgery,2024-09-22,25,299
Meadow View Surgery,2024-09-29,29,328
Meadow View Surgery,2024-10-06,14,342
Meadow View Surgery,2024-10-13,21,363
Meadow View Surgery,2024-10-20,12,375
Meadow View Surgery,2024-10-27,7,382
Meadow View Surgery,2024-11-03,6,388
Meadow View Surgery,2024-11-10,16,404
Meadow View Surgery,2024-11-17,14,418
Meadow View Surgery,2024-11-24,13,431
Meadow View Surgery,2024-12-01,24,455
Meadow View Surgery,2024-12-08,11,466
Meadow View Surgery,2024-12-15,20,486
Meadow View Surgery,2024-12-22,11,497
Meadow View Surgery,2024-12-29,6,503
Meadow View Surgery,2025-01-05,13,516
Meadow View Surgery,2025-01-12,16,532
Meadow View Surgery,2025-01-19,8,540
Meadow View Surgery,2025-01-26,10,550
Meadow View Surgery,2025-02-02,7,557
Meadow View Surgery,2025-02-09,9,566
Meadow View Surgery,2025-02-16,28,594
Meadow View Surgery,2025-02-23,14,608
Meadow View Surgery,2025-03-02,10,618
Meadow View Surgery,2025-03-09,12,630
Meadow View Surgery,2025-03-16,17,647
Meadow View Surgery,2025-03-23,18,665
Meadow View Surgery,2025-03-30,8,673
Meadow View Surgery,2025-04-06,11,684
Meadow View Surgery,2025-04-13,1,685
Meadow View Surgery,2025-04-20,3,688
Meadow View Surgery,2025-04-27,1,689
Meadow View Surgery,2025-05-04,9,698
Meadow View Surgery,2025-05-11,,698
Meadow View Surgery,2025-05-18,8,706
Meadow View Surgery,2025-05-25,9,715
Meadow View Surgery,2025-06-01,11,726
Meadow View Surgery,2025-06-08,9,735
Meadow View Surgery,2025-06-15,10,745
Meadow View Surgery,2025-06-22,9,754
Meadow View Surgery,2025-06-29,9,763
Meadow View Surgery,2025-07-06,3,766
Meadow View Surgery,2025-07-13,26,792
Meadow View Surgery,2025-07-20,192,984
Meadow View Surgery,2025-07-27,37,1021
Meadow View Surgery,2025-08-03,2,1023
Meadow View Surgery,2025-08-10,1,1024
Meadow View Surgery,2025-08-17,6,1030
Meadow View Surgery,2025-08-24,12,1042
Meadow View Surgery,2025-08-31,7,1049
Meadow View Surgery,2025-09-07,4,1053
Meadow View Surgery,2025-09-14,8,1061
Meadow View Surgery,2025-09-21,3,1064
Meadow View Surgery,2025-09-28,,1064
Meadow View Surgery,2025-10-05,6,1070
Meadow View Surgery,2025-10-12,4,1074
Meadow View Surgery,2025-10-19,18,1092
Meadow View Surgery,2025-10-26,2,1094
Meadow View Surgery,2025-11-02,4,1098
Meadow View Surgery,2025-11-09,4,1102
Meadow View Surgery,2025-11-16,2,1104
Meadow View Surgery,2025-11-23,8,1112
Meadow View Surgery,2025-11-30,19,1131
Meadow View Surgery,2025-12-07,14,1145
Meadow View Surgery,2025-12-14,31,1176
Meadow View Surgery,2025-12-21,17,1193
Meadow View Surgery,2025-12-28,26,1219
Meadow View Surgery,2026-01-04,12,1231
Meadow View Surgery,2026-01-11,29,1260
Meadow View Surgery,2026-01-18,40,1300
Meadow View Surgery,2026-01-25,51,1351
Meadow View Surgery,2026-02-01,34,1385
Meadow View Surgery,2026-02-08,43,1428
Meadow View Surgery,2026-02-15,15,1443
Meadow View Surgery,2026-02-22,25,1468
Meadow View Surgery,2026-03-01,40,1508
Meadow View Surgery,2026-03-08,64,1572
Meadow View Surgery,2026-03-15,29,1601
Meadow View Surgery,2026-03-22,91,1692
Meadow View Surgery,2026-03-29,23,1715
Meadow View Surgery,2026-04-05,5,1720
Meadow View Surgery,2026-04-12,1,1721
Meadow View Surgery,2026-04-19,12,1733
Meadow View Surgery,2026-04-26,,1733
Meadow View Surgery,2026-05-03,,1733
Meadow View Surgery,2026-05-10,9,1742
Meadow View Surgery,2026-05-17,7,1749
Meadow View Surgery,2026-05-24,3,1752
Meadow View Surgery,2026-05-31,7,1759
Meadow View Surgery,2026-06-07,,1759
Mount Medical Centre,2023-10-08,,0
Mount Medical Centre,2023-11-05,,0
Mount Medical Centre,2023-11-12,,0
Mount Medical Centre,2023-11-19,,0
Mount Medical Centre,2023-11-26,,0
Mount Medical Centre,2023-12-03,,0
Mount Medical Centre,2023-12-10,,0
Mount Medical Centre,2023-12-17,,0
Mount Medical Centre,2023-12-24,,0
Mount Medical Centre,2023-12-31,,0
Mount Medical Centre,2024-01-07,,0
Mount Medical Centre,2024-01-14,,0
Mount Medical Centre,2024-01-21,,0
Mount Medical Centre,2024-01-28,,0
Mount Medical Centre,2024-02-04,,0
Mount Medical Centre,2024-02-11,,0
Mount Medical Centre,2024-02-18,,0
Mount Medical Centre,2024-02-25,,0
Mount Medical Centre,2024-03-03,,0
Mount Medical Centre,2024-03-10,,0
Mount Medical Centre,2024-03-17,,0
Mount Medical Centre,2024-03-24,,0
Mount Medical Centre,2024-03-31,,0
Mount Medical Centre,2024-04-07,,0
Mount Medical Centre,2024-04-14,,0
Mount Medical Centre,2024-04-21,,0
Mount Medical Centre,2024-04-28,,0
Mount Medical Centre,2024-05-05,,0
Mount Medical Centre,2024-05-12,,0
Mount Medical Centre,2024-05-19,,0
Mount Medical Centre,2024-05-26,,0
Mount Medical Centre,2024-06-02,,0
Mount Medical Centre,2024-06-09,,0
Mount Medical Centre,2024-06-16,3,3
Mount Medical Centre,2024-06-23,1,4
Mount Medical Centre,2024-06-30,,4
Mount Medical Centre,2024-07-07,2,6
Mount Medical Centre,2024-07-14,,6
Mount Medical Centre,2024-07-21,,6
Mount Medical Centre,2024-07-28,2,8
Mount Medical Centre,2024-08-04,,8
Mount Medical Centre,2024-08-11,,8
Mount Medical Centre,2024-08-18,,8
Mount Medical Centre,2024-08-25,,8
Mount Medical Centre,2024-09-01,,8
Mount Medical Centre,2024-09-08,,8
Mount Medical Centre,2024-09-15,,8
Mount Medical Centre,2024-09-22,,8
Mount Medical Centre,2024-09-29,,8
Mount Medical Centre,2024-10-06,,8
Mount Medical Centre,2024-10-13,,8
Mount Medical Centre,2024-10-20,,8
Mount Medical Centre,2024-10-27,,8
Mount Medical Centre,2024-11-03,,8
Mount Medical Centre,2024-11-10,,8
Mount Medical Centre,2024-11-17,,8
Mount Medical Centre,2024-11-24,,8
Mount Medical Centre,2024-12-01,,8
Mount Medical Centre,2024-12-08,,8
Mount Medical Centre,2024-12-15,,8
Mount Medical Centre,2024-12-22,,8
Mount Medical Centre,2024-12-29,,8
Mount Medical Centre,2025-01-05,,8
Mount Medical Centre,2025-01-12,,8
Mount Medical Centre,2025-01-19,,8
Mount Medical Centre,2025-01-26,,8
Mount Medical Centre,2025-02-02,,8
Mount Medical Centre,2025-02-09,,8
Mount Medical Centre,2025-02-16,,8
Mount Medical Centre,2025-02-23,,8
Mount Medical Centre,2025-03-02,,8
Mount Medical Centre,2025-03-09,,8
Mount Medical Centre,2025-03-16,,8
Mount Medical Centre,2025-03-23,,8
Mount Medical Centre,2025-03-30,,8
Mount Medical Centre,2025-04-06,,8
Mount Medical Centre,2025-04-13,,8
Mount Medical Centre,2025-04-20,,8
Mount Medical Centre,2025-04-27,,8
Mount Medical Centre,2025-05-04,,8
Mount Medical Centre,2025-05-11,,8
Mount Medical Centre,2025-05-18,,8
Mount Medical Centre,2025-05-25,,8
Mount Medical Centre,2025-06-01,,8
Mount Medical Centre,2025-06-08,,8
Mount Medical Centre,2025-06-15,,8
Mount Medical Centre,2025-06-22,,8
Mount Medical Centre,2025-06-29,,8
Mount Medical Centre,2025-07-06,,8
Mount Medical Centre,2025-07-13,,8
Mount Medical Centre,2025-07-20,,8
Mount Medical Centre,2025-07-27,,8
Mount Medical Centre,2025-08-03,,8
Mount Medical Centre,2025-08-10,,8
Mount Medical Centre,2025-08-17,,8
Mount Medical Centre,2025-08-24,,8
Mount Medical Centre,2025-08-31,,8
Mount Medical Centre,2025-09-07,,8
Mount Medical Centre,2025-09-14,,8
Mount Medical Centre,2025-09-21,,8
Mount Medical Centre,2025-09-28,,8
Mount Medical Centre,2025-10-05,,8
Mount Medical Centre,2025-10-12,,8
Mount Medical Centre,2025-10-19,,8
Mount Medical Centre,2025-10-26,,8
Mount Medical Centre,2025-11-02,,8
Mount Medical Centre,2025-11-09,,8
Mount Medical Centre,2025-11-16,,8
Mount Medical Centre,2025-11-23,,8
Mount Medical Centre,2025-11-30,,8
Mount Medical Centre,2025-12-07,,8
Mount Medical Centre,2025-12-14,,8
Mount Medical Centre,2025-12-21,,8
Mount Medical Centre,2025-12-28,,8
Mount Medical Centre,2026-01-04,,8
Mount Medical Centre,2026-01-11,,8
Mount Medical Centre,2026-01-18,,8
Mount Medical Centre,2026-01-25,,8
Mount Medical Centre,2026-02-01,,8
Mount Medical Centre,2026-02-08,,8
Mount Medical Centre,2026-02-15,,8
Mount Medical Centre,2026-02-22,,8
Mount Medical Centre,2026-03-01,,8
Mount Medical Centre,2026-03-08,,8
Mount Medical Centre,2026-03-15,,8
Mount Medical Centre,2026-03-22,,8
Mount Medical Centre,2026-03-29,,8
Mount Medical Centre,2026-04-05,,8
Mount Medical Centre,2026-04-12,,8
Mount Medical Centre,2026-04-19,,8
Mount Medical Centre,2026-04-26,,8
Mount Medical Centre,2026-05-03,,8
Mount Medical Centre,2026-05-10,,8
Mount Medical Centre,2026-05-17,,8
Mount Medical Centre,2026-05-24,,8
Mount Medical Centre,2026-05-31,,8
Mount Medical Centre,2026-06-07,,8
Neasden Medical Centre,2023-10-08,,0
Neasden Medical Centre,2023-11-05,,0
Neasden Medical Centre,2023-11-12,,0
Neasden Medical Centre,2023-11-19,,0
Neasden Medical Centre,2023-11-26,,0
Neasden Medical Centre,2023-12-03,,0
Neasden Medical Centre,2023-12-10,,0
Neasden Medical Centre,2023-12-17,,0
Neasden Medical Centre,2023-12-24,,0
Neasden Medical Centre,2023-12-31,,0
Neasden Medical Centre,2024-01-07,,0
Neasden Medical Centre,2024-01-14,,0
Neasden Medical Centre,2024-01-21,,0
Neasden Medical Centre,2024-01-28,,0
Neasden Medical Centre,2024-02-04,,0
Neasden Medical Centre,2024-02-11,,0
Neasden Medical Centre,2024-02-18,,0
Neasden Medical Centre,2024-02-25,,0
Neasden Medical Centre,2024-03-03,,0
Neasden Medical Centre,2024-03-10,,0
Neasden Medical Centre,2024-03-17,,0
Neasden Medical Centre,2024-03-24,,0
Neasden Medical Centre,2024-03-31,,0
Neasden Medical Centre,2024-04-07,,0
Neasden Medical Centre,2024-04-14,,0
Neasden Medical Centre,2024-04-21,,0
Neasden Medical Centre,2024-04-28,,0
Neasden Medical Centre,2024-05-05,,0
Neasden Medical Centre,2024-05-12,,0
Neasden Medical Centre,2024-05-19,,0
Neasden Medical Centre,2024-05-26,,0
Neasden Medical Centre,2024-06-02,,0
Neasden Medical Centre,2024-06-09,,0
Neasden Medical Centre,2024-06-16,3,3
Neasden Medical Centre,2024-06-23,3,6
Neasden Medical Centre,2024-06-30,2,8
Neasden Medical Centre,2024-07-07,1,9
Neasden Medical Centre,2024-07-14,,9
Neasden Medical Centre,2024-07-21,3,12
Neasden Medical Centre,2024-07-28,3,15
Neasden Medical Centre,2024-08-04,,15
Neasden Medical Centre,2024-08-11,2,17
Neasden Medical Centre,2024-08-18,,17
Neasden Medical Centre,2024-08-25,,17
Neasden Medical Centre,2024-09-01,,17
Neasden Medical Centre,2024-09-08,1,18
Neasden Medical Centre,2024-09-15,,18
Neasden Medical Centre,2024-09-22,,18
Neasden Medical Centre,2024-09-29,,18
Neasden Medical Centre,2024-10-06,,18
Neasden Medical Centre,2024-10-13,,18
Neasden Medical Centre,2024-10-20,,18
Neasden Medical Centre,2024-10-27,,18
Neasden Medical Centre,2024-11-03,,18
Neasden Medical Centre,2024-11-10,,18
Neasden Medical Centre,2024-11-17,,18
Neasden Medical Centre,2024-11-24,,18
Neasden Medical Centre,2024-12-01,,18
Neasden Medical Centre,2024-12-08,,18
Neasden Medical Centre,2024-12-15,,18
Neasden Medical Centre,2024-12-22,,18
Neasden Medical Centre,2024-12-29,,18
Neasden Medical Centre,2025-01-05,,18
Neasden Medical Centre,2025-01-12,,18
Neasden Medical Centre,2025-01-19,,18
Neasden Medical Centre,2025-01-26,,18
Neasden Medical Centre,2025-02-02,,18
Neasden Medical Centre,2025-02-09,,18
Neasden Medical Centre,2025-02-16,,18
Neasden Medical Centre,2025-02-23,1,19
Neasden Medical Centre,2025-03-02,,19
Neasden Medical Centre,2025-03-09,,19
Neasden Medical Centre,2025-03-16,,19
Neasden Medical Centre,2025-03-23,,19
Neasden Medical Centre,2025-03-30,,19
Neasden Medical Centre,2025-04-06,2,21
Neasden Medical Centre,2025-04-13,,21
Neasden Medical Centre,2025-04-20,,21
Neasden Medical Centre,2025-04-27,,21
Neasden Medical Centre,2025-05-04,,21
Neasden Medical Centre,2025-05-11,,21
Neasden Medical Centre,2025-05-18,1,22
Neasden Medical Centre,2025-05-25,,22
Neasden Medical Centre,2025-06-01,,22
Neasden Medical Centre,2025-06-08,,22
Neasden Medical Centre,2025-06-15,,22
Neasden Medical Centre,2025-06-22,,22
Neasden Medical Centre,2025-06-29,,22
Neasden Medical Centre,2025-07-06,,22
Neasden Medical Centre,2025-07-13,,22
Neasden Medical Centre,2025-07-20,,22
Neasden Medical Centre,2025-07-27,,22
Neasden Medical Centre,2025-08-03,,22
Neasden Medical Centre,2025-08-10,,22
Neasden Medical Centre,2025-08-17,,22
Neasden Medical Centre,2025-08-24,,22
Neasden Medical Centre,2025-08-31,,22
Neasden Medical Centre,2025-09-07,,22
Neasden Medical Centre,2025-09-14,,22
Neasden Medical Centre,2025-09-21,,22
Neasden Medical Centre,2025-09-28,,22
Neasden Medical Centre,2025-10-05,,22
Neasden Medical Centre,2025-10-12,,22
Neasden Medical Centre,2025-10-19,,22
Neasden Medical Centre,2025-10-26,,22
Neasden Medical Centre,2025-11-02,,22
Neasden Medical Centre,2025-11-09,,22
Neasden Medical Centre,2025-11-16,,22
Neasden Medical Centre,2025-11-23,,22
Neasden Medical Centre,2025-11-30,,22
Neasden Medical Centre,2025-12-07,,22
Neasden Medical Centre,2025-12-14,,22
Neasden Medical Centre,2025-12-21,,22
Neasden Medical Centre,2025-12-28,,22
Neasden Medical Centre,2026-01-04,,22
Neasden Medical Centre,2026-01-11,,22
Neasden Medical Centre,2026-01-18,,22
Neasden Medical Centre,2026-01-25,,22
Neasden Medical Centre,2026-02-01,,22
Neasden Medical Centre,2026-02-08,,22
Neasden Medical Centre,2026-02-15,,22
Neasden Medical Centre,2026-02-22,,22
Neasden Medical Centre,2026-03-01,,22
Neasden Medical Centre,2026-03-08,,22
Neasden Medical Centre,2026-03-15,,22
Neasden Medical Centre,2026-03-22,,22
Neasden Medical Centre,2026-03-29,,22
Neasden Medical Centre,2026-04-05,,22
Neasden Medical Centre,2026-04-12,,22
Neasden Medical Centre,2026-04-19,,22
Neasden Medical Centre,2026-04-26,,22
Neasden Medical Centre,2026-05-03,,22
Neasden Medical Centre,2026-05-10,,22
Neasden Medical Centre,2026-05-17,,22
Neasden Medical Centre,2026-05-24,,22
Neasden Medical Centre,2026-05-31,,22
Neasden Medical Centre,2026-06-07,10,32
New Surgery,2023-10-08,,0
New Surgery,2023-11-05,,0
New Surgery,2023-11-12,,0
New Surgery,2023-11-19,,0
New Surgery,2023-11-26,,0
New Surgery,2023-12-03,,0
New Surgery,2023-12-10,,0
New Surgery,2023-12-17,,0
New Surgery,2023-12-24,,0
New Surgery,2023-12-31,,0
New Surgery,2024-01-07,,0
New Surgery,2024-01-14,,0
New Surgery,2024-01-21,,0
New Surgery,2024-01-28,,0
New Surgery,2024-02-04,,0
New Surgery,2024-02-11,,0
New Surgery,2024-02-18,,0
New Surgery,2024-02-25,,0
New Surgery,2024-03-03,,0
New Surgery,2024-03-10,,0
New Surgery,2024-03-17,,0
New Surgery,2024-03-24,,0
New Surgery,2024-03-31,,0
New Surgery,2024-04-07,,0
New Surgery,2024-04-14,,0
New Surgery,2024-04-21,,0
New Surgery,2024-04-28,,0
New Surgery,2024-05-05,,0
New Surgery,2024-05-12,,0
New Surgery,2024-05-19,,0
New Surgery,2024-05-26,,0
New Surgery,2024-06-02,,0
New Surgery,2024-06-09,,0
New Surgery,2024-06-16,28,28
New Surgery,2024-06-23,12,40
New Surgery,2024-06-30,19,59
New Surgery,2024-07-07,10,69
New Surgery,2024-07-14,12,81
New Surgery,2024-07-21,16,97
New Surgery,2024-07-28,13,110
New Surgery,2024-08-04,9,119
New Surgery,2024-08-11,12,131
New Surgery,2024-08-18,4,135
New Surgery,2024-08-25,7,142
New Surgery,2024-09-01,3,145
New Surgery,2024-09-08,4,149
New Surgery,2024-09-15,5,154
New Surgery,2024-09-22,4,158
New Surgery,2024-09-29,3,161
New Surgery,2024-10-06,2,163
New Surgery,2024-10-13,5,168
New Surgery,2024-10-20,4,172
New Surgery,2024-10-27,6,178
New Surgery,2024-11-03,3,181
New Surgery,2024-11-10,1,182
New Surgery,2024-11-17,3,185
New Surgery,2024-11-24,4,189
New Surgery,2024-12-01,8,197
New Surgery,2024-12-08,6,203
New Surgery,2024-12-15,1,204
New Surgery,2024-12-22,2,206
New Surgery,2024-12-29,,206
New Surgery,2025-01-05,1,207
New Surgery,2025-01-12,,207
New Surgery,2025-01-19,3,210
New Surgery,2025-01-26,,210
New Surgery,2025-02-02,1,211
New Surgery,2025-02-09,1,212
New Surgery,2025-02-16,3,215
New Surgery,2025-02-23,3,218
New Surgery,2025-03-02,3,221
New Surgery,2025-03-09,,221
New Surgery,2025-03-16,1,222
New Surgery,2025-03-23,4,226
New Surgery,2025-03-30,1,227
New Surgery,2025-04-06,3,230
New Surgery,2025-04-13,2,232
New Surgery,2025-04-20,9,241
New Surgery,2025-04-27,1,242
New Surgery,2025-05-04,3,245
New Surgery,2025-05-11,5,250
New Surgery,2025-05-18,7,257
New Surgery,2025-05-25,7,264
New Surgery,2025-06-01,5,269
New Surgery,2025-06-08,2,271
New Surgery,2025-06-15,,271
New Surgery,2025-06-22,5,276
New Surgery,2025-06-29,5,281
New Surgery,2025-07-06,5,286
New Surgery,2025-07-13,,286
New Surgery,2025-07-20,1,287
New Surgery,2025-07-27,3,290
New Surgery,2025-08-03,2,292
New Surgery,2025-08-10,1,293
New Surgery,2025-08-17,,293
New Surgery,2025-08-24,5,298
New Surgery,2025-08-31,3,301
New Surgery,2025-09-07,3,304
New Surgery,2025-09-14,2,306
New Surgery,2025-09-21,3,309
New Surgery,2025-09-28,3,312
New Surgery,2025-10-05,,312
New Surgery,2025-10-12,,312
New Surgery,2025-10-19,4,316
New Surgery,2025-10-26,1,317
New Surgery,2025-11-02,8,325
New Surgery,2025-11-09,,325
New Surgery,2025-11-16,1,326
New Surgery,2025-11-23,,326
New Surgery,2025-11-30,1,327
New Surgery,2025-12-07,3,330
New Surgery,2025-12-14,,330
New Surgery,2025-12-21,2,332
New Surgery,2025-12-28,,332
New Surgery,2026-01-04,,332
New Surgery,2026-01-11,,332
New Surgery,2026-01-18,1,333
New Surgery,2026-01-25,3,336
New Surgery,2026-02-01,1,337
New Surgery,2026-02-08,7,344
New Surgery,2026-02-15,1,345
New Surgery,2026-02-22,1,346
New Surgery,2026-03-01,,346
New Surgery,2026-03-08,,346
New Surgery,2026-03-15,,346
New Surgery,2026-03-22,,346
New Surgery,2026-03-29,,346
New Surgery,2026-04-05,1,347
New Surgery,2026-04-12,,347
New Surgery,2026-04-19,,347
New Surgery,2026-04-26,,347
New Surgery,2026-05-03,1,348
New Surgery,2026-05-10,,348
New Surgery,2026-05-17,1,349
New Surgery,2026-05-24,,349
New Surgery,2026-05-31,2,351
New Surgery,2026-06-07,,351
North End Medical Centre,2023-10-08,,0
North End Medical Centre,2023-11-05,,0
North End Medical Centre,2023-11-12,,0
North End Medical Centre,2023-11-19,,0
North End Medical Centre,2023-11-26,,0
North End Medical Centre,2023-12-03,,0
North End Medical Centre,2023-12-10,,0
North End Medical Centre,2023-12-17,,0
North End Medical Centre,2023-12-24,,0
North End Medical Centre,2023-12-31,,0
North End Medical Centre,2024-01-07,,0
North End Medical Centre,2024-01-14,,0
North End Medical Centre,2024-01-21,,0
North End Medical Centre,2024-01-28,,0
North End Medical Centre,2024-02-04,,0
North End Medical Centre,2024-02-11,,0
North End Medical Centre,2024-02-18,,0
North End Medical Centre,2024-02-25,,0
North End Medical Centre,2024-03-03,,0
North End Medical Centre,2024-03-10,,0
North End Medical Centre,2024-03-17,,0
North End Medical Centre,2024-03-24,,0
North End Medical Centre,2024-03-31,,0
North End Medical Centre,2024-04-07,,0
North End Medical Centre,2024-04-14,,0
North End Medical Centre,2024-04-21,5,5
North End Medical Centre,2024-04-28,3,8
North End Medical Centre,2024-05-05,,8
North End Medical Centre,2024-05-12,1,9
North End Medical Centre,2024-05-19,3,12
North End Medical Centre,2024-05-26,4,16
North End Medical Centre,2024-06-02,11,27
North End Medical Centre,2024-06-09,9,36
North End Medical Centre,2024-06-16,7,43
North End Medical Centre,2024-06-23,4,47
North End Medical Centre,2024-06-30,3,50
North End Medical Centre,2024-07-07,2,52
North End Medical Centre,2024-07-14,2,54
North End Medical Centre,2024-07-21,2,56
North End Medical Centre,2024-07-28,2,58
North End Medical Centre,2024-08-04,6,64
North End Medical Centre,2024-08-11,,64
North End Medical Centre,2024-08-18,1,65
North End Medical Centre,2024-08-25,1,66
North End Medical Centre,2024-09-01,1,67
North End Medical Centre,2024-09-08,,67
North End Medical Centre,2024-09-15,1,68
North End Medical Centre,2024-09-22,3,71
North End Medical Centre,2024-09-29,4,75
North End Medical Centre,2024-10-06,,75
North End Medical Centre,2024-10-13,3,78
North End Medical Centre,2024-10-20,,78
North End Medical Centre,2024-10-27,4,82
North End Medical Centre,2024-11-03,,82
North End Medical Centre,2024-11-10,1,83
North End Medical Centre,2024-11-17,,83
North End Medical Centre,2024-11-24,4,87
North End Medical Centre,2024-12-01,6,93
North End Medical Centre,2024-12-08,2,95
North End Medical Centre,2024-12-15,,95
North End Medical Centre,2024-12-22,2,97
North End Medical Centre,2024-12-29,,97
North End Medical Centre,2025-01-05,,97
North End Medical Centre,2025-01-12,,97
North End Medical Centre,2025-01-19,,97
North End Medical Centre,2025-01-26,,97
North End Medical Centre,2025-02-02,,97
North End Medical Centre,2025-02-09,,97
North End Medical Centre,2025-02-16,,97
North End Medical Centre,2025-02-23,2,99
North End Medical Centre,2025-03-02,,99
North End Medical Centre,2025-03-09,1,100
North End Medical Centre,2025-03-16,,100
North End Medical Centre,2025-03-23,,100
North End Medical Centre,2025-03-30,,100
North End Medical Centre,2025-04-06,,100
North End Medical Centre,2025-04-13,,100
North End Medical Centre,2025-04-20,,100
North End Medical Centre,2025-04-27,,100
North End Medical Centre,2025-05-04,,100
North End Medical Centre,2025-05-11,,100
North End Medical Centre,2025-05-18,,100
North End Medical Centre,2025-05-25,,100
North End Medical Centre,2025-06-01,1,101
North End Medical Centre,2025-06-08,,101
North End Medical Centre,2025-06-15,,101
North End Medical Centre,2025-06-22,,101
North End Medical Centre,2025-06-29,,101
North End Medical Centre,2025-07-06,,101
North End Medical Centre,2025-07-13,,101
North End Medical Centre,2025-07-20,1,102
North End Medical Centre,2025-07-27,,102
North End Medical Centre,2025-08-03,,102
North End Medical Centre,2025-08-10,,102
North End Medical Centre,2025-08-17,1,103
North End Medical Centre,2025-08-24,,103
North End Medical Centre,2025-08-31,,103
North End Medical Centre,2025-09-07,,103
North End Medical Centre,2025-09-14,,103
North End Medical Centre,2025-09-21,,103
North End Medical Centre,2025-09-28,,103
North End Medical Centre,2025-10-05,,103
North End Medical Centre,2025-10-12,1,104
North End Medical Centre,2025-10-19,,104
North End Medical Centre,2025-10-26,,104
North End Medical Centre,2025-11-02,,104
North End Medical Centre,2025-11-09,,104
North End Medical Centre,2025-11-16,,104
North End Medical Centre,2025-11-23,,104
North End Medical Centre,2025-11-30,,104
North End Medical Centre,2025-12-07,,104
North End Medical Centre,2025-12-14,,104
North End Medical Centre,2025-12-21,3,107
North End Medical Centre,2025-12-28,,107
North End Medical Centre,2026-01-04,,107
North End Medical Centre,2026-01-11,,107
North End Medical Centre,2026-01-18,,107
North End Medical Centre,2026-01-25,1,108
North End Medical Centre,2026-02-01,,108
North End Medical Centre,2026-02-08,,108
North End Medical Centre,2026-02-15,,108
North End Medical Centre,2026-02-22,,108
North End Medical Centre,2026-03-01,,108
North End Medical Centre,2026-03-08,,108
North End Medical Centre,2026-03-15,,108
North End Medical Centre,2026-03-22,,108
North End Medical Centre,2026-03-29,,108
North End Medical Centre,2026-04-05,,108
North End Medical Centre,2026-04-12,,108
North End Medical Centre,2026-04-19,,108
North End Medical Centre,2026-04-26,,108
North End Medical Centre,2026-05-03,,108
North End Medical Centre,2026-05-10,,108
North End Medical Centre,2026-05-17,,108
North End Medical Centre,2026-05-24,2,110
North End Medical Centre,2026-05-31,,110
North End Medical Centre,2026-06-07,,110
North Hyde Practice,2023-10-08,,0
North Hyde Practice,2023-11-05,,0
North Hyde Practice,2023-11-12,,0
North Hyde Practice,2023-11-19,17,17
North Hyde Practice,2023-11-26,2,19
North Hyde Practice,2023-12-03,5,24
North Hyde Practice,2023-12-10,1,25
North Hyde Practice,2023-12-17,,25
North Hyde Practice,2023-12-24,1,26
North Hyde Practice,2023-12-31,,26
North Hyde Practice,2024-01-07,2,28
North Hyde Practice,2024-01-14,2,30
North Hyde Practice,2024-01-21,,30
North Hyde Practice,2024-01-28,,30
North Hyde Practice,2024-02-04,,30
North Hyde Practice,2024-02-11,,30
North Hyde Practice,2024-02-18,,30
North Hyde Practice,2024-02-25,,30
North Hyde Practice,2024-03-03,,30
North Hyde Practice,2024-03-10,2,32
North Hyde Practice,2024-03-17,1,33
North Hyde Practice,2024-03-24,,33
North Hyde Practice,2024-03-31,,33
North Hyde Practice,2024-04-07,,33
North Hyde Practice,2024-04-14,,33
North Hyde Practice,2024-04-21,,33
North Hyde Practice,2024-04-28,,33
North Hyde Practice,2024-05-05,,33
North Hyde Practice,2024-05-12,,33
North Hyde Practice,2024-05-19,,33
North Hyde Practice,2024-05-26,,33
North Hyde Practice,2024-06-02,,33
North Hyde Practice,2024-06-09,1,34
North Hyde Practice,2024-06-16,,34
North Hyde Practice,2024-06-23,,34
North Hyde Practice,2024-06-30,,34
North Hyde Practice,2024-07-07,,34
North Hyde Practice,2024-07-14,,34
North Hyde Practice,2024-07-21,,34
North Hyde Practice,2024-07-28,,34
North Hyde Practice,2024-08-04,,34
North Hyde Practice,2024-08-11,,34
North Hyde Practice,2024-08-18,,34
North Hyde Practice,2024-08-25,,34
North Hyde Practice,2024-09-01,,34
North Hyde Practice,2024-09-08,,34
North Hyde Practice,2024-09-15,,34
North Hyde Practice,2024-09-22,,34
North Hyde Practice,2024-09-29,,34
North Hyde Practice,2024-10-06,,34
North Hyde Practice,2024-10-13,,34
North Hyde Practice,2024-10-20,,34
North Hyde Practice,2024-10-27,,34
North Hyde Practice,2024-11-03,,34
North Hyde Practice,2024-11-10,,34
North Hyde Practice,2024-11-17,,34
North Hyde Practice,2024-11-24,,34
North Hyde Practice,2024-12-01,,34
North Hyde Practice,2024-12-08,,34
North Hyde Practice,2024-12-15,,34
North Hyde Practice,2024-12-22,,34
North Hyde Practice,2024-12-29,,34
North Hyde Practice,2025-01-05,,34
North Hyde Practice,2025-01-12,,34
North Hyde Practice,2025-01-19,,34
North Hyde Practice,2025-01-26,,34
North Hyde Practice,2025-02-02,,34
North Hyde Practice,2025-02-09,,34
North Hyde Practice,2025-02-16,,34
North Hyde Practice,2025-02-23,,34
North Hyde Practice,2025-03-02,,34
North Hyde Practice,2025-03-09,,34
North Hyde Practice,2025-03-16,,34
North Hyde Practice,2025-03-23,,34
North Hyde Practice,2025-03-30,,34
North Hyde Practice,2025-04-06,,34
North Hyde Practice,2025-04-13,,34
North Hyde Practice,2025-04-20,,34
North Hyde Practice,2025-04-27,,34
North Hyde Practice,2025-05-04,,34
North Hyde Practice,2025-05-11,,34
North Hyde Practice,2025-05-18,,34
North Hyde Practice,2025-05-25,,34
North Hyde Practice,2025-06-01,,34
North Hyde Practice,2025-06-08,,34
North Hyde Practice,2025-06-15,,34
North Hyde Practice,2025-06-22,,34
North Hyde Practice,2025-06-29,,34
North Hyde Practice,2025-07-06,,34
North Hyde Practice,2025-07-13,,34
North Hyde Practice,2025-07-20,,34
North Hyde Practice,2025-07-27,,34
North Hyde Practice,2025-08-03,,34
North Hyde Practice,2025-08-10,,34
North Hyde Practice,2025-08-17,,34
North Hyde Practice,2025-08-24,,34
North Hyde Practice,2025-08-31,,34
North Hyde Practice,2025-09-07,,34
North Hyde Practice,2025-09-14,,34
North Hyde Practice,2025-09-21,,34
North Hyde Practice,2025-09-28,,34
North Hyde Practice,2025-10-05,,34
North Hyde Practice,2025-10-12,,34
North Hyde Practice,2025-10-19,,34
North Hyde Practice,2025-10-26,,34
North Hyde Practice,2025-11-02,,34
North Hyde Practice,2025-11-09,,34
North Hyde Practice,2025-11-16,,34
North Hyde Practice,2025-11-23,,34
North Hyde Practice,2025-11-30,,34
North Hyde Practice,2025-12-07,,34
North Hyde Practice,2025-12-14,,34
North Hyde Practice,2025-12-21,,34
North Hyde Practice,2025-12-28,,34
North Hyde Practice,2026-01-04,,34
North Hyde Practice,2026-01-11,,34
North Hyde Practice,2026-01-18,,34
North Hyde Practice,2026-01-25,,34
North Hyde Practice,2026-02-01,,34
North Hyde Practice,2026-02-08,,34
North Hyde Practice,2026-02-15,,34
North Hyde Practice,2026-02-22,,34
North Hyde Practice,2026-03-01,,34
North Hyde Practice,2026-03-08,,34
North Hyde Practice,2026-03-15,,34
North Hyde Practice,2026-03-22,,34
North Hyde Practice,2026-03-29,,34
North Hyde Practice,2026-04-05,,34
North Hyde Practice,2026-04-12,,34
North Hyde Practice,2026-04-19,,34
North Hyde Practice,2026-04-26,,34
North Hyde Practice,2026-05-03,,34
North Hyde Practice,2026-05-10,,34
North Hyde Practice,2026-05-17,,34
North Hyde Practice,2026-05-24,,34
North Hyde Practice,2026-05-31,,34
North Hyde Practice,2026-06-07,,34
Oldfield Family Practice,2023-10-08,,0
Oldfield Family Practice,2023-11-05,,0
Oldfield Family Practice,2023-11-12,,0
Oldfield Family Practice,2023-11-19,,0
Oldfield Family Practice,2023-11-26,,0
Oldfield Family Practice,2023-12-03,,0
Oldfield Family Practice,2023-12-10,,0
Oldfield Family Practice,2023-12-17,,0
Oldfield Family Practice,2023-12-24,,0
Oldfield Family Practice,2023-12-31,,0
Oldfield Family Practice,2024-01-07,,0
Oldfield Family Practice,2024-01-14,,0
Oldfield Family Practice,2024-01-21,,0
Oldfield Family Practice,2024-01-28,22,22
Oldfield Family Practice,2024-02-04,26,48
Oldfield Family Practice,2024-02-11,16,64
Oldfield Family Practice,2024-02-18,22,86
Oldfield Family Practice,2024-02-25,7,93
Oldfield Family Practice,2024-03-03,10,103
Oldfield Family Practice,2024-03-10,3,106
Oldfield Family Practice,2024-03-17,6,112
Oldfield Family Practice,2024-03-24,7,119
Oldfield Family Practice,2024-03-31,1,120
Oldfield Family Practice,2024-04-07,7,127
Oldfield Family Practice,2024-04-14,9,136
Oldfield Family Practice,2024-04-21,10,146
Oldfield Family Practice,2024-04-28,7,153
Oldfield Family Practice,2024-05-05,3,156
Oldfield Family Practice,2024-05-12,5,161
Oldfield Family Practice,2024-05-19,5,166
Oldfield Family Practice,2024-05-26,6,172
Oldfield Family Practice,2024-06-02,3,175
Oldfield Family Practice,2024-06-09,2,177
Oldfield Family Practice,2024-06-16,2,179
Oldfield Family Practice,2024-06-23,6,185
Oldfield Family Practice,2024-06-30,1,186
Oldfield Family Practice,2024-07-07,,186
Oldfield Family Practice,2024-07-14,5,191
Oldfield Family Practice,2024-07-21,6,197
Oldfield Family Practice,2024-07-28,8,205
Oldfield Family Practice,2024-08-04,2,207
Oldfield Family Practice,2024-08-11,2,209
Oldfield Family Practice,2024-08-18,4,213
Oldfield Family Practice,2024-08-25,2,215
Oldfield Family Practice,2024-09-01,1,216
Oldfield Family Practice,2024-09-08,,216
Oldfield Family Practice,2024-09-15,3,219
Oldfield Family Practice,2024-09-22,3,222
Oldfield Family Practice,2024-09-29,3,225
Oldfield Family Practice,2024-10-06,1,226
Oldfield Family Practice,2024-10-13,3,229
Oldfield Family Practice,2024-10-20,,229
Oldfield Family Practice,2024-10-27,2,231
Oldfield Family Practice,2024-11-03,2,233
Oldfield Family Practice,2024-11-10,4,237
Oldfield Family Practice,2024-11-17,1,238
Oldfield Family Practice,2024-11-24,2,240
Oldfield Family Practice,2024-12-01,2,242
Oldfield Family Practice,2024-12-08,,242
Oldfield Family Practice,2024-12-15,2,244
Oldfield Family Practice,2024-12-22,1,245
Oldfield Family Practice,2024-12-29,1,246
Oldfield Family Practice,2025-01-05,,246
Oldfield Family Practice,2025-01-12,1,247
Oldfield Family Practice,2025-01-19,2,249
Oldfield Family Practice,2025-01-26,3,252
Oldfield Family Practice,2025-02-02,2,254
Oldfield Family Practice,2025-02-09,3,257
Oldfield Family Practice,2025-02-16,1,258
Oldfield Family Practice,2025-02-23,3,261
Oldfield Family Practice,2025-03-02,3,264
Oldfield Family Practice,2025-03-09,2,266
Oldfield Family Practice,2025-03-16,1,267
Oldfield Family Practice,2025-03-23,1,268
Oldfield Family Practice,2025-03-30,,268
Oldfield Family Practice,2025-04-06,,268
Oldfield Family Practice,2025-04-13,1,269
Oldfield Family Practice,2025-04-20,4,273
Oldfield Family Practice,2025-04-27,2,275
Oldfield Family Practice,2025-05-04,1,276
Oldfield Family Practice,2025-05-11,1,277
Oldfield Family Practice,2025-05-18,,277
Oldfield Family Practice,2025-05-25,1,278
Oldfield Family Practice,2025-06-01,,278
Oldfield Family Practice,2025-06-08,,278
Oldfield Family Practice,2025-06-15,,278
Oldfield Family Practice,2025-06-22,2,280
Oldfield Family Practice,2025-06-29,,280
Oldfield Family Practice,2025-07-06,,280
Oldfield Family Practice,2025-07-13,1,281
Oldfield Family Practice,2025-07-20,3,284
Oldfield Family Practice,2025-07-27,2,286
Oldfield Family Practice,2025-08-03,4,290
Oldfield Family Practice,2025-08-10,,290
Oldfield Family Practice,2025-08-17,,290
Oldfield Family Practice,2025-08-24,1,291
Oldfield Family Practice,2025-08-31,,291
Oldfield Family Practice,2025-09-07,,291
Oldfield Family Practice,2025-09-14,2,293
Oldfield Family Practice,2025-09-21,,293
Oldfield Family Practice,2025-09-28,,293
Oldfield Family Practice,2025-10-05,,293
Oldfield Family Practice,2025-10-12,2,295
Oldfield Family Practice,2025-10-19,,295
Oldfield Family Practice,2025-10-26,1,296
Oldfield Family Practice,2025-11-02,,296
Oldfield Family Practice,2025-11-09,,296
Oldfield Family Practice,2025-11-16,,296
Oldfield Family Practice,2025-11-23,,296
Oldfield Family Practice,2025-11-30,,296
Oldfield Family Practice,2025-12-07,1,297
Oldfield Family Practice,2025-12-14,,297
Oldfield Family Practice,2025-12-21,2,299
Oldfield Family Practice,2025-12-28,,299
Oldfield Family Practice,2026-01-04,,299
Oldfield Family Practice,2026-01-11,3,302
Oldfield Family Practice,2026-01-18,,302
Oldfield Family Practice,2026-01-25,,302
Oldfield Family Practice,2026-02-01,,302
Oldfield Family Practice,2026-02-08,1,303
Oldfield Family Practice,2026-02-15,1,304
Oldfield Family Practice,2026-02-22,,304
Oldfield Family Practice,2026-03-01,1,305
Oldfield Family Practice,2026-03-08,,305
Oldfield Family Practice,2026-03-15,1,306
Oldfield Family Practice,2026-03-22,1,307
Oldfield Family Practice,2026-03-29,1,308
Oldfield Family Practice,2026-04-05,,308
Oldfield Family Practice,2026-04-12,,308
Oldfield Family Practice,2026-04-19,,308
Oldfield Family Practice,2026-04-26,,308
Oldfield Family Practice,2026-05-03,,308
Oldfield Family Practice,2026-05-10,,308
Oldfield Family Practice,2026-05-17,,308
Oldfield Family Practice,2026-05-24,,308
Oldfield Family Practice,2026-05-31,,308
Oldfield Family Practice,2026-06-07,,308
Otterfield Medical Centre,2023-10-08,,0
Otterfield Medical Centre,2023-11-05,,0
Otterfield Medical Centre,2023-11-12,,0
Otterfield Medical Centre,2023-11-19,,0
Otterfield Medical Centre,2023-11-26,,0
Otterfield Medical Centre,2023-12-03,,0
Otterfield Medical Centre,2023-12-10,,0
Otterfield Medical Centre,2023-12-17,,0
Otterfield Medical Centre,2023-12-24,,0
Otterfield Medical Centre,2023-12-31,,0
Otterfield Medical Centre,2024-01-07,,0
Otterfield Medical Centre,2024-01-14,,0
Otterfield Medical Centre,2024-01-21,5,5
Otterfield Medical Centre,2024-01-28,,5
Otterfield Medical Centre,2024-02-04,,5
Otterfield Medical Centre,2024-02-11,,5
Otterfield Medical Centre,2024-02-18,,5
Otterfield Medical Centre,2024-02-25,,5
Otterfield Medical Centre,2024-03-03,16,21
Otterfield Medical Centre,2024-03-10,12,33
Otterfield Medical Centre,2024-03-17,8,41
Otterfield Medical Centre,2024-03-24,3,44
Otterfield Medical Centre,2024-03-31,12,56
Otterfield Medical Centre,2024-04-07,14,70
Otterfield Medical Centre,2024-04-14,14,84
Otterfield Medical Centre,2024-04-21,3,87
Otterfield Medical Centre,2024-04-28,7,94
Otterfield Medical Centre,2024-05-05,2,96
Otterfield Medical Centre,2024-05-12,1,97
Otterfield Medical Centre,2024-05-19,4,101
Otterfield Medical Centre,2024-05-26,3,104
Otterfield Medical Centre,2024-06-02,3,107
Otterfield Medical Centre,2024-06-09,3,110
Otterfield Medical Centre,2024-06-16,1,111
Otterfield Medical Centre,2024-06-23,2,113
Otterfield Medical Centre,2024-06-30,2,115
Otterfield Medical Centre,2024-07-07,3,118
Otterfield Medical Centre,2024-07-14,,118
Otterfield Medical Centre,2024-07-21,1,119
Otterfield Medical Centre,2024-07-28,1,120
Otterfield Medical Centre,2024-08-04,2,122
Otterfield Medical Centre,2024-08-11,3,125
Otterfield Medical Centre,2024-08-18,7,132
Otterfield Medical Centre,2024-08-25,,132
Otterfield Medical Centre,2024-09-01,3,135
Otterfield Medical Centre,2024-09-08,20,155
Otterfield Medical Centre,2024-09-15,6,161
Otterfield Medical Centre,2024-09-22,11,172
Otterfield Medical Centre,2024-09-29,13,185
Otterfield Medical Centre,2024-10-06,,185
Otterfield Medical Centre,2024-10-13,4,189
Otterfield Medical Centre,2024-10-20,7,196
Otterfield Medical Centre,2024-10-27,16,212
Otterfield Medical Centre,2024-11-03,6,218
Otterfield Medical Centre,2024-11-10,2,220
Otterfield Medical Centre,2024-11-17,2,222
Otterfield Medical Centre,2024-11-24,2,224
Otterfield Medical Centre,2024-12-01,3,227
Otterfield Medical Centre,2024-12-08,2,229
Otterfield Medical Centre,2024-12-15,2,231
Otterfield Medical Centre,2024-12-22,3,234
Otterfield Medical Centre,2024-12-29,2,236
Otterfield Medical Centre,2025-01-05,,236
Otterfield Medical Centre,2025-01-12,2,238
Otterfield Medical Centre,2025-01-19,3,241
Otterfield Medical Centre,2025-01-26,,241
Otterfield Medical Centre,2025-02-02,5,246
Otterfield Medical Centre,2025-02-09,1,247
Otterfield Medical Centre,2025-02-16,6,253
Otterfield Medical Centre,2025-02-23,6,259
Otterfield Medical Centre,2025-03-02,1,260
Otterfield Medical Centre,2025-03-09,,260
Otterfield Medical Centre,2025-03-16,2,262
Otterfield Medical Centre,2025-03-23,3,265
Otterfield Medical Centre,2025-03-30,2,267
Otterfield Medical Centre,2025-04-06,,267
Otterfield Medical Centre,2025-04-13,2,269
Otterfield Medical Centre,2025-04-20,2,271
Otterfield Medical Centre,2025-04-27,3,274
Otterfield Medical Centre,2025-05-04,1,275
Otterfield Medical Centre,2025-05-11,2,277
Otterfield Medical Centre,2025-05-18,,277
Otterfield Medical Centre,2025-05-25,,277
Otterfield Medical Centre,2025-06-01,1,278
Otterfield Medical Centre,2025-06-08,1,279
Otterfield Medical Centre,2025-06-15,4,283
Otterfield Medical Centre,2025-06-22,3,286
Otterfield Medical Centre,2025-06-29,1,287
Otterfield Medical Centre,2025-07-06,,287
Otterfield Medical Centre,2025-07-13,,287
Otterfield Medical Centre,2025-07-20,3,290
Otterfield Medical Centre,2025-07-27,1,291
Otterfield Medical Centre,2025-08-03,1,292
Otterfield Medical Centre,2025-08-10,,292
Otterfield Medical Centre,2025-08-17,,292
Otterfield Medical Centre,2025-08-24,,292
Otterfield Medical Centre,2025-08-31,,292
Otterfield Medical Centre,2025-09-07,5,297
Otterfield Medical Centre,2025-09-14,1,298
Otterfield Medical Centre,2025-09-21,1,299
Otterfield Medical Centre,2025-09-28,1,300
Otterfield Medical Centre,2025-10-05,1,301
Otterfield Medical Centre,2025-10-12,,301
Otterfield Medical Centre,2025-10-19,,301
Otterfield Medical Centre,2025-10-26,3,304
Otterfield Medical Centre,2025-11-02,2,306
Otterfield Medical Centre,2025-11-09,,306
Otterfield Medical Centre,2025-11-16,2,308
Otterfield Medical Centre,2025-11-23,8,316
Otterfield Medical Centre,2025-11-30,,316
Otterfield Medical Centre,2025-12-07,2,318
Otterfield Medical Centre,2025-12-14,3,321
Otterfield Medical Centre,2025-12-21,,321
Otterfield Medical Centre,2025-12-28,,321
Otterfield Medical Centre,2026-01-04,,321
Otterfield Medical Centre,2026-01-11,2,323
Otterfield Medical Centre,2026-01-18,,323
Otterfield Medical Centre,2026-01-25,1,324
Otterfield Medical Centre,2026-02-01,,324
Otterfield Medical Centre,2026-02-08,,324
Otterfield Medical Centre,2026-02-15,,324
Otterfield Medical Centre,2026-02-22,1,325
Otterfield Medical Centre,2026-03-01,,325
Otterfield Medical Centre,2026-03-08,,325
Otterfield Medical Centre,2026-03-15,,325
Otterfield Medical Centre,2026-03-22,,325
Otterfield Medical Centre,2026-03-29,3,328
Otterfield Medical Centre,2026-04-05,6,334
Otterfield Medical Centre,2026-04-12,2,336
Otterfield Medical Centre,2026-04-19,2,338
Otterfield Medical Centre,2026-04-26,3,341
Otterfield Medical Centre,2026-05-03,,341
Otterfield Medical Centre,2026-05-10,,341
Otterfield Medical Centre,2026-05-17,,341
Otterfield Medical Centre,2026-05-24,,341
Otterfield Medical Centre,2026-05-31,,341
Otterfield Medical Centre,2026-06-07,,341
Oxford Drive Medical Centre,2023-10-08,,0
Oxford Drive Medical Centre,2023-11-05,,0
Oxford Drive Medical Centre,2023-11-12,,0
Oxford Drive Medical Centre,2023-11-19,,0
Oxford Drive Medical Centre,2023-11-26,,0
Oxford Drive Medical Centre,2023-12-03,,0
Oxford Drive Medical Centre,2023-12-10,,0
Oxford Drive Medical Centre,2023-12-17,15,15
Oxford Drive Medical Centre,2023-12-24,16,31
Oxford Drive Medical Centre,2023-12-31,3,34
Oxford Drive Medical Centre,2024-01-07,16,50
Oxford Drive Medical Centre,2024-01-14,14,64
Oxford Drive Medical Centre,2024-01-21,2,66
Oxford Drive Medical Centre,2024-01-28,1,67
Oxford Drive Medical Centre,2024-02-04,9,76
Oxford Drive Medical Centre,2024-02-11,10,86
Oxford Drive Medical Centre,2024-02-18,1,87
Oxford Drive Medical Centre,2024-02-25,3,90
Oxford Drive Medical Centre,2024-03-03,2,92
Oxford Drive Medical Centre,2024-03-10,2,94
Oxford Drive Medical Centre,2024-03-17,6,100
Oxford Drive Medical Centre,2024-03-24,3,103
Oxford Drive Medical Centre,2024-03-31,1,104
Oxford Drive Medical Centre,2024-04-07,3,107
Oxford Drive Medical Centre,2024-04-14,,107
Oxford Drive Medical Centre,2024-04-21,4,111
Oxford Drive Medical Centre,2024-04-28,4,115
Oxford Drive Medical Centre,2024-05-05,5,120
Oxford Drive Medical Centre,2024-05-12,,120
Oxford Drive Medical Centre,2024-05-19,,120
Oxford Drive Medical Centre,2024-05-26,3,123
Oxford Drive Medical Centre,2024-06-02,1,124
Oxford Drive Medical Centre,2024-06-09,5,129
Oxford Drive Medical Centre,2024-06-16,3,132
Oxford Drive Medical Centre,2024-06-23,4,136
Oxford Drive Medical Centre,2024-06-30,1,137
Oxford Drive Medical Centre,2024-07-07,2,139
Oxford Drive Medical Centre,2024-07-14,2,141
Oxford Drive Medical Centre,2024-07-21,,141
Oxford Drive Medical Centre,2024-07-28,2,143
Oxford Drive Medical Centre,2024-08-04,,143
Oxford Drive Medical Centre,2024-08-11,4,147
Oxford Drive Medical Centre,2024-08-18,,147
Oxford Drive Medical Centre,2024-08-25,1,148
Oxford Drive Medical Centre,2024-09-01,,148
Oxford Drive Medical Centre,2024-09-08,,148
Oxford Drive Medical Centre,2024-09-15,,148
Oxford Drive Medical Centre,2024-09-22,3,151
Oxford Drive Medical Centre,2024-09-29,,151
Oxford Drive Medical Centre,2024-10-06,1,152
Oxford Drive Medical Centre,2024-10-13,,152
Oxford Drive Medical Centre,2024-10-20,,152
Oxford Drive Medical Centre,2024-10-27,1,153
Oxford Drive Medical Centre,2024-11-03,,153
Oxford Drive Medical Centre,2024-11-10,,153
Oxford Drive Medical Centre,2024-11-17,,153
Oxford Drive Medical Centre,2024-11-24,,153
Oxford Drive Medical Centre,2024-12-01,,153
Oxford Drive Medical Centre,2024-12-08,,153
Oxford Drive Medical Centre,2024-12-15,,153
Oxford Drive Medical Centre,2024-12-22,1,154
Oxford Drive Medical Centre,2024-12-29,,154
Oxford Drive Medical Centre,2025-01-05,2,156
Oxford Drive Medical Centre,2025-01-12,,156
Oxford Drive Medical Centre,2025-01-19,,156
Oxford Drive Medical Centre,2025-01-26,,156
Oxford Drive Medical Centre,2025-02-02,,156
Oxford Drive Medical Centre,2025-02-09,1,157
Oxford Drive Medical Centre,2025-02-16,6,163
Oxford Drive Medical Centre,2025-02-23,,163
Oxford Drive Medical Centre,2025-03-02,1,164
Oxford Drive Medical Centre,2025-03-09,,164
Oxford Drive Medical Centre,2025-03-16,,164
Oxford Drive Medical Centre,2025-03-23,,164
Oxford Drive Medical Centre,2025-03-30,,164
Oxford Drive Medical Centre,2025-04-06,,164
Oxford Drive Medical Centre,2025-04-13,,164
Oxford Drive Medical Centre,2025-04-20,1,165
Oxford Drive Medical Centre,2025-04-27,1,166
Oxford Drive Medical Centre,2025-05-04,,166
Oxford Drive Medical Centre,2025-05-11,,166
Oxford Drive Medical Centre,2025-05-18,,166
Oxford Drive Medical Centre,2025-05-25,1,167
Oxford Drive Medical Centre,2025-06-01,,167
Oxford Drive Medical Centre,2025-06-08,,167
Oxford Drive Medical Centre,2025-06-15,,167
Oxford Drive Medical Centre,2025-06-22,,167
Oxford Drive Medical Centre,2025-06-29,,167
Oxford Drive Medical Centre,2025-07-06,,167
Oxford Drive Medical Centre,2025-07-13,,167
Oxford Drive Medical Centre,2025-07-20,,167
Oxford Drive Medical Centre,2025-07-27,,167
Oxford Drive Medical Centre,2025-08-03,4,171
Oxford Drive Medical Centre,2025-08-10,,171
Oxford Drive Medical Centre,2025-08-17,,171
Oxford Drive Medical Centre,2025-08-24,,171
Oxford Drive Medical Centre,2025-08-31,,171
Oxford Drive Medical Centre,2025-09-07,,171
Oxford Drive Medical Centre,2025-09-14,,171
Oxford Drive Medical Centre,2025-09-21,,171
Oxford Drive Medical Centre,2025-09-28,,171
Oxford Drive Medical Centre,2025-10-05,,171
Oxford Drive Medical Centre,2025-10-12,,171
Oxford Drive Medical Centre,2025-10-19,,171
Oxford Drive Medical Centre,2025-10-26,,171
Oxford Drive Medical Centre,2025-11-02,,171
Oxford Drive Medical Centre,2025-11-09,,171
Oxford Drive Medical Centre,2025-11-16,,171
Oxford Drive Medical Centre,2025-11-23,,171
Oxford Drive Medical Centre,2025-11-30,,171
Oxford Drive Medical Centre,2025-12-07,,171
Oxford Drive Medical Centre,2025-12-14,,171
Oxford Drive Medical Centre,2025-12-21,,171
Oxford Drive Medical Centre,2025-12-28,,171
Oxford Drive Medical Centre,2026-01-04,,171
Oxford Drive Medical Centre,2026-01-11,,171
Oxford Drive Medical Centre,2026-01-18,,171
Oxford Drive Medical Centre,2026-01-25,,171
Oxford Drive Medical Centre,2026-02-01,,171
Oxford Drive Medical Centre,2026-02-08,,171
Oxford Drive Medical Centre,2026-02-15,,171
Oxford Drive Medical Centre,2026-02-22,,171
Oxford Drive Medical Centre,2026-03-01,,171
Oxford Drive Medical Centre,2026-03-08,,171
Oxford Drive Medical Centre,2026-03-15,,171
Oxford Drive Medical Centre,2026-03-22,,171
Oxford Drive Medical Centre,2026-03-29,,171
Oxford Drive Medical Centre,2026-04-05,,171
Oxford Drive Medical Centre,2026-04-12,,171
Oxford Drive Medical Centre,2026-04-19,,171
Oxford Drive Medical Centre,2026-04-26,,171
Oxford Drive Medical Centre,2026-05-03,,171
Oxford Drive Medical Centre,2026-05-10,,171
Oxford Drive Medical Centre,2026-05-17,,171
Oxford Drive Medical Centre,2026-05-24,,171
Oxford Drive Medical Centre,2026-05-31,,171
Oxford Drive Medical Centre,2026-06-07,,171
Oxgate Gardens Surgery,2023-10-08,,0
Oxgate Gardens Surgery,2023-11-05,,0
Oxgate Gardens Surgery,2023-11-12,,0
Oxgate Gardens Surgery,2023-11-19,,0
Oxgate Gardens Surgery,2023-11-26,,0
Oxgate Gardens Surgery,2023-12-03,8,8
Oxgate Gardens Surgery,2023-12-10,,8
Oxgate Gardens Surgery,2023-12-17,,8
Oxgate Gardens Surgery,2023-12-24,,8
Oxgate Gardens Surgery,2023-12-31,,8
Oxgate Gardens Surgery,2024-01-07,,8
Oxgate Gardens Surgery,2024-01-14,1,9
Oxgate Gardens Surgery,2024-01-21,3,12
Oxgate Gardens Surgery,2024-01-28,,12
Oxgate Gardens Surgery,2024-02-04,,12
Oxgate Gardens Surgery,2024-02-11,,12
Oxgate Gardens Surgery,2024-02-18,,12
Oxgate Gardens Surgery,2024-02-25,,12
Oxgate Gardens Surgery,2024-03-03,,12
Oxgate Gardens Surgery,2024-03-10,,12
Oxgate Gardens Surgery,2024-03-17,,12
Oxgate Gardens Surgery,2024-03-24,,12
Oxgate Gardens Surgery,2024-03-31,,12
Oxgate Gardens Surgery,2024-04-07,,12
Oxgate Gardens Surgery,2024-04-14,1,13
Oxgate Gardens Surgery,2024-04-21,1,14
Oxgate Gardens Surgery,2024-04-28,,14
Oxgate Gardens Surgery,2024-05-05,,14
Oxgate Gardens Surgery,2024-05-12,,14
Oxgate Gardens Surgery,2024-05-19,3,17
Oxgate Gardens Surgery,2024-05-26,,17
Oxgate Gardens Surgery,2024-06-02,,17
Oxgate Gardens Surgery,2024-06-09,,17
Oxgate Gardens Surgery,2024-06-16,,17
Oxgate Gardens Surgery,2024-06-23,,17
Oxgate Gardens Surgery,2024-06-30,,17
Oxgate Gardens Surgery,2024-07-07,,17
Oxgate Gardens Surgery,2024-07-14,,17
Oxgate Gardens Surgery,2024-07-21,,17
Oxgate Gardens Surgery,2024-07-28,,17
Oxgate Gardens Surgery,2024-08-04,,17
Oxgate Gardens Surgery,2024-08-11,,17
Oxgate Gardens Surgery,2024-08-18,,17
Oxgate Gardens Surgery,2024-08-25,,17
Oxgate Gardens Surgery,2024-09-01,,17
Oxgate Gardens Surgery,2024-09-08,,17
Oxgate Gardens Surgery,2024-09-15,,17
Oxgate Gardens Surgery,2024-09-22,,17
Oxgate Gardens Surgery,2024-09-29,,17
Oxgate Gardens Surgery,2024-10-06,,17
Oxgate Gardens Surgery,2024-10-13,,17
Oxgate Gardens Surgery,2024-10-20,,17
Oxgate Gardens Surgery,2024-10-27,,17
Oxgate Gardens Surgery,2024-11-03,,17
Oxgate Gardens Surgery,2024-11-10,,17
Oxgate Gardens Surgery,2024-11-17,,17
Oxgate Gardens Surgery,2024-11-24,,17
Oxgate Gardens Surgery,2024-12-01,,17
Oxgate Gardens Surgery,2024-12-08,,17
Oxgate Gardens Surgery,2024-12-15,,17
Oxgate Gardens Surgery,2024-12-22,,17
Oxgate Gardens Surgery,2024-12-29,,17
Oxgate Gardens Surgery,2025-01-05,,17
Oxgate Gardens Surgery,2025-01-12,,17
Oxgate Gardens Surgery,2025-01-19,,17
Oxgate Gardens Surgery,2025-01-26,,17
Oxgate Gardens Surgery,2025-02-02,,17
Oxgate Gardens Surgery,2025-02-09,,17
Oxgate Gardens Surgery,2025-02-16,,17
Oxgate Gardens Surgery,2025-02-23,,17
Oxgate Gardens Surgery,2025-03-02,,17
Oxgate Gardens Surgery,2025-03-09,,17
Oxgate Gardens Surgery,2025-03-16,,17
Oxgate Gardens Surgery,2025-03-23,,17
Oxgate Gardens Surgery,2025-03-30,,17
Oxgate Gardens Surgery,2025-04-06,,17
Oxgate Gardens Surgery,2025-04-13,,17
Oxgate Gardens Surgery,2025-04-20,,17
Oxgate Gardens Surgery,2025-04-27,,17
Oxgate Gardens Surgery,2025-05-04,,17
Oxgate Gardens Surgery,2025-05-11,,17
Oxgate Gardens Surgery,2025-05-18,,17
Oxgate Gardens Surgery,2025-05-25,,17
Oxgate Gardens Surgery,2025-06-01,,17
Oxgate Gardens Surgery,2025-06-08,,17
Oxgate Gardens Surgery,2025-06-15,,17
Oxgate Gardens Surgery,2025-06-22,,17
Oxgate Gardens Surgery,2025-06-29,,17
Oxgate Gardens Surgery,2025-07-06,,17
Oxgate Gardens Surgery,2025-07-13,,17
Oxgate Gardens Surgery,2025-07-20,,17
Oxgate Gardens Surgery,2025-07-27,,17
Oxgate Gardens Surgery,2025-08-03,,17
Oxgate Gardens Surgery,2025-08-10,,17
Oxgate Gardens Surgery,2025-08-17,,17
Oxgate Gardens Surgery,2025-08-24,,17
Oxgate Gardens Surgery,2025-08-31,,17
Oxgate Gardens Surgery,2025-09-07,,17
Oxgate Gardens Surgery,2025-09-14,,17
Oxgate Gardens Surgery,2025-09-21,,17
Oxgate Gardens Surgery,2025-09-28,,17
Oxgate Gardens Surgery,2025-10-05,,17
Oxgate Gardens Surgery,2025-10-12,,17
Oxgate Gardens Surgery,2025-10-19,,17
Oxgate Gardens Surgery,2025-10-26,,17
Oxgate Gardens Surgery,2025-11-02,,17
Oxgate Gardens Surgery,2025-11-09,,17
Oxgate Gardens Surgery,2025-11-16,,17
Oxgate Gardens Surgery,2025-11-23,,17
Oxgate Gardens Surgery,2025-11-30,,17
Oxgate Gardens Surgery,2025-12-07,,17
Oxgate Gardens Surgery,2025-12-14,,17
Oxgate Gardens Surgery,2025-12-21,,17
Oxgate Gardens Surgery,2025-12-28,,17
Oxgate Gardens Surgery,2026-01-04,,17
Oxgate Gardens Surgery,2026-01-11,,17
Oxgate Gardens Surgery,2026-01-18,,17
Oxgate Gardens Surgery,2026-01-25,,17
Oxgate Gardens Surgery,2026-02-01,,17
Oxgate Gardens Surgery,2026-02-08,,17
Oxgate Gardens Surgery,2026-02-15,,17
Oxgate Gardens Surgery,2026-02-22,,17
Oxgate Gardens Surgery,2026-03-01,,17
Oxgate Gardens Surgery,2026-03-08,,17
Oxgate Gardens Surgery,2026-03-15,,17
Oxgate Gardens Surgery,2026-03-22,,17
Oxgate Gardens Surgery,2026-03-29,,17
Oxgate Gardens Surgery,2026-04-05,,17
Oxgate Gardens Surgery,2026-04-12,,17
Oxgate Gardens Surgery,2026-04-19,,17
Oxgate Gardens Surgery,2026-04-26,,17
Oxgate Gardens Surgery,2026-05-03,,17
Oxgate Gardens Surgery,2026-05-10,,17
Oxgate Gardens Surgery,2026-05-17,,17
Oxgate Gardens Surgery,2026-05-24,,17
Oxgate Gardens Surgery,2026-05-31,,17
Oxgate Gardens Surgery,2026-06-07,,17
Park Medical Centre,2023-10-08,,0
Park Medical Centre,2023-11-05,,0
Park Medical Centre,2023-11-12,,0
Park Medical Centre,2023-11-19,,0
Park Medical Centre,2023-11-26,,0
Park Medical Centre,2023-12-03,,0
Park Medical Centre,2023-12-10,,0
Park Medical Centre,2023-12-17,,0
Park Medical Centre,2023-12-24,,0
Park Medical Centre,2023-12-31,,0
Park Medical Centre,2024-01-07,,0
Park Medical Centre,2024-01-14,,0
Park Medical Centre,2024-01-21,,0
Park Medical Centre,2024-01-28,,0
Park Medical Centre,2024-02-04,,0
Park Medical Centre,2024-02-11,,0
Park Medical Centre,2024-02-18,,0
Park Medical Centre,2024-02-25,,0
Park Medical Centre,2024-03-03,,0
Park Medical Centre,2024-03-10,,0
Park Medical Centre,2024-03-17,,0
Park Medical Centre,2024-03-24,,0
Park Medical Centre,2024-03-31,,0
Park Medical Centre,2024-04-07,,0
Park Medical Centre,2024-04-14,,0
Park Medical Centre,2024-04-21,,0
Park Medical Centre,2024-04-28,10,10
Park Medical Centre,2024-05-05,14,24
Park Medical Centre,2024-05-12,6,30
Park Medical Centre,2024-05-19,9,39
Park Medical Centre,2024-05-26,6,45
Park Medical Centre,2024-06-02,,45
Park Medical Centre,2024-06-09,9,54
Park Medical Centre,2024-06-16,10,64
Park Medical Centre,2024-06-23,2,66
Park Medical Centre,2024-06-30,2,68
Park Medical Centre,2024-07-07,2,70
Park Medical Centre,2024-07-14,4,74
Park Medical Centre,2024-07-21,1,75
Park Medical Centre,2024-07-28,1,76
Park Medical Centre,2024-08-04,1,77
Park Medical Centre,2024-08-11,2,79
Park Medical Centre,2024-08-18,2,81
Park Medical Centre,2024-08-25,1,82
Park Medical Centre,2024-09-01,2,84
Park Medical Centre,2024-09-08,1,85
Park Medical Centre,2024-09-15,7,92
Park Medical Centre,2024-09-22,2,94
Park Medical Centre,2024-09-29,6,100
Park Medical Centre,2024-10-06,6,106
Park Medical Centre,2024-10-13,1,107
Park Medical Centre,2024-10-20,2,109
Park Medical Centre,2024-10-27,7,116
Park Medical Centre,2024-11-03,1,117
Park Medical Centre,2024-11-10,3,120
Park Medical Centre,2024-11-17,2,122
Park Medical Centre,2024-11-24,1,123
Park Medical Centre,2024-12-01,3,126
Park Medical Centre,2024-12-08,5,131
Park Medical Centre,2024-12-15,,131
Park Medical Centre,2024-12-22,5,136
Park Medical Centre,2024-12-29,1,137
Park Medical Centre,2025-01-05,,137
Park Medical Centre,2025-01-12,,137
Park Medical Centre,2025-01-19,,137
Park Medical Centre,2025-01-26,,137
Park Medical Centre,2025-02-02,1,138
Park Medical Centre,2025-02-09,1,139
Park Medical Centre,2025-02-16,,139
Park Medical Centre,2025-02-23,3,142
Park Medical Centre,2025-03-02,,142
Park Medical Centre,2025-03-09,5,147
Park Medical Centre,2025-03-16,,147
Park Medical Centre,2025-03-23,4,151
Park Medical Centre,2025-03-30,4,155
Park Medical Centre,2025-04-06,1,156
Park Medical Centre,2025-04-13,,156
Park Medical Centre,2025-04-20,,156
Park Medical Centre,2025-04-27,,156
Park Medical Centre,2025-05-04,1,157
Park Medical Centre,2025-05-11,2,159
Park Medical Centre,2025-05-18,2,161
Park Medical Centre,2025-05-25,1,162
Park Medical Centre,2025-06-01,,162
Park Medical Centre,2025-06-08,,162
Park Medical Centre,2025-06-15,2,164
Park Medical Centre,2025-06-22,2,166
Park Medical Centre,2025-06-29,4,170
Park Medical Centre,2025-07-06,,170
Park Medical Centre,2025-07-13,1,171
Park Medical Centre,2025-07-20,,171
Park Medical Centre,2025-07-27,,171
Park Medical Centre,2025-08-03,,171
Park Medical Centre,2025-08-10,,171
Park Medical Centre,2025-08-17,,171
Park Medical Centre,2025-08-24,,171
Park Medical Centre,2025-08-31,5,176
Park Medical Centre,2025-09-07,,176
Park Medical Centre,2025-09-14,3,179
Park Medical Centre,2025-09-21,3,182
Park Medical Centre,2025-09-28,1,183
Park Medical Centre,2025-10-05,2,185
Park Medical Centre,2025-10-12,2,187
Park Medical Centre,2025-10-19,1,188
Park Medical Centre,2025-10-26,2,190
Park Medical Centre,2025-11-02,1,191
Park Medical Centre,2025-11-09,6,197
Park Medical Centre,2025-11-16,,197
Park Medical Centre,2025-11-23,,197
Park Medical Centre,2025-11-30,2,199
Park Medical Centre,2025-12-07,1,200
Park Medical Centre,2025-12-14,1,201
Park Medical Centre,2025-12-21,,201
Park Medical Centre,2025-12-28,,201
Park Medical Centre,2026-01-04,,201
Park Medical Centre,2026-01-11,5,206
Park Medical Centre,2026-01-18,2,208
Park Medical Centre,2026-01-25,,208
Park Medical Centre,2026-02-01,1,209
Park Medical Centre,2026-02-08,1,210
Park Medical Centre,2026-02-15,,210
Park Medical Centre,2026-02-22,1,211
Park Medical Centre,2026-03-01,2,213
Park Medical Centre,2026-03-08,2,215
Park Medical Centre,2026-03-15,,215
Park Medical Centre,2026-03-22,,215
Park Medical Centre,2026-03-29,6,221
Park Medical Centre,2026-04-05,1,222
Park Medical Centre,2026-04-12,1,223
Park Medical Centre,2026-04-19,1,224
Park Medical Centre,2026-04-26,4,228
Park Medical Centre,2026-05-03,3,231
Park Medical Centre,2026-05-10,,231
Park Medical Centre,2026-05-17,,231
Park Medical Centre,2026-05-24,3,234
Park Medical Centre,2026-05-31,,234
Park Medical Centre,2026-06-07,,234
Perivale Medical Clinic,2023-10-08,,0
Perivale Medical Clinic,2023-11-05,,0
Perivale Medical Clinic,2023-11-12,,0
Perivale Medical Clinic,2023-11-19,,0
Perivale Medical Clinic,2023-11-26,,0
Perivale Medical Clinic,2023-12-03,1,1
Perivale Medical Clinic,2023-12-10,,1
Perivale Medical Clinic,2023-12-17,,1
Perivale Medical Clinic,2023-12-24,,1
Perivale Medical Clinic,2023-12-31,,1
Perivale Medical Clinic,2024-01-07,,1
Perivale Medical Clinic,2024-01-14,,1
Perivale Medical Clinic,2024-01-21,,1
Perivale Medical Clinic,2024-01-28,,1
Perivale Medical Clinic,2024-02-04,,1
Perivale Medical Clinic,2024-02-11,,1
Perivale Medical Clinic,2024-02-18,,1
Perivale Medical Clinic,2024-02-25,,1
Perivale Medical Clinic,2024-03-03,,1
Perivale Medical Clinic,2024-03-10,7,8
Perivale Medical Clinic,2024-03-17,5,13
Perivale Medical Clinic,2024-03-24,5,18
Perivale Medical Clinic,2024-03-31,,18
Perivale Medical Clinic,2024-04-07,,18
Perivale Medical Clinic,2024-04-14,,18
Perivale Medical Clinic,2024-04-21,4,22
Perivale Medical Clinic,2024-04-28,,22
Perivale Medical Clinic,2024-05-05,6,28
Perivale Medical Clinic,2024-05-12,2,30
Perivale Medical Clinic,2024-05-19,1,31
Perivale Medical Clinic,2024-05-26,,31
Perivale Medical Clinic,2024-06-02,,31
Perivale Medical Clinic,2024-06-09,,31
Perivale Medical Clinic,2024-06-16,1,32
Perivale Medical Clinic,2024-06-23,,32
Perivale Medical Clinic,2024-06-30,,32
Perivale Medical Clinic,2024-07-07,4,36
Perivale Medical Clinic,2024-07-14,14,50
Perivale Medical Clinic,2024-07-21,30,80
Perivale Medical Clinic,2024-07-28,69,149
Perivale Medical Clinic,2024-08-04,13,162
Perivale Medical Clinic,2024-08-11,18,180
Perivale Medical Clinic,2024-08-18,17,197
Perivale Medical Clinic,2024-08-25,8,205
Perivale Medical Clinic,2024-09-01,,205
Perivale Medical Clinic,2024-09-08,9,214
Perivale Medical Clinic,2024-09-15,1,215
Perivale Medical Clinic,2024-09-22,8,223
Perivale Medical Clinic,2024-09-29,4,227
Perivale Medical Clinic,2024-10-06,2,229
Perivale Medical Clinic,2024-10-13,6,235
Perivale Medical Clinic,2024-10-20,4,239
Perivale Medical Clinic,2024-10-27,,239
Perivale Medical Clinic,2024-11-03,,239
Perivale Medical Clinic,2024-11-10,,239
Perivale Medical Clinic,2024-11-17,,239
Perivale Medical Clinic,2024-11-24,,239
Perivale Medical Clinic,2024-12-01,,239
Perivale Medical Clinic,2024-12-08,,239
Perivale Medical Clinic,2024-12-15,,239
Perivale Medical Clinic,2024-12-22,,239
Perivale Medical Clinic,2024-12-29,,239
Perivale Medical Clinic,2025-01-05,,239
Perivale Medical Clinic,2025-01-12,,239
Perivale Medical Clinic,2025-01-19,,239
Perivale Medical Clinic,2025-01-26,1,240
Perivale Medical Clinic,2025-02-02,,240
Perivale Medical Clinic,2025-02-09,,240
Perivale Medical Clinic,2025-02-16,,240
Perivale Medical Clinic,2025-02-23,,240
Perivale Medical Clinic,2025-03-02,,240
Perivale Medical Clinic,2025-03-09,,240
Perivale Medical Clinic,2025-03-16,,240
Perivale Medical Clinic,2025-03-23,,240
Perivale Medical Clinic,2025-03-30,,240
Perivale Medical Clinic,2025-04-06,,240
Perivale Medical Clinic,2025-04-13,,240
Perivale Medical Clinic,2025-04-20,,240
Perivale Medical Clinic,2025-04-27,,240
Perivale Medical Clinic,2025-05-04,,240
Perivale Medical Clinic,2025-05-11,,240
Perivale Medical Clinic,2025-05-18,,240
Perivale Medical Clinic,2025-05-25,,240
Perivale Medical Clinic,2025-06-01,,240
Perivale Medical Clinic,2025-06-08,,240
Perivale Medical Clinic,2025-06-15,,240
Perivale Medical Clinic,2025-06-22,,240
Perivale Medical Clinic,2025-06-29,,240
Perivale Medical Clinic,2025-07-06,,240
Perivale Medical Clinic,2025-07-13,,240
Perivale Medical Clinic,2025-07-20,,240
Perivale Medical Clinic,2025-07-27,,240
Perivale Medical Clinic,2025-08-03,,240
Perivale Medical Clinic,2025-08-10,,240
Perivale Medical Clinic,2025-08-17,,240
Perivale Medical Clinic,2025-08-24,,240
Perivale Medical Clinic,2025-08-31,,240
Perivale Medical Clinic,2025-09-07,,240
Perivale Medical Clinic,2025-09-14,,240
Perivale Medical Clinic,2025-09-21,,240
Perivale Medical Clinic,2025-09-28,,240
Perivale Medical Clinic,2025-10-05,,240
Perivale Medical Clinic,2025-10-12,,240
Perivale Medical Clinic,2025-10-19,,240
Perivale Medical Clinic,2025-10-26,,240
Perivale Medical Clinic,2025-11-02,,240
Perivale Medical Clinic,2025-11-09,,240
Perivale Medical Clinic,2025-11-16,,240
Perivale Medical Clinic,2025-11-23,,240
Perivale Medical Clinic,2025-11-30,,240
Perivale Medical Clinic,2025-12-07,,240
Perivale Medical Clinic,2025-12-14,,240
Perivale Medical Clinic,2025-12-21,,240
Perivale Medical Clinic,2025-12-28,,240
Perivale Medical Clinic,2026-01-04,,240
Perivale Medical Clinic,2026-01-11,,240
Perivale Medical Clinic,2026-01-18,,240
Perivale Medical Clinic,2026-01-25,,240
Perivale Medical Clinic,2026-02-01,,240
Perivale Medical Clinic,2026-02-08,,240
Perivale Medical Clinic,2026-02-15,,240
Perivale Medical Clinic,2026-02-22,,240
Perivale Medical Clinic,2026-03-01,,240
Perivale Medical Clinic,2026-03-08,,240
Perivale Medical Clinic,2026-03-15,,240
Perivale Medical Clinic,2026-03-22,,240
Perivale Medical Clinic,2026-03-29,,240
Perivale Medical Clinic,2026-04-05,,240
Perivale Medical Clinic,2026-04-12,,240
Perivale Medical Clinic,2026-04-19,,240
Perivale Medical Clinic,2026-04-26,,240
Perivale Medical Clinic,2026-05-03,,240
Perivale Medical Clinic,2026-05-10,,240
Perivale Medical Clinic,2026-05-17,,240
Perivale Medical Clinic,2026-05-24,,240
Perivale Medical Clinic,2026-05-31,,240
Perivale Medical Clinic,2026-06-07,,240
Pimlico Health at The Marven Surgery,2023-10-08,,0
Pimlico Health at The Marven Surgery,2023-11-05,,0
Pimlico Health at The Marven Surgery,2023-11-12,,0
Pimlico Health at The Marven Surgery,2023-11-19,6,6
Pimlico Health at The Marven Surgery,2023-11-26,1,7
Pimlico Health at The Marven Surgery,2023-12-03,1,8
Pimlico Health at The Marven Surgery,2023-12-10,1,9
Pimlico Health at The Marven Surgery,2023-12-17,,9
Pimlico Health at The Marven Surgery,2023-12-24,,9
Pimlico Health at The Marven Surgery,2023-12-31,,9
Pimlico Health at The Marven Surgery,2024-01-07,,9
Pimlico Health at The Marven Surgery,2024-01-14,,9
Pimlico Health at The Marven Surgery,2024-01-21,,9
Pimlico Health at The Marven Surgery,2024-01-28,,9
Pimlico Health at The Marven Surgery,2024-02-04,,9
Pimlico Health at The Marven Surgery,2024-02-11,,9
Pimlico Health at The Marven Surgery,2024-02-18,,9
Pimlico Health at The Marven Surgery,2024-02-25,,9
Pimlico Health at The Marven Surgery,2024-03-03,,9
Pimlico Health at The Marven Surgery,2024-03-10,,9
Pimlico Health at The Marven Surgery,2024-03-17,,9
Pimlico Health at The Marven Surgery,2024-03-24,,9
Pimlico Health at The Marven Surgery,2024-03-31,,9
Pimlico Health at The Marven Surgery,2024-04-07,,9
Pimlico Health at The Marven Surgery,2024-04-14,,9
Pimlico Health at The Marven Surgery,2024-04-21,,9
Pimlico Health at The Marven Surgery,2024-04-28,,9
Pimlico Health at The Marven Surgery,2024-05-05,,9
Pimlico Health at The Marven Surgery,2024-05-12,,9
Pimlico Health at The Marven Surgery,2024-05-19,,9
Pimlico Health at The Marven Surgery,2024-05-26,,9
Pimlico Health at The Marven Surgery,2024-06-02,,9
Pimlico Health at The Marven Surgery,2024-06-09,,9
Pimlico Health at The Marven Surgery,2024-06-16,,9
Pimlico Health at The Marven Surgery,2024-06-23,,9
Pimlico Health at The Marven Surgery,2024-06-30,,9
Pimlico Health at The Marven Surgery,2024-07-07,,9
Pimlico Health at The Marven Surgery,2024-07-14,,9
Pimlico Health at The Marven Surgery,2024-07-21,,9
Pimlico Health at The Marven Surgery,2024-07-28,,9
Pimlico Health at The Marven Surgery,2024-08-04,,9
Pimlico Health at The Marven Surgery,2024-08-11,,9
Pimlico Health at The Marven Surgery,2024-08-18,,9
Pimlico Health at The Marven Surgery,2024-08-25,,9
Pimlico Health at The Marven Surgery,2024-09-01,,9
Pimlico Health at The Marven Surgery,2024-09-08,,9
Pimlico Health at The Marven Surgery,2024-09-15,,9
Pimlico Health at The Marven Surgery,2024-09-22,,9
Pimlico Health at The Marven Surgery,2024-09-29,,9
Pimlico Health at The Marven Surgery,2024-10-06,,9
Pimlico Health at The Marven Surgery,2024-10-13,,9
Pimlico Health at The Marven Surgery,2024-10-20,,9
Pimlico Health at The Marven Surgery,2024-10-27,,9
Pimlico Health at The Marven Surgery,2024-11-03,,9
Pimlico Health at The Marven Surgery,2024-11-10,,9
Pimlico Health at The Marven Surgery,2024-11-17,,9
Pimlico Health at The Marven Surgery,2024-11-24,,9
Pimlico Health at The Marven Surgery,2024-12-01,,9
Pimlico Health at The Marven Surgery,2024-12-08,,9
Pimlico Health at The Marven Surgery,2024-12-15,,9
Pimlico Health at The Marven Surgery,2024-12-22,,9
Pimlico Health at The Marven Surgery,2024-12-29,,9
Pimlico Health at The Marven Surgery,2025-01-05,,9
Pimlico Health at The Marven Surgery,2025-01-12,,9
Pimlico Health at The Marven Surgery,2025-01-19,,9
Pimlico Health at The Marven Surgery,2025-01-26,,9
Pimlico Health at The Marven Surgery,2025-02-02,,9
Pimlico Health at The Marven Surgery,2025-02-09,,9
Pimlico Health at The Marven Surgery,2025-02-16,,9
Pimlico Health at The Marven Surgery,2025-02-23,,9
Pimlico Health at The Marven Surgery,2025-03-02,,9
Pimlico Health at The Marven Surgery,2025-03-09,,9
Pimlico Health at The Marven Surgery,2025-03-16,,9
Pimlico Health at The Marven Surgery,2025-03-23,,9
Pimlico Health at The Marven Surgery,2025-03-30,,9
Pimlico Health at The Marven Surgery,2025-04-06,,9
Pimlico Health at The Marven Surgery,2025-04-13,,9
Pimlico Health at The Marven Surgery,2025-04-20,,9
Pimlico Health at The Marven Surgery,2025-04-27,,9
Pimlico Health at The Marven Surgery,2025-05-04,,9
Pimlico Health at The Marven Surgery,2025-05-11,,9
Pimlico Health at The Marven Surgery,2025-05-18,,9
Pimlico Health at The Marven Surgery,2025-05-25,,9
Pimlico Health at The Marven Surgery,2025-06-01,,9
Pimlico Health at The Marven Surgery,2025-06-08,,9
Pimlico Health at The Marven Surgery,2025-06-15,,9
Pimlico Health at The Marven Surgery,2025-06-22,,9
Pimlico Health at The Marven Surgery,2025-06-29,,9
Pimlico Health at The Marven Surgery,2025-07-06,,9
Pimlico Health at The Marven Surgery,2025-07-13,,9
Pimlico Health at The Marven Surgery,2025-07-20,,9
Pimlico Health at The Marven Surgery,2025-07-27,,9
Pimlico Health at The Marven Surgery,2025-08-03,,9
Pimlico Health at The Marven Surgery,2025-08-10,,9
Pimlico Health at The Marven Surgery,2025-08-17,,9
Pimlico Health at The Marven Surgery,2025-08-24,,9
Pimlico Health at The Marven Surgery,2025-08-31,,9
Pimlico Health at The Marven Surgery,2025-09-07,2,11
Pimlico Health at The Marven Surgery,2025-09-14,,11
Pimlico Health at The Marven Surgery,2025-09-21,,11
Pimlico Health at The Marven Surgery,2025-09-28,,11
Pimlico Health at The Marven Surgery,2025-10-05,,11
Pimlico Health at The Marven Surgery,2025-10-12,,11
Pimlico Health at The Marven Surgery,2025-10-19,,11
Pimlico Health at The Marven Surgery,2025-10-26,,11
Pimlico Health at The Marven Surgery,2025-11-02,,11
Pimlico Health at The Marven Surgery,2025-11-09,,11
Pimlico Health at The Marven Surgery,2025-11-16,,11
Pimlico Health at The Marven Surgery,2025-11-23,,11
Pimlico Health at The Marven Surgery,2025-11-30,,11
Pimlico Health at The Marven Surgery,2025-12-07,,11
Pimlico Health at The Marven Surgery,2025-12-14,,11
Pimlico Health at The Marven Surgery,2025-12-21,,11
Pimlico Health at The Marven Surgery,2025-12-28,,11
Pimlico Health at The Marven Surgery,2026-01-04,,11
Pimlico Health at The Marven Surgery,2026-01-11,,11
Pimlico Health at The Marven Surgery,2026-01-18,,11
Pimlico Health at The Marven Surgery,2026-01-25,,11
Pimlico Health at The Marven Surgery,2026-02-01,,11
Pimlico Health at The Marven Surgery,2026-02-08,,11
Pimlico Health at The Marven Surgery,2026-02-15,,11
Pimlico Health at The Marven Surgery,2026-02-22,,11
Pimlico Health at The Marven Surgery,2026-03-01,,11
Pimlico Health at The Marven Surgery,2026-03-08,,11
Pimlico Health at The Marven Surgery,2026-03-15,,11
Pimlico Health at The Marven Surgery,2026-03-22,,11
Pimlico Health at The Marven Surgery,2026-03-29,,11
Pimlico Health at The Marven Surgery,2026-04-05,,11
Pimlico Health at The Marven Surgery,2026-04-12,,11
Pimlico Health at The Marven Surgery,2026-04-19,,11
Pimlico Health at The Marven Surgery,2026-04-26,,11
Pimlico Health at The Marven Surgery,2026-05-03,,11
Pimlico Health at The Marven Surgery,2026-05-10,,11
Pimlico Health at The Marven Surgery,2026-05-17,,11
Pimlico Health at The Marven Surgery,2026-05-24,,11
Pimlico Health at The Marven Surgery,2026-05-31,,11
Pimlico Health at The Marven Surgery,2026-06-07,,11
Pinn Medical Centre,2023-10-08,,0
Pinn Medical Centre,2023-11-05,,0
Pinn Medical Centre,2023-11-12,,0
Pinn Medical Centre,2023-11-19,,0
Pinn Medical Centre,2023-11-26,,0
Pinn Medical Centre,2023-12-03,,0
Pinn Medical Centre,2023-12-10,,0
Pinn Medical Centre,2023-12-17,,0
Pinn Medical Centre,2023-12-24,,0
Pinn Medical Centre,2023-12-31,,0
Pinn Medical Centre,2024-01-07,,0
Pinn Medical Centre,2024-01-14,,0
Pinn Medical Centre,2024-01-21,27,27
Pinn Medical Centre,2024-01-28,35,62
Pinn Medical Centre,2024-02-04,20,82
Pinn Medical Centre,2024-02-11,5,87
Pinn Medical Centre,2024-02-18,3,90
Pinn Medical Centre,2024-02-25,7,97
Pinn Medical Centre,2024-03-03,8,105
Pinn Medical Centre,2024-03-10,9,114
Pinn Medical Centre,2024-03-17,8,122
Pinn Medical Centre,2024-03-24,4,126
Pinn Medical Centre,2024-03-31,3,129
Pinn Medical Centre,2024-04-07,3,132
Pinn Medical Centre,2024-04-14,,132
Pinn Medical Centre,2024-04-21,2,134
Pinn Medical Centre,2024-04-28,,134
Pinn Medical Centre,2024-05-05,2,136
Pinn Medical Centre,2024-05-12,2,138
Pinn Medical Centre,2024-05-19,2,140
Pinn Medical Centre,2024-05-26,2,142
Pinn Medical Centre,2024-06-02,,142
Pinn Medical Centre,2024-06-09,,142
Pinn Medical Centre,2024-06-16,1,143
Pinn Medical Centre,2024-06-23,1,144
Pinn Medical Centre,2024-06-30,2,146
Pinn Medical Centre,2024-07-07,7,153
Pinn Medical Centre,2024-07-14,2,155
Pinn Medical Centre,2024-07-21,6,161
Pinn Medical Centre,2024-07-28,5,166
Pinn Medical Centre,2024-08-04,7,173
Pinn Medical Centre,2024-08-11,2,175
Pinn Medical Centre,2024-08-18,1,176
Pinn Medical Centre,2024-08-25,1,177
Pinn Medical Centre,2024-09-01,1,178
Pinn Medical Centre,2024-09-08,1,179
Pinn Medical Centre,2024-09-15,3,182
Pinn Medical Centre,2024-09-22,,182
Pinn Medical Centre,2024-09-29,2,184
Pinn Medical Centre,2024-10-06,,184
Pinn Medical Centre,2024-10-13,3,187
Pinn Medical Centre,2024-10-20,1,188
Pinn Medical Centre,2024-10-27,2,190
Pinn Medical Centre,2024-11-03,1,191
Pinn Medical Centre,2024-11-10,2,193
Pinn Medical Centre,2024-11-17,3,196
Pinn Medical Centre,2024-11-24,5,201
Pinn Medical Centre,2024-12-01,1,202
Pinn Medical Centre,2024-12-08,1,203
Pinn Medical Centre,2024-12-15,1,204
Pinn Medical Centre,2024-12-22,,204
Pinn Medical Centre,2024-12-29,,204
Pinn Medical Centre,2025-01-05,1,205
Pinn Medical Centre,2025-01-12,3,208
Pinn Medical Centre,2025-01-19,1,209
Pinn Medical Centre,2025-01-26,2,211
Pinn Medical Centre,2025-02-02,2,213
Pinn Medical Centre,2025-02-09,,213
Pinn Medical Centre,2025-02-16,1,214
Pinn Medical Centre,2025-02-23,,214
Pinn Medical Centre,2025-03-02,,214
Pinn Medical Centre,2025-03-09,4,218
Pinn Medical Centre,2025-03-16,1,219
Pinn Medical Centre,2025-03-23,2,221
Pinn Medical Centre,2025-03-30,4,225
Pinn Medical Centre,2025-04-06,2,227
Pinn Medical Centre,2025-04-13,2,229
Pinn Medical Centre,2025-04-20,2,231
Pinn Medical Centre,2025-04-27,,231
Pinn Medical Centre,2025-05-04,3,234
Pinn Medical Centre,2025-05-11,,234
Pinn Medical Centre,2025-05-18,1,235
Pinn Medical Centre,2025-05-25,1,236
Pinn Medical Centre,2025-06-01,2,238
Pinn Medical Centre,2025-06-08,1,239
Pinn Medical Centre,2025-06-15,,239
Pinn Medical Centre,2025-06-22,,239
Pinn Medical Centre,2025-06-29,,239
Pinn Medical Centre,2025-07-06,2,241
Pinn Medical Centre,2025-07-13,,241
Pinn Medical Centre,2025-07-20,3,244
Pinn Medical Centre,2025-07-27,,244
Pinn Medical Centre,2025-08-03,4,248
Pinn Medical Centre,2025-08-10,,248
Pinn Medical Centre,2025-08-17,,248
Pinn Medical Centre,2025-08-24,,248
Pinn Medical Centre,2025-08-31,,248
Pinn Medical Centre,2025-09-07,,248
Pinn Medical Centre,2025-09-14,,248
Pinn Medical Centre,2025-09-21,1,249
Pinn Medical Centre,2025-09-28,1,250
Pinn Medical Centre,2025-10-05,,250
Pinn Medical Centre,2025-10-12,,250
Pinn Medical Centre,2025-10-19,1,251
Pinn Medical Centre,2025-10-26,1,252
Pinn Medical Centre,2025-11-02,1,253
Pinn Medical Centre,2025-11-09,3,256
Pinn Medical Centre,2025-11-16,,256
Pinn Medical Centre,2025-11-23,1,257
Pinn Medical Centre,2025-11-30,,257
Pinn Medical Centre,2025-12-07,,257
Pinn Medical Centre,2025-12-14,3,260
Pinn Medical Centre,2025-12-21,2,262
Pinn Medical Centre,2025-12-28,4,266
Pinn Medical Centre,2026-01-04,1,267
Pinn Medical Centre,2026-01-11,5,272
Pinn Medical Centre,2026-01-18,,272
Pinn Medical Centre,2026-01-25,,272
Pinn Medical Centre,2026-02-01,2,274
Pinn Medical Centre,2026-02-08,,274
Pinn Medical Centre,2026-02-15,1,275
Pinn Medical Centre,2026-02-22,,275
Pinn Medical Centre,2026-03-01,,275
Pinn Medical Centre,2026-03-08,1,276
Pinn Medical Centre,2026-03-15,1,277
Pinn Medical Centre,2026-03-22,,277
Pinn Medical Centre,2026-03-29,1,278
Pinn Medical Centre,2026-04-05,,278
Pinn Medical Centre,2026-04-12,,278
Pinn Medical Centre,2026-04-19,,278
Pinn Medical Centre,2026-04-26,,278
Pinn Medical Centre,2026-05-03,,278
Pinn Medical Centre,2026-05-10,,278
Pinn Medical Centre,2026-05-17,,278
Pinn Medical Centre,2026-05-24,1,279
Pinn Medical Centre,2026-05-31,3,282
Pinn Medical Centre,2026-06-07,1,283
Premier Medical Centre,2023-10-08,,0
Premier Medical Centre,2023-11-05,,0
Premier Medical Centre,2023-11-12,,0
Premier Medical Centre,2023-11-19,10,10
Premier Medical Centre,2023-11-26,4,14
Premier Medical Centre,2023-12-03,3,17
Premier Medical Centre,2023-12-10,,17
Premier Medical Centre,2023-12-17,,17
Premier Medical Centre,2023-12-24,,17
Premier Medical Centre,2023-12-31,,17
Premier Medical Centre,2024-01-07,,17
Premier Medical Centre,2024-01-14,1,18
Premier Medical Centre,2024-01-21,,18
Premier Medical Centre,2024-01-28,,18
Premier Medical Centre,2024-02-04,2,20
Premier Medical Centre,2024-02-11,1,21
Premier Medical Centre,2024-02-18,1,22
Premier Medical Centre,2024-02-25,1,23
Premier Medical Centre,2024-03-03,1,24
Premier Medical Centre,2024-03-10,,24
Premier Medical Centre,2024-03-17,,24
Premier Medical Centre,2024-03-24,,24
Premier Medical Centre,2024-03-31,,24
Premier Medical Centre,2024-04-07,,24
Premier Medical Centre,2024-04-14,,24
Premier Medical Centre,2024-04-21,1,25
Premier Medical Centre,2024-04-28,1,26
Premier Medical Centre,2024-05-05,,26
Premier Medical Centre,2024-05-12,,26
Premier Medical Centre,2024-05-19,,26
Premier Medical Centre,2024-05-26,,26
Premier Medical Centre,2024-06-02,,26
Premier Medical Centre,2024-06-09,,26
Premier Medical Centre,2024-06-16,1,27
Premier Medical Centre,2024-06-23,,27
Premier Medical Centre,2024-06-30,,27
Premier Medical Centre,2024-07-07,,27
Premier Medical Centre,2024-07-14,,27
Premier Medical Centre,2024-07-21,2,29
Premier Medical Centre,2024-07-28,,29
Premier Medical Centre,2024-08-04,,29
Premier Medical Centre,2024-08-11,,29
Premier Medical Centre,2024-08-18,,29
Premier Medical Centre,2024-08-25,,29
Premier Medical Centre,2024-09-01,,29
Premier Medical Centre,2024-09-08,,29
Premier Medical Centre,2024-09-15,,29
Premier Medical Centre,2024-09-22,,29
Premier Medical Centre,2024-09-29,,29
Premier Medical Centre,2024-10-06,,29
Premier Medical Centre,2024-10-13,,29
Premier Medical Centre,2024-10-20,,29
Premier Medical Centre,2024-10-27,,29
Premier Medical Centre,2024-11-03,1,30
Premier Medical Centre,2024-11-10,,30
Premier Medical Centre,2024-11-17,,30
Premier Medical Centre,2024-11-24,,30
Premier Medical Centre,2024-12-01,,30
Premier Medical Centre,2024-12-08,,30
Premier Medical Centre,2024-12-15,,30
Premier Medical Centre,2024-12-22,1,31
Premier Medical Centre,2024-12-29,,31
Premier Medical Centre,2025-01-05,,31
Premier Medical Centre,2025-01-12,,31
Premier Medical Centre,2025-01-19,,31
Premier Medical Centre,2025-01-26,,31
Premier Medical Centre,2025-02-02,,31
Premier Medical Centre,2025-02-09,,31
Premier Medical Centre,2025-02-16,,31
Premier Medical Centre,2025-02-23,,31
Premier Medical Centre,2025-03-02,,31
Premier Medical Centre,2025-03-09,,31
Premier Medical Centre,2025-03-16,,31
Premier Medical Centre,2025-03-23,,31
Premier Medical Centre,2025-03-30,,31
Premier Medical Centre,2025-04-06,,31
Premier Medical Centre,2025-04-13,,31
Premier Medical Centre,2025-04-20,,31
Premier Medical Centre,2025-04-27,,31
Premier Medical Centre,2025-05-04,,31
Premier Medical Centre,2025-05-11,,31
Premier Medical Centre,2025-05-18,,31
Premier Medical Centre,2025-05-25,,31
Premier Medical Centre,2025-06-01,,31
Premier Medical Centre,2025-06-08,,31
Premier Medical Centre,2025-06-15,,31
Premier Medical Centre,2025-06-22,,31
Premier Medical Centre,2025-06-29,,31
Premier Medical Centre,2025-07-06,,31
Premier Medical Centre,2025-07-13,,31
Premier Medical Centre,2025-07-20,,31
Premier Medical Centre,2025-07-27,,31
Premier Medical Centre,2025-08-03,,31
Premier Medical Centre,2025-08-10,,31
Premier Medical Centre,2025-08-17,,31
Premier Medical Centre,2025-08-24,,31
Premier Medical Centre,2025-08-31,,31
Premier Medical Centre,2025-09-07,,31
Premier Medical Centre,2025-09-14,,31
Premier Medical Centre,2025-09-21,,31
Premier Medical Centre,2025-09-28,,31
Premier Medical Centre,2025-10-05,,31
Premier Medical Centre,2025-10-12,,31
Premier Medical Centre,2025-10-19,,31
Premier Medical Centre,2025-10-26,,31
Premier Medical Centre,2025-11-02,,31
Premier Medical Centre,2025-11-09,,31
Premier Medical Centre,2025-11-16,,31
Premier Medical Centre,2025-11-23,,31
Premier Medical Centre,2025-11-30,,31
Premier Medical Centre,2025-12-07,,31
Premier Medical Centre,2025-12-14,,31
Premier Medical Centre,2025-12-21,,31
Premier Medical Centre,2025-12-28,,31
Premier Medical Centre,2026-01-04,,31
Premier Medical Centre,2026-01-11,,31
Premier Medical Centre,2026-01-18,,31
Premier Medical Centre,2026-01-25,,31
Premier Medical Centre,2026-02-01,,31
Premier Medical Centre,2026-02-08,,31
Premier Medical Centre,2026-02-15,,31
Premier Medical Centre,2026-02-22,,31
Premier Medical Centre,2026-03-01,,31
Premier Medical Centre,2026-03-08,,31
Premier Medical Centre,2026-03-15,,31
Premier Medical Centre,2026-03-22,,31
Premier Medical Centre,2026-03-29,,31
Premier Medical Centre,2026-04-05,,31
Premier Medical Centre,2026-04-12,,31
Premier Medical Centre,2026-04-19,,31
Premier Medical Centre,2026-04-26,,31
Premier Medical Centre,2026-05-03,,31
Premier Medical Centre,2026-05-10,,31
Premier Medical Centre,2026-05-17,,31
Premier Medical Centre,2026-05-24,,31
Premier Medical Centre,2026-05-31,,31
Premier Medical Centre,2026-06-07,,31
Preston Hill Surgery,2023-10-08,,0
Preston Hill Surgery,2023-11-05,,0
Preston Hill Surgery,2023-11-12,,0
Preston Hill Surgery,2023-11-19,,0
Preston Hill Surgery,2023-11-26,,0
Preston Hill Surgery,2023-12-03,,0
Preston Hill Surgery,2023-12-10,,0
Preston Hill Surgery,2023-12-17,3,3
Preston Hill Surgery,2023-12-24,,3
Preston Hill Surgery,2023-12-31,,3
Preston Hill Surgery,2024-01-07,,3
Preston Hill Surgery,2024-01-14,,3
Preston Hill Surgery,2024-01-21,,3
Preston Hill Surgery,2024-01-28,,3
Preston Hill Surgery,2024-02-04,,3
Preston Hill Surgery,2024-02-11,,3
Preston Hill Surgery,2024-02-18,,3
Preston Hill Surgery,2024-02-25,,3
Preston Hill Surgery,2024-03-03,,3
Preston Hill Surgery,2024-03-10,,3
Preston Hill Surgery,2024-03-17,,3
Preston Hill Surgery,2024-03-24,,3
Preston Hill Surgery,2024-03-31,,3
Preston Hill Surgery,2024-04-07,,3
Preston Hill Surgery,2024-04-14,,3
Preston Hill Surgery,2024-04-21,,3
Preston Hill Surgery,2024-04-28,,3
Preston Hill Surgery,2024-05-05,,3
Preston Hill Surgery,2024-05-12,,3
Preston Hill Surgery,2024-05-19,,3
Preston Hill Surgery,2024-05-26,,3
Preston Hill Surgery,2024-06-02,,3
Preston Hill Surgery,2024-06-09,,3
Preston Hill Surgery,2024-06-16,,3
Preston Hill Surgery,2024-06-23,,3
Preston Hill Surgery,2024-06-30,,3
Preston Hill Surgery,2024-07-07,,3
Preston Hill Surgery,2024-07-14,,3
Preston Hill Surgery,2024-07-21,,3
Preston Hill Surgery,2024-07-28,,3
Preston Hill Surgery,2024-08-04,,3
Preston Hill Surgery,2024-08-11,,3
Preston Hill Surgery,2024-08-18,,3
Preston Hill Surgery,2024-08-25,,3
Preston Hill Surgery,2024-09-01,,3
Preston Hill Surgery,2024-09-08,,3
Preston Hill Surgery,2024-09-15,,3
Preston Hill Surgery,2024-09-22,,3
Preston Hill Surgery,2024-09-29,,3
Preston Hill Surgery,2024-10-06,,3
Preston Hill Surgery,2024-10-13,,3
Preston Hill Surgery,2024-10-20,,3
Preston Hill Surgery,2024-10-27,,3
Preston Hill Surgery,2024-11-03,,3
Preston Hill Surgery,2024-11-10,,3
Preston Hill Surgery,2024-11-17,,3
Preston Hill Surgery,2024-11-24,,3
Preston Hill Surgery,2024-12-01,,3
Preston Hill Surgery,2024-12-08,,3
Preston Hill Surgery,2024-12-15,,3
Preston Hill Surgery,2024-12-22,,3
Preston Hill Surgery,2024-12-29,,3
Preston Hill Surgery,2025-01-05,,3
Preston Hill Surgery,2025-01-12,,3
Preston Hill Surgery,2025-01-19,,3
Preston Hill Surgery,2025-01-26,,3
Preston Hill Surgery,2025-02-02,,3
Preston Hill Surgery,2025-02-09,,3
Preston Hill Surgery,2025-02-16,,3
Preston Hill Surgery,2025-02-23,,3
Preston Hill Surgery,2025-03-02,,3
Preston Hill Surgery,2025-03-09,,3
Preston Hill Surgery,2025-03-16,,3
Preston Hill Surgery,2025-03-23,,3
Preston Hill Surgery,2025-03-30,,3
Preston Hill Surgery,2025-04-06,,3
Preston Hill Surgery,2025-04-13,,3
Preston Hill Surgery,2025-04-20,,3
Preston Hill Surgery,2025-04-27,,3
Preston Hill Surgery,2025-05-04,,3
Preston Hill Surgery,2025-05-11,,3
Preston Hill Surgery,2025-05-18,,3
Preston Hill Surgery,2025-05-25,,3
Preston Hill Surgery,2025-06-01,,3
Preston Hill Surgery,2025-06-08,,3
Preston Hill Surgery,2025-06-15,,3
Preston Hill Surgery,2025-06-22,,3
Preston Hill Surgery,2025-06-29,,3
Preston Hill Surgery,2025-07-06,,3
Preston Hill Surgery,2025-07-13,,3
Preston Hill Surgery,2025-07-20,,3
Preston Hill Surgery,2025-07-27,,3
Preston Hill Surgery,2025-08-03,,3
Preston Hill Surgery,2025-08-10,,3
Preston Hill Surgery,2025-08-17,,3
Preston Hill Surgery,2025-08-24,,3
Preston Hill Surgery,2025-08-31,,3
Preston Hill Surgery,2025-09-07,,3
Preston Hill Surgery,2025-09-14,,3
Preston Hill Surgery,2025-09-21,,3
Preston Hill Surgery,2025-09-28,,3
Preston Hill Surgery,2025-10-05,,3
Preston Hill Surgery,2025-10-12,,3
Preston Hill Surgery,2025-10-19,,3
Preston Hill Surgery,2025-10-26,,3
Preston Hill Surgery,2025-11-02,,3
Preston Hill Surgery,2025-11-09,,3
Preston Hill Surgery,2025-11-16,,3
Preston Hill Surgery,2025-11-23,,3
Preston Hill Surgery,2025-11-30,,3
Preston Hill Surgery,2025-12-07,,3
Preston Hill Surgery,2025-12-14,,3
Preston Hill Surgery,2025-12-21,,3
Preston Hill Surgery,2025-12-28,,3
Preston Hill Surgery,2026-01-04,,3
Preston Hill Surgery,2026-01-11,,3
Preston Hill Surgery,2026-01-18,,3
Preston Hill Surgery,2026-01-25,,3
Preston Hill Surgery,2026-02-01,,3
Preston Hill Surgery,2026-02-08,,3
Preston Hill Surgery,2026-02-15,,3
Preston Hill Surgery,2026-02-22,,3
Preston Hill Surgery,2026-03-01,,3
Preston Hill Surgery,2026-03-08,,3
Preston Hill Surgery,2026-03-15,,3
Preston Hill Surgery,2026-03-22,,3
Preston Hill Surgery,2026-03-29,,3
Preston Hill Surgery,2026-04-05,,3
Preston Hill Surgery,2026-04-12,,3
Preston Hill Surgery,2026-04-19,,3
Preston Hill Surgery,2026-04-26,,3
Preston Hill Surgery,2026-05-03,,3
Preston Hill Surgery,2026-05-10,,3
Preston Hill Surgery,2026-05-17,,3
Preston Hill Surgery,2026-05-24,,3
Preston Hill Surgery,2026-05-31,,3
Preston Hill Surgery,2026-06-07,,3
Preston Medical Centre,2023-10-08,,0
Preston Medical Centre,2023-11-05,,0
Preston Medical Centre,2023-11-12,,0
Preston Medical Centre,2023-11-19,,0
Preston Medical Centre,2023-11-26,,0
Preston Medical Centre,2023-12-03,,0
Preston Medical Centre,2023-12-10,,0
Preston Medical Centre,2023-12-17,,0
Preston Medical Centre,2023-12-24,,0
Preston Medical Centre,2023-12-31,,0
Preston Medical Centre,2024-01-07,,0
Preston Medical Centre,2024-01-14,,0
Preston Medical Centre,2024-01-21,,0
Preston Medical Centre,2024-01-28,,0
Preston Medical Centre,2024-02-04,,0
Preston Medical Centre,2024-02-11,,0
Preston Medical Centre,2024-02-18,,0
Preston Medical Centre,2024-02-25,7,7
Preston Medical Centre,2024-03-03,1,8
Preston Medical Centre,2024-03-10,,8
Preston Medical Centre,2024-03-17,1,9
Preston Medical Centre,2024-03-24,,9
Preston Medical Centre,2024-03-31,4,13
Preston Medical Centre,2024-04-07,,13
Preston Medical Centre,2024-04-14,2,15
Preston Medical Centre,2024-04-21,,15
Preston Medical Centre,2024-04-28,2,17
Preston Medical Centre,2024-05-05,,17
Preston Medical Centre,2024-05-12,,17
Preston Medical Centre,2024-05-19,,17
Preston Medical Centre,2024-05-26,,17
Preston Medical Centre,2024-06-02,1,18
Preston Medical Centre,2024-06-09,,18
Preston Medical Centre,2024-06-16,1,19
Preston Medical Centre,2024-06-23,,19
Preston Medical Centre,2024-06-30,1,20
Preston Medical Centre,2024-07-07,,20
Preston Medical Centre,2024-07-14,,20
Preston Medical Centre,2024-07-21,,20
Preston Medical Centre,2024-07-28,,20
Preston Medical Centre,2024-08-04,,20
Preston Medical Centre,2024-08-11,,20
Preston Medical Centre,2024-08-18,,20
Preston Medical Centre,2024-08-25,,20
Preston Medical Centre,2024-09-01,,20
Preston Medical Centre,2024-09-08,,20
Preston Medical Centre,2024-09-15,,20
Preston Medical Centre,2024-09-22,,20
Preston Medical Centre,2024-09-29,,20
Preston Medical Centre,2024-10-06,,20
Preston Medical Centre,2024-10-13,,20
Preston Medical Centre,2024-10-20,,20
Preston Medical Centre,2024-10-27,,20
Preston Medical Centre,2024-11-03,,20
Preston Medical Centre,2024-11-10,,20
Preston Medical Centre,2024-11-17,,20
Preston Medical Centre,2024-11-24,,20
Preston Medical Centre,2024-12-01,,20
Preston Medical Centre,2024-12-08,,20
Preston Medical Centre,2024-12-15,,20
Preston Medical Centre,2024-12-22,1,21
Preston Medical Centre,2024-12-29,2,23
Preston Medical Centre,2025-01-05,,23
Preston Medical Centre,2025-01-12,,23
Preston Medical Centre,2025-01-19,,23
Preston Medical Centre,2025-01-26,,23
Preston Medical Centre,2025-02-02,,23
Preston Medical Centre,2025-02-09,,23
Preston Medical Centre,2025-02-16,,23
Preston Medical Centre,2025-02-23,,23
Preston Medical Centre,2025-03-02,1,24
Preston Medical Centre,2025-03-09,,24
Preston Medical Centre,2025-03-16,,24
Preston Medical Centre,2025-03-23,,24
Preston Medical Centre,2025-03-30,,24
Preston Medical Centre,2025-04-06,,24
Preston Medical Centre,2025-04-13,,24
Preston Medical Centre,2025-04-20,,24
Preston Medical Centre,2025-04-27,,24
Preston Medical Centre,2025-05-04,,24
Preston Medical Centre,2025-05-11,,24
Preston Medical Centre,2025-05-18,,24
Preston Medical Centre,2025-05-25,,24
Preston Medical Centre,2025-06-01,,24
Preston Medical Centre,2025-06-08,,24
Preston Medical Centre,2025-06-15,,24
Preston Medical Centre,2025-06-22,,24
Preston Medical Centre,2025-06-29,,24
Preston Medical Centre,2025-07-06,1,25
Preston Medical Centre,2025-07-13,1,26
Preston Medical Centre,2025-07-20,,26
Preston Medical Centre,2025-07-27,,26
Preston Medical Centre,2025-08-03,,26
Preston Medical Centre,2025-08-10,1,27
Preston Medical Centre,2025-08-17,,27
Preston Medical Centre,2025-08-24,1,28
Preston Medical Centre,2025-08-31,,28
Preston Medical Centre,2025-09-07,3,31
Preston Medical Centre,2025-09-14,3,34
Preston Medical Centre,2025-09-21,,34
Preston Medical Centre,2025-09-28,2,36
Preston Medical Centre,2025-10-05,,36
Preston Medical Centre,2025-10-12,,36
Preston Medical Centre,2025-10-19,1,37
Preston Medical Centre,2025-10-26,1,38
Preston Medical Centre,2025-11-02,1,39
Preston Medical Centre,2025-11-09,,39
Preston Medical Centre,2025-11-16,1,40
Preston Medical Centre,2025-11-23,,40
Preston Medical Centre,2025-11-30,,40
Preston Medical Centre,2025-12-07,,40
Preston Medical Centre,2025-12-14,,40
Preston Medical Centre,2025-12-21,,40
Preston Medical Centre,2025-12-28,,40
Preston Medical Centre,2026-01-04,,40
Preston Medical Centre,2026-01-11,,40
Preston Medical Centre,2026-01-18,,40
Preston Medical Centre,2026-01-25,,40
Preston Medical Centre,2026-02-01,,40
Preston Medical Centre,2026-02-08,,40
Preston Medical Centre,2026-02-15,,40
Preston Medical Centre,2026-02-22,,40
Preston Medical Centre,2026-03-01,,40
Preston Medical Centre,2026-03-08,,40
Preston Medical Centre,2026-03-15,,40
Preston Medical Centre,2026-03-22,,40
Preston Medical Centre,2026-03-29,,40
Preston Medical Centre,2026-04-05,,40
Preston Medical Centre,2026-04-12,,40
Preston Medical Centre,2026-04-19,,40
Preston Medical Centre,2026-04-26,,40
Preston Medical Centre,2026-05-03,,40
Preston Medical Centre,2026-05-10,,40
Preston Medical Centre,2026-05-17,,40
Preston Medical Centre,2026-05-24,,40
Preston Medical Centre,2026-05-31,,40
Preston Medical Centre,2026-06-07,,40
Preston Road Surgery,2023-10-08,,0
Preston Road Surgery,2023-11-05,,0
Preston Road Surgery,2023-11-12,,0
Preston Road Surgery,2023-11-19,,0
Preston Road Surgery,2023-11-26,,0
Preston Road Surgery,2023-12-03,,0
Preston Road Surgery,2023-12-10,,0
Preston Road Surgery,2023-12-17,,0
Preston Road Surgery,2023-12-24,,0
Preston Road Surgery,2023-12-31,,0
Preston Road Surgery,2024-01-07,,0
Preston Road Surgery,2024-01-14,,0
Preston Road Surgery,2024-01-21,,0
Preston Road Surgery,2024-01-28,,0
Preston Road Surgery,2024-02-04,,0
Preston Road Surgery,2024-02-11,,0
Preston Road Surgery,2024-02-18,,0
Preston Road Surgery,2024-02-25,,0
Preston Road Surgery,2024-03-03,,0
Preston Road Surgery,2024-03-10,,0
Preston Road Surgery,2024-03-17,,0
Preston Road Surgery,2024-03-24,5,5
Preston Road Surgery,2024-03-31,3,8
Preston Road Surgery,2024-04-07,3,11
Preston Road Surgery,2024-04-14,,11
Preston Road Surgery,2024-04-21,7,18
Preston Road Surgery,2024-04-28,7,25
Preston Road Surgery,2024-05-05,5,30
Preston Road Surgery,2024-05-12,4,34
Preston Road Surgery,2024-05-19,2,36
Preston Road Surgery,2024-05-26,9,45
Preston Road Surgery,2024-06-02,,45
Preston Road Surgery,2024-06-09,2,47
Preston Road Surgery,2024-06-16,1,48
Preston Road Surgery,2024-06-23,1,49
Preston Road Surgery,2024-06-30,,49
Preston Road Surgery,2024-07-07,1,50
Preston Road Surgery,2024-07-14,4,54
Preston Road Surgery,2024-07-21,,54
Preston Road Surgery,2024-07-28,2,56
Preston Road Surgery,2024-08-04,3,59
Preston Road Surgery,2024-08-11,4,63
Preston Road Surgery,2024-08-18,,63
Preston Road Surgery,2024-08-25,7,70
Preston Road Surgery,2024-09-01,,70
Preston Road Surgery,2024-09-08,1,71
Preston Road Surgery,2024-09-15,1,72
Preston Road Surgery,2024-09-22,1,73
Preston Road Surgery,2024-09-29,4,77
Preston Road Surgery,2024-10-06,,77
Preston Road Surgery,2024-10-13,,77
Preston Road Surgery,2024-10-20,1,78
Preston Road Surgery,2024-10-27,1,79
Preston Road Surgery,2024-11-03,,79
Preston Road Surgery,2024-11-10,,79
Preston Road Surgery,2024-11-17,,79
Preston Road Surgery,2024-11-24,1,80
Preston Road Surgery,2024-12-01,2,82
Preston Road Surgery,2024-12-08,,82
Preston Road Surgery,2024-12-15,,82
Preston Road Surgery,2024-12-22,,82
Preston Road Surgery,2024-12-29,2,84
Preston Road Surgery,2025-01-05,,84
Preston Road Surgery,2025-01-12,1,85
Preston Road Surgery,2025-01-19,,85
Preston Road Surgery,2025-01-26,1,86
Preston Road Surgery,2025-02-02,1,87
Preston Road Surgery,2025-02-09,,87
Preston Road Surgery,2025-02-16,3,90
Preston Road Surgery,2025-02-23,3,93
Preston Road Surgery,2025-03-02,6,99
Preston Road Surgery,2025-03-09,,99
Preston Road Surgery,2025-03-16,,99
Preston Road Surgery,2025-03-23,1,100
Preston Road Surgery,2025-03-30,7,107
Preston Road Surgery,2025-04-06,,107
Preston Road Surgery,2025-04-13,1,108
Preston Road Surgery,2025-04-20,,108
Preston Road Surgery,2025-04-27,2,110
Preston Road Surgery,2025-05-04,2,112
Preston Road Surgery,2025-05-11,,112
Preston Road Surgery,2025-05-18,,112
Preston Road Surgery,2025-05-25,3,115
Preston Road Surgery,2025-06-01,2,117
Preston Road Surgery,2025-06-08,,117
Preston Road Surgery,2025-06-15,1,118
Preston Road Surgery,2025-06-22,,118
Preston Road Surgery,2025-06-29,,118
Preston Road Surgery,2025-07-06,,118
Preston Road Surgery,2025-07-13,,118
Preston Road Surgery,2025-07-20,,118
Preston Road Surgery,2025-07-27,,118
Preston Road Surgery,2025-08-03,,118
Preston Road Surgery,2025-08-10,,118
Preston Road Surgery,2025-08-17,,118
Preston Road Surgery,2025-08-24,,118
Preston Road Surgery,2025-08-31,,118
Preston Road Surgery,2025-09-07,1,119
Preston Road Surgery,2025-09-14,,119
Preston Road Surgery,2025-09-21,,119
Preston Road Surgery,2025-09-28,1,120
Preston Road Surgery,2025-10-05,,120
Preston Road Surgery,2025-10-12,,120
Preston Road Surgery,2025-10-19,,120
Preston Road Surgery,2025-10-26,,120
Preston Road Surgery,2025-11-02,,120
Preston Road Surgery,2025-11-09,,120
Preston Road Surgery,2025-11-16,,120
Preston Road Surgery,2025-11-23,,120
Preston Road Surgery,2025-11-30,3,123
Preston Road Surgery,2025-12-07,2,125
Preston Road Surgery,2025-12-14,,125
Preston Road Surgery,2025-12-21,1,126
Preston Road Surgery,2025-12-28,,126
Preston Road Surgery,2026-01-04,2,128
Preston Road Surgery,2026-01-11,2,130
Preston Road Surgery,2026-01-18,,130
Preston Road Surgery,2026-01-25,15,145
Preston Road Surgery,2026-02-01,25,170
Preston Road Surgery,2026-02-08,5,175
Preston Road Surgery,2026-02-15,17,192
Preston Road Surgery,2026-02-22,8,200
Preston Road Surgery,2026-03-01,10,210
Preston Road Surgery,2026-03-08,34,244
Preston Road Surgery,2026-03-15,20,264
Preston Road Surgery,2026-03-22,1,265
Preston Road Surgery,2026-03-29,27,292
Preston Road Surgery,2026-04-05,7,299
Preston Road Surgery,2026-04-12,2,301
Preston Road Surgery,2026-04-19,8,309
Preston Road Surgery,2026-04-26,19,328
Preston Road Surgery,2026-05-03,7,335
Preston Road Surgery,2026-05-10,1,336
Preston Road Surgery,2026-05-17,10,346
Preston Road Surgery,2026-05-24,8,354
Preston Road Surgery,2026-05-31,,354
Preston Road Surgery,2026-06-07,7,361
Randolph Surgery,2023-10-08,,0
Randolph Surgery,2023-11-05,,0
Randolph Surgery,2023-11-12,,0
Randolph Surgery,2023-11-19,,0
Randolph Surgery,2023-11-26,,0
Randolph Surgery,2023-12-03,,0
Randolph Surgery,2023-12-10,,0
Randolph Surgery,2023-12-17,,0
Randolph Surgery,2023-12-24,,0
Randolph Surgery,2023-12-31,,0
Randolph Surgery,2024-01-07,,0
Randolph Surgery,2024-01-14,,0
Randolph Surgery,2024-01-21,,0
Randolph Surgery,2024-01-28,,0
Randolph Surgery,2024-02-04,,0
Randolph Surgery,2024-02-11,,0
Randolph Surgery,2024-02-18,,0
Randolph Surgery,2024-02-25,,0
Randolph Surgery,2024-03-03,,0
Randolph Surgery,2024-03-10,,0
Randolph Surgery,2024-03-17,,0
Randolph Surgery,2024-03-24,,0
Randolph Surgery,2024-03-31,,0
Randolph Surgery,2024-04-07,,0
Randolph Surgery,2024-04-14,,0
Randolph Surgery,2024-04-21,,0
Randolph Surgery,2024-04-28,,0
Randolph Surgery,2024-05-05,,0
Randolph Surgery,2024-05-12,,0
Randolph Surgery,2024-05-19,,0
Randolph Surgery,2024-05-26,,0
Randolph Surgery,2024-06-02,,0
Randolph Surgery,2024-06-09,,0
Randolph Surgery,2024-06-16,,0
Randolph Surgery,2024-06-23,3,3
Randolph Surgery,2024-06-30,8,11
Randolph Surgery,2024-07-07,3,14
Randolph Surgery,2024-07-14,2,16
Randolph Surgery,2024-07-21,1,17
Randolph Surgery,2024-07-28,,17
Randolph Surgery,2024-08-04,,17
Randolph Surgery,2024-08-11,,17
Randolph Surgery,2024-08-18,,17
Randolph Surgery,2024-08-25,,17
Randolph Surgery,2024-09-01,,17
Randolph Surgery,2024-09-08,1,18
Randolph Surgery,2024-09-15,1,19
Randolph Surgery,2024-09-22,,19
Randolph Surgery,2024-09-29,,19
Randolph Surgery,2024-10-06,4,23
Randolph Surgery,2024-10-13,1,24
Randolph Surgery,2024-10-20,6,30
Randolph Surgery,2024-10-27,,30
Randolph Surgery,2024-11-03,,30
Randolph Surgery,2024-11-10,,30
Randolph Surgery,2024-11-17,,30
Randolph Surgery,2024-11-24,,30
Randolph Surgery,2024-12-01,1,31
Randolph Surgery,2024-12-08,1,32
Randolph Surgery,2024-12-15,,32
Randolph Surgery,2024-12-22,,32
Randolph Surgery,2024-12-29,,32
Randolph Surgery,2025-01-05,,32
Randolph Surgery,2025-01-12,21,53
Randolph Surgery,2025-01-19,58,111
Randolph Surgery,2025-01-26,26,137
Randolph Surgery,2025-02-02,,137
Randolph Surgery,2025-02-09,16,153
Randolph Surgery,2025-02-16,3,156
Randolph Surgery,2025-02-23,12,168
Randolph Surgery,2025-03-02,12,180
Randolph Surgery,2025-03-09,3,183
Randolph Surgery,2025-03-16,2,185
Randolph Surgery,2025-03-23,8,193
Randolph Surgery,2025-03-30,3,196
Randolph Surgery,2025-04-06,17,213
Randolph Surgery,2025-04-13,37,250
Randolph Surgery,2025-04-20,69,319
Randolph Surgery,2025-04-27,32,351
Randolph Surgery,2025-05-04,43,394
Randolph Surgery,2025-05-11,15,409
Randolph Surgery,2025-05-18,8,417
Randolph Surgery,2025-05-25,1,418
Randolph Surgery,2025-06-01,4,422
Randolph Surgery,2025-06-08,,422
Randolph Surgery,2025-06-15,4,426
Randolph Surgery,2025-06-22,13,439
Randolph Surgery,2025-06-29,2,441
Randolph Surgery,2025-07-06,4,445
Randolph Surgery,2025-07-13,4,449
Randolph Surgery,2025-07-20,6,455
Randolph Surgery,2025-07-27,1,456
Randolph Surgery,2025-08-03,,456
Randolph Surgery,2025-08-10,,456
Randolph Surgery,2025-08-17,,456
Randolph Surgery,2025-08-24,,456
Randolph Surgery,2025-08-31,4,460
Randolph Surgery,2025-09-07,,460
Randolph Surgery,2025-09-14,3,463
Randolph Surgery,2025-09-21,3,466
Randolph Surgery,2025-09-28,,466
Randolph Surgery,2025-10-05,,466
Randolph Surgery,2025-10-12,2,468
Randolph Surgery,2025-10-19,,468
Randolph Surgery,2025-10-26,,468
Randolph Surgery,2025-11-02,,468
Randolph Surgery,2025-11-09,,468
Randolph Surgery,2025-11-16,,468
Randolph Surgery,2025-11-23,,468
Randolph Surgery,2025-11-30,,468
Randolph Surgery,2025-12-07,,468
Randolph Surgery,2025-12-14,,468
Randolph Surgery,2025-12-21,,468
Randolph Surgery,2025-12-28,,468
Randolph Surgery,2026-01-04,,468
Randolph Surgery,2026-01-11,,468
Randolph Surgery,2026-01-18,,468
Randolph Surgery,2026-01-25,,468
Randolph Surgery,2026-02-01,,468
Randolph Surgery,2026-02-08,,468
Randolph Surgery,2026-02-15,,468
Randolph Surgery,2026-02-22,,468
Randolph Surgery,2026-03-01,,468
Randolph Surgery,2026-03-08,,468
Randolph Surgery,2026-03-15,,468
Randolph Surgery,2026-03-22,,468
Randolph Surgery,2026-03-29,,468
Randolph Surgery,2026-04-05,,468
Randolph Surgery,2026-04-12,,468
Randolph Surgery,2026-04-19,,468
Randolph Surgery,2026-04-26,,468
Randolph Surgery,2026-05-03,,468
Randolph Surgery,2026-05-10,,468
Randolph Surgery,2026-05-17,,468
Randolph Surgery,2026-05-24,,468
Randolph Surgery,2026-05-31,,468
Randolph Surgery,2026-06-07,,468
Redwood Practice,2023-10-08,,0
Redwood Practice,2023-11-05,,0
Redwood Practice,2023-11-12,,0
Redwood Practice,2023-11-19,,0
Redwood Practice,2023-11-26,,0
Redwood Practice,2023-12-03,,0
Redwood Practice,2023-12-10,2,2
Redwood Practice,2023-12-17,11,13
Redwood Practice,2023-12-24,4,17
Redwood Practice,2023-12-31,3,20
Redwood Practice,2024-01-07,2,22
Redwood Practice,2024-01-14,15,37
Redwood Practice,2024-01-21,32,69
Redwood Practice,2024-01-28,19,88
Redwood Practice,2024-02-04,38,126
Redwood Practice,2024-02-11,54,180
Redwood Practice,2024-02-18,36,216
Redwood Practice,2024-02-25,33,249
Redwood Practice,2024-03-03,22,271
Redwood Practice,2024-03-10,13,284
Redwood Practice,2024-03-17,15,299
Redwood Practice,2024-03-24,17,316
Redwood Practice,2024-03-31,17,333
Redwood Practice,2024-04-07,9,342
Redwood Practice,2024-04-14,15,357
Redwood Practice,2024-04-21,9,366
Redwood Practice,2024-04-28,7,373
Redwood Practice,2024-05-05,13,386
Redwood Practice,2024-05-12,7,393
Redwood Practice,2024-05-19,19,412
Redwood Practice,2024-05-26,17,429
Redwood Practice,2024-06-02,12,441
Redwood Practice,2024-06-09,17,458
Redwood Practice,2024-06-16,11,469
Redwood Practice,2024-06-23,11,480
Redwood Practice,2024-06-30,1,481
Redwood Practice,2024-07-07,9,490
Redwood Practice,2024-07-14,6,496
Redwood Practice,2024-07-21,5,501
Redwood Practice,2024-07-28,6,507
Redwood Practice,2024-08-04,7,514
Redwood Practice,2024-08-11,5,519
Redwood Practice,2024-08-18,9,528
Redwood Practice,2024-08-25,18,546
Redwood Practice,2024-09-01,5,551
Redwood Practice,2024-09-08,3,554
Redwood Practice,2024-09-15,11,565
Redwood Practice,2024-09-22,11,576
Redwood Practice,2024-09-29,6,582
Redwood Practice,2024-10-06,7,589
Redwood Practice,2024-10-13,13,602
Redwood Practice,2024-10-20,8,610
Redwood Practice,2024-10-27,4,614
Redwood Practice,2024-11-03,7,621
Redwood Practice,2024-11-10,,621
Redwood Practice,2024-11-17,2,623
Redwood Practice,2024-11-24,1,624
Redwood Practice,2024-12-01,2,626
Redwood Practice,2024-12-08,2,628
Redwood Practice,2024-12-15,4,632
Redwood Practice,2024-12-22,1,633
Redwood Practice,2024-12-29,6,639
Redwood Practice,2025-01-05,1,640
Redwood Practice,2025-01-12,2,642
Redwood Practice,2025-01-19,1,643
Redwood Practice,2025-01-26,3,646
Redwood Practice,2025-02-02,5,651
Redwood Practice,2025-02-09,1,652
Redwood Practice,2025-02-16,1,653
Redwood Practice,2025-02-23,1,654
Redwood Practice,2025-03-02,,654
Redwood Practice,2025-03-09,,654
Redwood Practice,2025-03-16,,654
Redwood Practice,2025-03-23,1,655
Redwood Practice,2025-03-30,,655
Redwood Practice,2025-04-06,,655
Redwood Practice,2025-04-13,,655
Redwood Practice,2025-04-20,,655
Redwood Practice,2025-04-27,,655
Redwood Practice,2025-05-04,,655
Redwood Practice,2025-05-11,5,660
Redwood Practice,2025-05-18,,660
Redwood Practice,2025-05-25,5,665
Redwood Practice,2025-06-01,1,666
Redwood Practice,2025-06-08,3,669
Redwood Practice,2025-06-15,1,670
Redwood Practice,2025-06-22,2,672
Redwood Practice,2025-06-29,4,676
Redwood Practice,2025-07-06,7,683
Redwood Practice,2025-07-13,,683
Redwood Practice,2025-07-20,3,686
Redwood Practice,2025-07-27,5,691
Redwood Practice,2025-08-03,3,694
Redwood Practice,2025-08-10,1,695
Redwood Practice,2025-08-17,2,697
Redwood Practice,2025-08-24,,697
Redwood Practice,2025-08-31,1,698
Redwood Practice,2025-09-07,1,699
Redwood Practice,2025-09-14,,699
Redwood Practice,2025-09-21,,699
Redwood Practice,2025-09-28,,699
Redwood Practice,2025-10-05,2,701
Redwood Practice,2025-10-12,1,702
Redwood Practice,2025-10-19,1,703
Redwood Practice,2025-10-26,,703
Redwood Practice,2025-11-02,,703
Redwood Practice,2025-11-09,1,704
Redwood Practice,2025-11-16,1,705
Redwood Practice,2025-11-23,1,706
Redwood Practice,2025-11-30,,706
Redwood Practice,2025-12-07,,706
Redwood Practice,2025-12-14,,706
Redwood Practice,2025-12-21,1,707
Redwood Practice,2025-12-28,,707
Redwood Practice,2026-01-04,,707
Redwood Practice,2026-01-11,,707
Redwood Practice,2026-01-18,,707
Redwood Practice,2026-01-25,,707
Redwood Practice,2026-02-01,,707
Redwood Practice,2026-02-08,2,709
Redwood Practice,2026-02-15,,709
Redwood Practice,2026-02-22,,709
Redwood Practice,2026-03-01,1,710
Redwood Practice,2026-03-08,,710
Redwood Practice,2026-03-15,,710
Redwood Practice,2026-03-22,,710
Redwood Practice,2026-03-29,,710
Redwood Practice,2026-04-05,,710
Redwood Practice,2026-04-12,,710
Redwood Practice,2026-04-19,,710
Redwood Practice,2026-04-26,,710
Redwood Practice,2026-05-03,1,711
Redwood Practice,2026-05-10,,711
Redwood Practice,2026-05-17,,711
Redwood Practice,2026-05-24,,711
Redwood Practice,2026-05-31,,711
Redwood Practice,2026-06-07,,711
Roundwood Park Medical Centre,2023-10-08,,0
Roundwood Park Medical Centre,2023-11-05,,0
Roundwood Park Medical Centre,2023-11-12,,0
Roundwood Park Medical Centre,2023-11-19,,0
Roundwood Park Medical Centre,2023-11-26,4,4
Roundwood Park Medical Centre,2023-12-03,1,5
Roundwood Park Medical Centre,2023-12-10,3,8
Roundwood Park Medical Centre,2023-12-17,5,13
Roundwood Park Medical Centre,2023-12-24,1,14
Roundwood Park Medical Centre,2023-12-31,,14
Roundwood Park Medical Centre,2024-01-07,,14
Roundwood Park Medical Centre,2024-01-14,,14
Roundwood Park Medical Centre,2024-01-21,1,15
Roundwood Park Medical Centre,2024-01-28,3,18
Roundwood Park Medical Centre,2024-02-04,2,20
Roundwood Park Medical Centre,2024-02-11,1,21
Roundwood Park Medical Centre,2024-02-18,,21
Roundwood Park Medical Centre,2024-02-25,,21
Roundwood Park Medical Centre,2024-03-03,1,22
Roundwood Park Medical Centre,2024-03-10,1,23
Roundwood Park Medical Centre,2024-03-17,,23
Roundwood Park Medical Centre,2024-03-24,1,24
Roundwood Park Medical Centre,2024-03-31,1,25
Roundwood Park Medical Centre,2024-04-07,,25
Roundwood Park Medical Centre,2024-04-14,,25
Roundwood Park Medical Centre,2024-04-21,,25
Roundwood Park Medical Centre,2024-04-28,,25
Roundwood Park Medical Centre,2024-05-05,,25
Roundwood Park Medical Centre,2024-05-12,,25
Roundwood Park Medical Centre,2024-05-19,,25
Roundwood Park Medical Centre,2024-05-26,,25
Roundwood Park Medical Centre,2024-06-02,,25
Roundwood Park Medical Centre,2024-06-09,1,26
Roundwood Park Medical Centre,2024-06-16,,26
Roundwood Park Medical Centre,2024-06-23,,26
Roundwood Park Medical Centre,2024-06-30,5,31
Roundwood Park Medical Centre,2024-07-07,,31
Roundwood Park Medical Centre,2024-07-14,,31
Roundwood Park Medical Centre,2024-07-21,,31
Roundwood Park Medical Centre,2024-07-28,,31
Roundwood Park Medical Centre,2024-08-04,,31
Roundwood Park Medical Centre,2024-08-11,,31
Roundwood Park Medical Centre,2024-08-18,,31
Roundwood Park Medical Centre,2024-08-25,,31
Roundwood Park Medical Centre,2024-09-01,3,34
Roundwood Park Medical Centre,2024-09-08,,34
Roundwood Park Medical Centre,2024-09-15,,34
Roundwood Park Medical Centre,2024-09-22,,34
Roundwood Park Medical Centre,2024-09-29,,34
Roundwood Park Medical Centre,2024-10-06,,34
Roundwood Park Medical Centre,2024-10-13,,34
Roundwood Park Medical Centre,2024-10-20,,34
Roundwood Park Medical Centre,2024-10-27,,34
Roundwood Park Medical Centre,2024-11-03,,34
Roundwood Park Medical Centre,2024-11-10,,34
Roundwood Park Medical Centre,2024-11-17,,34
Roundwood Park Medical Centre,2024-11-24,,34
Roundwood Park Medical Centre,2024-12-01,,34
Roundwood Park Medical Centre,2024-12-08,,34
Roundwood Park Medical Centre,2024-12-15,,34
Roundwood Park Medical Centre,2024-12-22,,34
Roundwood Park Medical Centre,2024-12-29,,34
Roundwood Park Medical Centre,2025-01-05,,34
Roundwood Park Medical Centre,2025-01-12,,34
Roundwood Park Medical Centre,2025-01-19,,34
Roundwood Park Medical Centre,2025-01-26,,34
Roundwood Park Medical Centre,2025-02-02,,34
Roundwood Park Medical Centre,2025-02-09,,34
Roundwood Park Medical Centre,2025-02-16,,34
Roundwood Park Medical Centre,2025-02-23,,34
Roundwood Park Medical Centre,2025-03-02,,34
Roundwood Park Medical Centre,2025-03-09,,34
Roundwood Park Medical Centre,2025-03-16,,34
Roundwood Park Medical Centre,2025-03-23,,34
Roundwood Park Medical Centre,2025-03-30,,34
Roundwood Park Medical Centre,2025-04-06,,34
Roundwood Park Medical Centre,2025-04-13,,34
Roundwood Park Medical Centre,2025-04-20,,34
Roundwood Park Medical Centre,2025-04-27,,34
Roundwood Park Medical Centre,2025-05-04,,34
Roundwood Park Medical Centre,2025-05-11,,34
Roundwood Park Medical Centre,2025-05-18,,34
Roundwood Park Medical Centre,2025-05-25,,34
Roundwood Park Medical Centre,2025-06-01,,34
Roundwood Park Medical Centre,2025-06-08,,34
Roundwood Park Medical Centre,2025-06-15,,34
Roundwood Park Medical Centre,2025-06-22,,34
Roundwood Park Medical Centre,2025-06-29,,34
Roundwood Park Medical Centre,2025-07-06,,34
Roundwood Park Medical Centre,2025-07-13,,34
Roundwood Park Medical Centre,2025-07-20,,34
Roundwood Park Medical Centre,2025-07-27,,34
Roundwood Park Medical Centre,2025-08-03,,34
Roundwood Park Medical Centre,2025-08-10,,34
Roundwood Park Medical Centre,2025-08-17,,34
Roundwood Park Medical Centre,2025-08-24,,34
Roundwood Park Medical Centre,2025-08-31,,34
Roundwood Park Medical Centre,2025-09-07,,34
Roundwood Park Medical Centre,2025-09-14,,34
Roundwood Park Medical Centre,2025-09-21,,34
Roundwood Park Medical Centre,2025-09-28,,34
Roundwood Park Medical Centre,2025-10-05,,34
Roundwood Park Medical Centre,2025-10-12,,34
Roundwood Park Medical Centre,2025-10-19,,34
Roundwood Park Medical Centre,2025-10-26,,34
Roundwood Park Medical Centre,2025-11-02,,34
Roundwood Park Medical Centre,2025-11-09,,34
Roundwood Park Medical Centre,2025-11-16,,34
Roundwood Park Medical Centre,2025-11-23,,34
Roundwood Park Medical Centre,2025-11-30,,34
Roundwood Park Medical Centre,2025-12-07,,34
Roundwood Park Medical Centre,2025-12-14,,34
Roundwood Park Medical Centre,2025-12-21,,34
Roundwood Park Medical Centre,2025-12-28,,34
Roundwood Park Medical Centre,2026-01-04,,34
Roundwood Park Medical Centre,2026-01-11,,34
Roundwood Park Medical Centre,2026-01-18,,34
Roundwood Park Medical Centre,2026-01-25,,34
Roundwood Park Medical Centre,2026-02-01,,34
Roundwood Park Medical Centre,2026-02-08,,34
Roundwood Park Medical Centre,2026-02-15,1,35
Roundwood Park Medical Centre,2026-02-22,,35
Roundwood Park Medical Centre,2026-03-01,,35
Roundwood Park Medical Centre,2026-03-08,,35
Roundwood Park Medical Centre,2026-03-15,,35
Roundwood Park Medical Centre,2026-03-22,,35
Roundwood Park Medical Centre,2026-03-29,,35
Roundwood Park Medical Centre,2026-04-05,,35
Roundwood Park Medical Centre,2026-04-12,,35
Roundwood Park Medical Centre,2026-04-19,,35
Roundwood Park Medical Centre,2026-04-26,,35
Roundwood Park Medical Centre,2026-05-03,,35
Roundwood Park Medical Centre,2026-05-10,,35
Roundwood Park Medical Centre,2026-05-17,,35
Roundwood Park Medical Centre,2026-05-24,,35
Roundwood Park Medical Centre,2026-05-31,,35
Roundwood Park Medical Centre,2026-06-07,,35
Roxbourne Medical Centre,2023-10-08,,0
Roxbourne Medical Centre,2023-11-05,,0
Roxbourne Medical Centre,2023-11-12,,0
Roxbourne Medical Centre,2023-11-19,,0
Roxbourne Medical Centre,2023-11-26,12,12
Roxbourne Medical Centre,2023-12-03,5,17
Roxbourne Medical Centre,2023-12-10,4,21
Roxbourne Medical Centre,2023-12-17,4,25
Roxbourne Medical Centre,2023-12-24,4,29
Roxbourne Medical Centre,2023-12-31,,29
Roxbourne Medical Centre,2024-01-07,2,31
Roxbourne Medical Centre,2024-01-14,4,35
Roxbourne Medical Centre,2024-01-21,4,39
Roxbourne Medical Centre,2024-01-28,3,42
Roxbourne Medical Centre,2024-02-04,2,44
Roxbourne Medical Centre,2024-02-11,3,47
Roxbourne Medical Centre,2024-02-18,,47
Roxbourne Medical Centre,2024-02-25,3,50
Roxbourne Medical Centre,2024-03-03,,50
Roxbourne Medical Centre,2024-03-10,9,59
Roxbourne Medical Centre,2024-03-17,,59
Roxbourne Medical Centre,2024-03-24,,59
Roxbourne Medical Centre,2024-03-31,,59
Roxbourne Medical Centre,2024-04-07,,59
Roxbourne Medical Centre,2024-04-14,,59
Roxbourne Medical Centre,2024-04-21,,59
Roxbourne Medical Centre,2024-04-28,,59
Roxbourne Medical Centre,2024-05-05,,59
Roxbourne Medical Centre,2024-05-12,,59
Roxbourne Medical Centre,2024-05-19,,59
Roxbourne Medical Centre,2024-05-26,,59
Roxbourne Medical Centre,2024-06-02,,59
Roxbourne Medical Centre,2024-06-09,4,63
Roxbourne Medical Centre,2024-06-16,2,65
Roxbourne Medical Centre,2024-06-23,2,67
Roxbourne Medical Centre,2024-06-30,1,68
Roxbourne Medical Centre,2024-07-07,,68
Roxbourne Medical Centre,2024-07-14,,68
Roxbourne Medical Centre,2024-07-21,,68
Roxbourne Medical Centre,2024-07-28,,68
Roxbourne Medical Centre,2024-08-04,,68
Roxbourne Medical Centre,2024-08-11,1,69
Roxbourne Medical Centre,2024-08-18,31,100
Roxbourne Medical Centre,2024-08-25,13,113
Roxbourne Medical Centre,2024-09-01,3,116
Roxbourne Medical Centre,2024-09-08,5,121
Roxbourne Medical Centre,2024-09-15,,121
Roxbourne Medical Centre,2024-09-22,,121
Roxbourne Medical Centre,2024-09-29,1,122
Roxbourne Medical Centre,2024-10-06,,122
Roxbourne Medical Centre,2024-10-13,,122
Roxbourne Medical Centre,2024-10-20,7,129
Roxbourne Medical Centre,2024-10-27,,129
Roxbourne Medical Centre,2024-11-03,,129
Roxbourne Medical Centre,2024-11-10,8,137
Roxbourne Medical Centre,2024-11-17,3,140
Roxbourne Medical Centre,2024-11-24,,140
Roxbourne Medical Centre,2024-12-01,2,142
Roxbourne Medical Centre,2024-12-08,2,144
Roxbourne Medical Centre,2024-12-15,,144
Roxbourne Medical Centre,2024-12-22,,144
Roxbourne Medical Centre,2024-12-29,,144
Roxbourne Medical Centre,2025-01-05,,144
Roxbourne Medical Centre,2025-01-12,,144
Roxbourne Medical Centre,2025-01-19,,144
Roxbourne Medical Centre,2025-01-26,,144
Roxbourne Medical Centre,2025-02-02,,144
Roxbourne Medical Centre,2025-02-09,,144
Roxbourne Medical Centre,2025-02-16,,144
Roxbourne Medical Centre,2025-02-23,,144
Roxbourne Medical Centre,2025-03-02,,144
Roxbourne Medical Centre,2025-03-09,,144
Roxbourne Medical Centre,2025-03-16,,144
Roxbourne Medical Centre,2025-03-23,,144
Roxbourne Medical Centre,2025-03-30,,144
Roxbourne Medical Centre,2025-04-06,,144
Roxbourne Medical Centre,2025-04-13,,144
Roxbourne Medical Centre,2025-04-20,,144
Roxbourne Medical Centre,2025-04-27,,144
Roxbourne Medical Centre,2025-05-04,,144
Roxbourne Medical Centre,2025-05-11,,144
Roxbourne Medical Centre,2025-05-18,,144
Roxbourne Medical Centre,2025-05-25,,144
Roxbourne Medical Centre,2025-06-01,,144
Roxbourne Medical Centre,2025-06-08,,144
Roxbourne Medical Centre,2025-06-15,4,148
Roxbourne Medical Centre,2025-06-22,7,155
Roxbourne Medical Centre,2025-06-29,5,160
Roxbourne Medical Centre,2025-07-06,5,165
Roxbourne Medical Centre,2025-07-13,7,172
Roxbourne Medical Centre,2025-07-20,21,193
Roxbourne Medical Centre,2025-07-27,13,206
Roxbourne Medical Centre,2025-08-03,27,233
Roxbourne Medical Centre,2025-08-10,,233
Roxbourne Medical Centre,2025-08-17,18,251
Roxbourne Medical Centre,2025-08-24,12,263
Roxbourne Medical Centre,2025-08-31,,263
Roxbourne Medical Centre,2025-09-07,,263
Roxbourne Medical Centre,2025-09-14,,263
Roxbourne Medical Centre,2025-09-21,4,267
Roxbourne Medical Centre,2025-09-28,15,282
Roxbourne Medical Centre,2025-10-05,9,291
Roxbourne Medical Centre,2025-10-12,,291
Roxbourne Medical Centre,2025-10-19,6,297
Roxbourne Medical Centre,2025-10-26,8,305
Roxbourne Medical Centre,2025-11-02,5,310
Roxbourne Medical Centre,2025-11-09,10,320
Roxbourne Medical Centre,2025-11-16,4,324
Roxbourne Medical Centre,2025-11-23,14,338
Roxbourne Medical Centre,2025-11-30,,338
Roxbourne Medical Centre,2025-12-07,2,340
Roxbourne Medical Centre,2025-12-14,9,349
Roxbourne Medical Centre,2025-12-21,16,365
Roxbourne Medical Centre,2025-12-28,,365
Roxbourne Medical Centre,2026-01-04,3,368
Roxbourne Medical Centre,2026-01-11,,368
Roxbourne Medical Centre,2026-01-18,,368
Roxbourne Medical Centre,2026-01-25,,368
Roxbourne Medical Centre,2026-02-01,4,372
Roxbourne Medical Centre,2026-02-08,1,373
Roxbourne Medical Centre,2026-02-15,17,390
Roxbourne Medical Centre,2026-02-22,11,401
Roxbourne Medical Centre,2026-03-01,3,404
Roxbourne Medical Centre,2026-03-08,8,412
Roxbourne Medical Centre,2026-03-15,,412
Roxbourne Medical Centre,2026-03-22,,412
Roxbourne Medical Centre,2026-03-29,,412
Roxbourne Medical Centre,2026-04-05,,412
Roxbourne Medical Centre,2026-04-12,,412
Roxbourne Medical Centre,2026-04-19,2,414
Roxbourne Medical Centre,2026-04-26,,414
Roxbourne Medical Centre,2026-05-03,,414
Roxbourne Medical Centre,2026-05-10,,414
Roxbourne Medical Centre,2026-05-17,1,415
Roxbourne Medical Centre,2026-05-24,,415
Roxbourne Medical Centre,2026-05-31,,415
Roxbourne Medical Centre,2026-06-07,,415
Spring Grove Medical Practice,2023-10-08,,0
Spring Grove Medical Practice,2023-11-05,,0
Spring Grove Medical Practice,2023-11-12,,0
Spring Grove Medical Practice,2023-11-19,28,28
Spring Grove Medical Practice,2023-11-26,46,74
Spring Grove Medical Practice,2023-12-03,31,105
Spring Grove Medical Practice,2023-12-10,12,117
Spring Grove Medical Practice,2023-12-17,17,134
Spring Grove Medical Practice,2023-12-24,9,143
Spring Grove Medical Practice,2023-12-31,3,146
Spring Grove Medical Practice,2024-01-07,10,156
Spring Grove Medical Practice,2024-01-14,1,157
Spring Grove Medical Practice,2024-01-21,8,165
Spring Grove Medical Practice,2024-01-28,5,170
Spring Grove Medical Practice,2024-02-04,6,176
Spring Grove Medical Practice,2024-02-11,2,178
Spring Grove Medical Practice,2024-02-18,9,187
Spring Grove Medical Practice,2024-02-25,7,194
Spring Grove Medical Practice,2024-03-03,6,200
Spring Grove Medical Practice,2024-03-10,2,202
Spring Grove Medical Practice,2024-03-17,,202
Spring Grove Medical Practice,2024-03-24,4,206
Spring Grove Medical Practice,2024-03-31,,206
Spring Grove Medical Practice,2024-04-07,8,214
Spring Grove Medical Practice,2024-04-14,4,218
Spring Grove Medical Practice,2024-04-21,6,224
Spring Grove Medical Practice,2024-04-28,5,229
Spring Grove Medical Practice,2024-05-05,,229
Spring Grove Medical Practice,2024-05-12,9,238
Spring Grove Medical Practice,2024-05-19,1,239
Spring Grove Medical Practice,2024-05-26,2,241
Spring Grove Medical Practice,2024-06-02,3,244
Spring Grove Medical Practice,2024-06-09,3,247
Spring Grove Medical Practice,2024-06-16,1,248
Spring Grove Medical Practice,2024-06-23,6,254
Spring Grove Medical Practice,2024-06-30,2,256
Spring Grove Medical Practice,2024-07-07,2,258
Spring Grove Medical Practice,2024-07-14,,258
Spring Grove Medical Practice,2024-07-21,3,261
Spring Grove Medical Practice,2024-07-28,1,262
Spring Grove Medical Practice,2024-08-04,1,263
Spring Grove Medical Practice,2024-08-11,13,276
Spring Grove Medical Practice,2024-08-18,,276
Spring Grove Medical Practice,2024-08-25,,276
Spring Grove Medical Practice,2024-09-01,5,281
Spring Grove Medical Practice,2024-09-08,,281
Spring Grove Medical Practice,2024-09-15,1,282
Spring Grove Medical Practice,2024-09-22,1,283
Spring Grove Medical Practice,2024-09-29,2,285
Spring Grove Medical Practice,2024-10-06,6,291
Spring Grove Medical Practice,2024-10-13,,291
Spring Grove Medical Practice,2024-10-20,2,293
Spring Grove Medical Practice,2024-10-27,2,295
Spring Grove Medical Practice,2024-11-03,,295
Spring Grove Medical Practice,2024-11-10,,295
Spring Grove Medical Practice,2024-11-17,4,299
Spring Grove Medical Practice,2024-11-24,,299
Spring Grove Medical Practice,2024-12-01,1,300
Spring Grove Medical Practice,2024-12-08,,300
Spring Grove Medical Practice,2024-12-15,1,301
Spring Grove Medical Practice,2024-12-22,1,302
Spring Grove Medical Practice,2024-12-29,,302
Spring Grove Medical Practice,2025-01-05,,302
Spring Grove Medical Practice,2025-01-12,,302
Spring Grove Medical Practice,2025-01-19,,302
Spring Grove Medical Practice,2025-01-26,1,303
Spring Grove Medical Practice,2025-02-02,1,304
Spring Grove Medical Practice,2025-02-09,1,305
Spring Grove Medical Practice,2025-02-16,,305
Spring Grove Medical Practice,2025-02-23,,305
Spring Grove Medical Practice,2025-03-02,12,317
Spring Grove Medical Practice,2025-03-09,236,553
Spring Grove Medical Practice,2025-03-16,190,743
Spring Grove Medical Practice,2025-03-23,185,928
Spring Grove Medical Practice,2025-03-30,82,1010
Spring Grove Medical Practice,2025-04-06,1,1011
Spring Grove Medical Practice,2025-04-13,3,1014
Spring Grove Medical Practice,2025-04-20,,1014
Spring Grove Medical Practice,2025-04-27,3,1017
Spring Grove Medical Practice,2025-05-04,,1017
Spring Grove Medical Practice,2025-05-11,,1017
Spring Grove Medical Practice,2025-05-18,3,1020
Spring Grove Medical Practice,2025-05-25,,1020
Spring Grove Medical Practice,2025-06-01,1,1021
Spring Grove Medical Practice,2025-06-08,2,1023
Spring Grove Medical Practice,2025-06-15,1,1024
Spring Grove Medical Practice,2025-06-22,,1024
Spring Grove Medical Practice,2025-06-29,7,1031
Spring Grove Medical Practice,2025-07-06,,1031
Spring Grove Medical Practice,2025-07-13,6,1037
Spring Grove Medical Practice,2025-07-20,7,1044
Spring Grove Medical Practice,2025-07-27,6,1050
Spring Grove Medical Practice,2025-08-03,3,1053
Spring Grove Medical Practice,2025-08-10,2,1055
Spring Grove Medical Practice,2025-08-17,3,1058
Spring Grove Medical Practice,2025-08-24,,1058
Spring Grove Medical Practice,2025-08-31,,1058
Spring Grove Medical Practice,2025-09-07,2,1060
Spring Grove Medical Practice,2025-09-14,1,1061
Spring Grove Medical Practice,2025-09-21,,1061
Spring Grove Medical Practice,2025-09-28,1,1062
Spring Grove Medical Practice,2025-10-05,,1062
Spring Grove Medical Practice,2025-10-12,2,1064
Spring Grove Medical Practice,2025-10-19,,1064
Spring Grove Medical Practice,2025-10-26,,1064
Spring Grove Medical Practice,2025-11-02,,1064
Spring Grove Medical Practice,2025-11-09,,1064
Spring Grove Medical Practice,2025-11-16,,1064
Spring Grove Medical Practice,2025-11-23,4,1068
Spring Grove Medical Practice,2025-11-30,,1068
Spring Grove Medical Practice,2025-12-07,,1068
Spring Grove Medical Practice,2025-12-14,,1068
Spring Grove Medical Practice,2025-12-21,4,1072
Spring Grove Medical Practice,2025-12-28,,1072
Spring Grove Medical Practice,2026-01-04,,1072
Spring Grove Medical Practice,2026-01-11,,1072
Spring Grove Medical Practice,2026-01-18,,1072
Spring Grove Medical Practice,2026-01-25,,1072
Spring Grove Medical Practice,2026-02-01,,1072
Spring Grove Medical Practice,2026-02-08,,1072
Spring Grove Medical Practice,2026-02-15,,1072
Spring Grove Medical Practice,2026-02-22,,1072
Spring Grove Medical Practice,2026-03-01,,1072
Spring Grove Medical Practice,2026-03-08,,1072
Spring Grove Medical Practice,2026-03-15,,1072
Spring Grove Medical Practice,2026-03-22,,1072
Spring Grove Medical Practice,2026-03-29,2,1074
Spring Grove Medical Practice,2026-04-05,,1074
Spring Grove Medical Practice,2026-04-12,,1074
Spring Grove Medical Practice,2026-04-19,1,1075
Spring Grove Medical Practice,2026-04-26,,1075
Spring Grove Medical Practice,2026-05-03,1,1076
Spring Grove Medical Practice,2026-05-10,,1076
Spring Grove Medical Practice,2026-05-17,,1076
Spring Grove Medical Practice,2026-05-24,,1076
Spring Grove Medical Practice,2026-05-31,,1076
Spring Grove Medical Practice,2026-06-07,,1076
St. Andrews Medical Centre,2023-10-08,,0
St. Andrews Medical Centre,2023-11-05,,0
St. Andrews Medical Centre,2023-11-12,,0
St. Andrews Medical Centre,2023-11-19,,0
St. Andrews Medical Centre,2023-11-26,,0
St. Andrews Medical Centre,2023-12-03,,0
St. Andrews Medical Centre,2023-12-10,,0
St. Andrews Medical Centre,2023-12-17,,0
St. Andrews Medical Centre,2023-12-24,,0
St. Andrews Medical Centre,2023-12-31,,0
St. Andrews Medical Centre,2024-01-07,,0
St. Andrews Medical Centre,2024-01-14,,0
St. Andrews Medical Centre,2024-01-21,,0
St. Andrews Medical Centre,2024-01-28,,0
St. Andrews Medical Centre,2024-02-04,,0
St. Andrews Medical Centre,2024-02-11,,0
St. Andrews Medical Centre,2024-02-18,,0
St. Andrews Medical Centre,2024-02-25,,0
St. Andrews Medical Centre,2024-03-03,,0
St. Andrews Medical Centre,2024-03-10,,0
St. Andrews Medical Centre,2024-03-17,,0
St. Andrews Medical Centre,2024-03-24,,0
St. Andrews Medical Centre,2024-03-31,,0
St. Andrews Medical Centre,2024-04-07,,0
St. Andrews Medical Centre,2024-04-14,,0
St. Andrews Medical Centre,2024-04-21,,0
St. Andrews Medical Centre,2024-04-28,,0
St. Andrews Medical Centre,2024-05-05,,0
St. Andrews Medical Centre,2024-05-12,,0
St. Andrews Medical Centre,2024-05-19,1,1
St. Andrews Medical Centre,2024-05-26,,1
St. Andrews Medical Centre,2024-06-02,,1
St. Andrews Medical Centre,2024-06-09,,1
St. Andrews Medical Centre,2024-06-16,,1
St. Andrews Medical Centre,2024-06-23,,1
St. Andrews Medical Centre,2024-06-30,,1
St. Andrews Medical Centre,2024-07-07,,1
St. Andrews Medical Centre,2024-07-14,,1
St. Andrews Medical Centre,2024-07-21,,1
St. Andrews Medical Centre,2024-07-28,,1
St. Andrews Medical Centre,2024-08-04,,1
St. Andrews Medical Centre,2024-08-11,,1
St. Andrews Medical Centre,2024-08-18,,1
St. Andrews Medical Centre,2024-08-25,,1
St. Andrews Medical Centre,2024-09-01,,1
St. Andrews Medical Centre,2024-09-08,,1
St. Andrews Medical Centre,2024-09-15,,1
St. Andrews Medical Centre,2024-09-22,,1
St. Andrews Medical Centre,2024-09-29,,1
St. Andrews Medical Centre,2024-10-06,,1
St. Andrews Medical Centre,2024-10-13,,1
St. Andrews Medical Centre,2024-10-20,,1
St. Andrews Medical Centre,2024-10-27,,1
St. Andrews Medical Centre,2024-11-03,,1
St. Andrews Medical Centre,2024-11-10,,1
St. Andrews Medical Centre,2024-11-17,,1
St. Andrews Medical Centre,2024-11-24,,1
St. Andrews Medical Centre,2024-12-01,,1
St. Andrews Medical Centre,2024-12-08,,1
St. Andrews Medical Centre,2024-12-15,,1
St. Andrews Medical Centre,2024-12-22,,1
St. Andrews Medical Centre,2024-12-29,,1
St. Andrews Medical Centre,2025-01-05,,1
St. Andrews Medical Centre,2025-01-12,,1
St. Andrews Medical Centre,2025-01-19,,1
St. Andrews Medical Centre,2025-01-26,,1
St. Andrews Medical Centre,2025-02-02,,1
St. Andrews Medical Centre,2025-02-09,,1
St. Andrews Medical Centre,2025-02-16,,1
St. Andrews Medical Centre,2025-02-23,,1
St. Andrews Medical Centre,2025-03-02,,1
St. Andrews Medical Centre,2025-03-09,,1
St. Andrews Medical Centre,2025-03-16,,1
St. Andrews Medical Centre,2025-03-23,,1
St. Andrews Medical Centre,2025-03-30,,1
St. Andrews Medical Centre,2025-04-06,,1
St. Andrews Medical Centre,2025-04-13,,1
St. Andrews Medical Centre,2025-04-20,,1
St. Andrews Medical Centre,2025-04-27,,1
St. Andrews Medical Centre,2025-05-04,,1
St. Andrews Medical Centre,2025-05-11,,1
St. Andrews Medical Centre,2025-05-18,,1
St. Andrews Medical Centre,2025-05-25,,1
St. Andrews Medical Centre,2025-06-01,,1
St. Andrews Medical Centre,2025-06-08,,1
St. Andrews Medical Centre,2025-06-15,,1
St. Andrews Medical Centre,2025-06-22,,1
St. Andrews Medical Centre,2025-06-29,,1
St. Andrews Medical Centre,2025-07-06,,1
St. Andrews Medical Centre,2025-07-13,,1
St. Andrews Medical Centre,2025-07-20,,1
St. Andrews Medical Centre,2025-07-27,,1
St. Andrews Medical Centre,2025-08-03,,1
St. Andrews Medical Centre,2025-08-10,,1
St. Andrews Medical Centre,2025-08-17,,1
St. Andrews Medical Centre,2025-08-24,,1
St. Andrews Medical Centre,2025-08-31,,1
St. Andrews Medical Centre,2025-09-07,,1
St. Andrews Medical Centre,2025-09-14,,1
St. Andrews Medical Centre,2025-09-21,,1
St. Andrews Medical Centre,2025-09-28,,1
St. Andrews Medical Centre,2025-10-05,,1
St. Andrews Medical Centre,2025-10-12,,1
St. Andrews Medical Centre,2025-10-19,,1
St. Andrews Medical Centre,2025-10-26,,1
St. Andrews Medical Centre,2025-11-02,,1
St. Andrews Medical Centre,2025-11-09,,1
St. Andrews Medical Centre,2025-11-16,,1
St. Andrews Medical Centre,2025-11-23,,1
St. Andrews Medical Centre,2025-11-30,,1
St. Andrews Medical Centre,2025-12-07,,1
St. Andrews Medical Centre,2025-12-14,,1
St. Andrews Medical Centre,2025-12-21,,1
St. Andrews Medical Centre,2025-12-28,,1
St. Andrews Medical Centre,2026-01-04,,1
St. Andrews Medical Centre,2026-01-11,,1
St. Andrews Medical Centre,2026-01-18,,1
St. Andrews Medical Centre,2026-01-25,,1
St. Andrews Medical Centre,2026-02-01,,1
St. Andrews Medical Centre,2026-02-08,,1
St. Andrews Medical Centre,2026-02-15,,1
St. Andrews Medical Centre,2026-02-22,,1
St. Andrews Medical Centre,2026-03-01,,1
St. Andrews Medical Centre,2026-03-08,,1
St. Andrews Medical Centre,2026-03-15,,1
St. Andrews Medical Centre,2026-03-22,,1
St. Andrews Medical Centre,2026-03-29,,1
St. Andrews Medical Centre,2026-04-05,,1
St. Andrews Medical Centre,2026-04-12,,1
St. Andrews Medical Centre,2026-04-19,,1
St. Andrews Medical Centre,2026-04-26,,1
St. Andrews Medical Centre,2026-05-03,,1
St. Andrews Medical Centre,2026-05-10,,1
St. Andrews Medical Centre,2026-05-17,,1
St. Andrews Medical Centre,2026-05-24,,1
St. Andrews Medical Centre,2026-05-31,,1
St. Andrews Medical Centre,2026-06-07,,1
St. George's Medical Center,2023-10-08,,0
St. George's Medical Center,2023-11-05,,0
St. George's Medical Center,2023-11-12,,0
St. George's Medical Center,2023-11-19,,0
St. George's Medical Center,2023-11-26,,0
St. George's Medical Center,2023-12-03,,0
St. George's Medical Center,2023-12-10,,0
St. George's Medical Center,2023-12-17,,0
St. George's Medical Center,2023-12-24,7,7
St. George's Medical Center,2023-12-31,,7
St. George's Medical Center,2024-01-07,4,11
St. George's Medical Center,2024-01-14,99,110
St. George's Medical Center,2024-01-21,47,157
St. George's Medical Center,2024-01-28,14,171
St. George's Medical Center,2024-02-04,3,174
St. George's Medical Center,2024-02-11,5,179
St. George's Medical Center,2024-02-18,2,181
St. George's Medical Center,2024-02-25,4,185
St. George's Medical Center,2024-03-03,2,187
St. George's Medical Center,2024-03-10,,187
St. George's Medical Center,2024-03-17,,187
St. George's Medical Center,2024-03-24,,187
St. George's Medical Center,2024-03-31,,187
St. George's Medical Center,2024-04-07,,187
St. George's Medical Center,2024-04-14,,187
St. George's Medical Center,2024-04-21,,187
St. George's Medical Center,2024-04-28,,187
St. George's Medical Center,2024-05-05,,187
St. George's Medical Center,2024-05-12,,187
St. George's Medical Center,2024-05-19,,187
St. George's Medical Center,2024-05-26,,187
St. George's Medical Center,2024-06-02,,187
St. George's Medical Center,2024-06-09,,187
St. George's Medical Center,2024-06-16,,187
St. George's Medical Center,2024-06-23,,187
St. George's Medical Center,2024-06-30,1,188
St. George's Medical Center,2024-07-07,,188
St. George's Medical Center,2024-07-14,1,189
St. George's Medical Center,2024-07-21,23,212
St. George's Medical Center,2024-07-28,48,260
St. George's Medical Center,2024-08-04,33,293
St. George's Medical Center,2024-08-11,6,299
St. George's Medical Center,2024-08-18,1,300
St. George's Medical Center,2024-08-25,,300
St. George's Medical Center,2024-09-01,1,301
St. George's Medical Center,2024-09-08,2,303
St. George's Medical Center,2024-09-15,2,305
St. George's Medical Center,2024-09-22,,305
St. George's Medical Center,2024-09-29,,305
St. George's Medical Center,2024-10-06,1,306
St. George's Medical Center,2024-10-13,1,307
St. George's Medical Center,2024-10-20,,307
St. George's Medical Center,2024-10-27,,307
St. George's Medical Center,2024-11-03,,307
St. George's Medical Center,2024-11-10,,307
St. George's Medical Center,2024-11-17,,307
St. George's Medical Center,2024-11-24,,307
St. George's Medical Center,2024-12-01,,307
St. George's Medical Center,2024-12-08,,307
St. George's Medical Center,2024-12-15,,307
St. George's Medical Center,2024-12-22,,307
St. George's Medical Center,2024-12-29,,307
St. George's Medical Center,2025-01-05,,307
St. George's Medical Center,2025-01-12,,307
St. George's Medical Center,2025-01-19,,307
St. George's Medical Center,2025-01-26,3,310
St. George's Medical Center,2025-02-02,10,320
St. George's Medical Center,2025-02-09,14,334
St. George's Medical Center,2025-02-16,14,348
St. George's Medical Center,2025-02-23,4,352
St. George's Medical Center,2025-03-02,5,357
St. George's Medical Center,2025-03-09,1,358
St. George's Medical Center,2025-03-16,3,361
St. George's Medical Center,2025-03-23,,361
St. George's Medical Center,2025-03-30,,361
St. George's Medical Center,2025-04-06,,361
St. George's Medical Center,2025-04-13,,361
St. George's Medical Center,2025-04-20,,361
St. George's Medical Center,2025-04-27,,361
St. George's Medical Center,2025-05-04,,361
St. George's Medical Center,2025-05-11,,361
St. George's Medical Center,2025-05-18,,361
St. George's Medical Center,2025-05-25,,361
St. George's Medical Center,2025-06-01,,361
St. George's Medical Center,2025-06-08,,361
St. George's Medical Center,2025-06-15,,361
St. George's Medical Center,2025-06-22,,361
St. George's Medical Center,2025-06-29,,361
St. George's Medical Center,2025-07-06,,361
St. George's Medical Center,2025-07-13,,361
St. George's Medical Center,2025-07-20,,361
St. George's Medical Center,2025-07-27,,361
St. George's Medical Center,2025-08-03,,361
St. George's Medical Center,2025-08-10,,361
St. George's Medical Center,2025-08-17,,361
St. George's Medical Center,2025-08-24,,361
St. George's Medical Center,2025-08-31,1,362
St. George's Medical Center,2025-09-07,1,363
St. George's Medical Center,2025-09-14,,363
St. George's Medical Center,2025-09-21,,363
St. George's Medical Center,2025-09-28,,363
St. George's Medical Center,2025-10-05,2,365
St. George's Medical Center,2025-10-12,9,374
St. George's Medical Center,2025-10-19,,374
St. George's Medical Center,2025-10-26,,374
St. George's Medical Center,2025-11-02,,374
St. George's Medical Center,2025-11-09,,374
St. George's Medical Center,2025-11-16,,374
St. George's Medical Center,2025-11-23,,374
St. George's Medical Center,2025-11-30,,374
St. George's Medical Center,2025-12-07,,374
St. George's Medical Center,2025-12-14,,374
St. George's Medical Center,2025-12-21,,374
St. George's Medical Center,2025-12-28,,374
St. George's Medical Center,2026-01-04,,374
St. George's Medical Center,2026-01-11,,374
St. George's Medical Center,2026-01-18,,374
St. George's Medical Center,2026-01-25,,374
St. George's Medical Center,2026-02-01,,374
St. George's Medical Center,2026-02-08,,374
St. George's Medical Center,2026-02-15,,374
St. George's Medical Center,2026-02-22,,374
St. George's Medical Center,2026-03-01,,374
St. George's Medical Center,2026-03-08,,374
St. George's Medical Center,2026-03-15,,374
St. George's Medical Center,2026-03-22,,374
St. George's Medical Center,2026-03-29,,374
St. George's Medical Center,2026-04-05,,374
St. George's Medical Center,2026-04-12,2,376
St. George's Medical Center,2026-04-19,,376
St. George's Medical Center,2026-04-26,42,418
St. George's Medical Center,2026-05-03,9,427
St. George's Medical Center,2026-05-10,2,429
St. George's Medical Center,2026-05-17,2,431
St. George's Medical Center,2026-05-24,,431
St. George's Medical Center,2026-05-31,1,432
St. George's Medical Center,2026-06-07,,432
St. Margarets Practice,2023-10-08,,0
St. Margarets Practice,2023-11-05,,0
St. Margarets Practice,2023-11-12,,0
St. Margarets Practice,2023-11-19,,0
St. Margarets Practice,2023-11-26,,0
St. Margarets Practice,2023-12-03,,0
St. Margarets Practice,2023-12-10,,0
St. Margarets Practice,2023-12-17,,0
St. Margarets Practice,2023-12-24,,0
St. Margarets Practice,2023-12-31,,0
St. Margarets Practice,2024-01-07,,0
St. Margarets Practice,2024-01-14,,0
St. Margarets Practice,2024-01-21,,0
St. Margarets Practice,2024-01-28,,0
St. Margarets Practice,2024-02-04,,0
St. Margarets Practice,2024-02-11,,0
St. Margarets Practice,2024-02-18,,0
St. Margarets Practice,2024-02-25,,0
St. Margarets Practice,2024-03-03,,0
St. Margarets Practice,2024-03-10,5,5
St. Margarets Practice,2024-03-17,7,12
St. Margarets Practice,2024-03-24,2,14
St. Margarets Practice,2024-03-31,,14
St. Margarets Practice,2024-04-07,,14
St. Margarets Practice,2024-04-14,,14
St. Margarets Practice,2024-04-21,,14
St. Margarets Practice,2024-04-28,,14
St. Margarets Practice,2024-05-05,,14
St. Margarets Practice,2024-05-12,,14
St. Margarets Practice,2024-05-19,1,15
St. Margarets Practice,2024-05-26,,15
St. Margarets Practice,2024-06-02,,15
St. Margarets Practice,2024-06-09,,15
St. Margarets Practice,2024-06-16,,15
St. Margarets Practice,2024-06-23,,15
St. Margarets Practice,2024-06-30,,15
St. Margarets Practice,2024-07-07,,15
St. Margarets Practice,2024-07-14,,15
St. Margarets Practice,2024-07-21,,15
St. Margarets Practice,2024-07-28,,15
St. Margarets Practice,2024-08-04,,15
St. Margarets Practice,2024-08-11,,15
St. Margarets Practice,2024-08-18,,15
St. Margarets Practice,2024-08-25,,15
St. Margarets Practice,2024-09-01,,15
St. Margarets Practice,2024-09-08,,15
St. Margarets Practice,2024-09-15,,15
St. Margarets Practice,2024-09-22,,15
St. Margarets Practice,2024-09-29,,15
St. Margarets Practice,2024-10-06,,15
St. Margarets Practice,2024-10-13,,15
St. Margarets Practice,2024-10-20,,15
St. Margarets Practice,2024-10-27,,15
St. Margarets Practice,2024-11-03,,15
St. Margarets Practice,2024-11-10,,15
St. Margarets Practice,2024-11-17,,15
St. Margarets Practice,2024-11-24,,15
St. Margarets Practice,2024-12-01,,15
St. Margarets Practice,2024-12-08,,15
St. Margarets Practice,2024-12-15,,15
St. Margarets Practice,2024-12-22,,15
St. Margarets Practice,2024-12-29,,15
St. Margarets Practice,2025-01-05,,15
St. Margarets Practice,2025-01-12,,15
St. Margarets Practice,2025-01-19,,15
St. Margarets Practice,2025-01-26,,15
St. Margarets Practice,2025-02-02,,15
St. Margarets Practice,2025-02-09,,15
St. Margarets Practice,2025-02-16,,15
St. Margarets Practice,2025-02-23,,15
St. Margarets Practice,2025-03-02,,15
St. Margarets Practice,2025-03-09,,15
St. Margarets Practice,2025-03-16,,15
St. Margarets Practice,2025-03-23,,15
St. Margarets Practice,2025-03-30,,15
St. Margarets Practice,2025-04-06,,15
St. Margarets Practice,2025-04-13,,15
St. Margarets Practice,2025-04-20,,15
St. Margarets Practice,2025-04-27,,15
St. Margarets Practice,2025-05-04,,15
St. Margarets Practice,2025-05-11,,15
St. Margarets Practice,2025-05-18,,15
St. Margarets Practice,2025-05-25,,15
St. Margarets Practice,2025-06-01,,15
St. Margarets Practice,2025-06-08,,15
St. Margarets Practice,2025-06-15,,15
St. Margarets Practice,2025-06-22,,15
St. Margarets Practice,2025-06-29,,15
St. Margarets Practice,2025-07-06,,15
St. Margarets Practice,2025-07-13,,15
St. Margarets Practice,2025-07-20,,15
St. Margarets Practice,2025-07-27,,15
St. Margarets Practice,2025-08-03,,15
St. Margarets Practice,2025-08-10,,15
St. Margarets Practice,2025-08-17,,15
St. Margarets Practice,2025-08-24,,15
St. Margarets Practice,2025-08-31,,15
St. Margarets Practice,2025-09-07,,15
St. Margarets Practice,2025-09-14,,15
St. Margarets Practice,2025-09-21,,15
St. Margarets Practice,2025-09-28,,15
St. Margarets Practice,2025-10-05,,15
St. Margarets Practice,2025-10-12,,15
St. Margarets Practice,2025-10-19,,15
St. Margarets Practice,2025-10-26,,15
St. Margarets Practice,2025-11-02,,15
St. Margarets Practice,2025-11-09,,15
St. Margarets Practice,2025-11-16,,15
St. Margarets Practice,2025-11-23,,15
St. Margarets Practice,2025-11-30,,15
St. Margarets Practice,2025-12-07,,15
St. Margarets Practice,2025-12-14,,15
St. Margarets Practice,2025-12-21,,15
St. Margarets Practice,2025-12-28,,15
St. Margarets Practice,2026-01-04,,15
St. Margarets Practice,2026-01-11,,15
St. Margarets Practice,2026-01-18,,15
St. Margarets Practice,2026-01-25,,15
St. Margarets Practice,2026-02-01,,15
St. Margarets Practice,2026-02-08,,15
St. Margarets Practice,2026-02-15,,15
St. Margarets Practice,2026-02-22,,15
St. Margarets Practice,2026-03-01,,15
St. Margarets Practice,2026-03-08,,15
St. Margarets Practice,2026-03-15,,15
St. Margarets Practice,2026-03-22,,15
St. Margarets Practice,2026-03-29,,15
St. Margarets Practice,2026-04-05,,15
St. Margarets Practice,2026-04-12,,15
St. Margarets Practice,2026-04-19,,15
St. Margarets Practice,2026-04-26,,15
St. Margarets Practice,2026-05-03,,15
St. Margarets Practice,2026-05-10,,15
St. Margarets Practice,2026-05-17,,15
St. Margarets Practice,2026-05-24,,15
St. Margarets Practice,2026-05-31,,15
St. Margarets Practice,2026-06-07,,15
St. Peter's Medical Centre,2023-10-08,,0
St. Peter's Medical Centre,2023-11-05,,0
St. Peter's Medical Centre,2023-11-12,,0
St. Peter's Medical Centre,2023-11-19,,0
St. Peter's Medical Centre,2023-11-26,,0
St. Peter's Medical Centre,2023-12-03,,0
St. Peter's Medical Centre,2023-12-10,,0
St. Peter's Medical Centre,2023-12-17,,0
St. Peter's Medical Centre,2023-12-24,,0
St. Peter's Medical Centre,2023-12-31,,0
St. Peter's Medical Centre,2024-01-07,,0
St. Peter's Medical Centre,2024-01-14,,0
St. Peter's Medical Centre,2024-01-21,,0
St. Peter's Medical Centre,2024-01-28,,0
St. Peter's Medical Centre,2024-02-04,,0
St. Peter's Medical Centre,2024-02-11,,0
St. Peter's Medical Centre,2024-02-18,,0
St. Peter's Medical Centre,2024-02-25,,0
St. Peter's Medical Centre,2024-03-03,1,1
St. Peter's Medical Centre,2024-03-10,1,2
St. Peter's Medical Centre,2024-03-17,,2
St. Peter's Medical Centre,2024-03-24,,2
St. Peter's Medical Centre,2024-03-31,,2
St. Peter's Medical Centre,2024-04-07,,2
St. Peter's Medical Centre,2024-04-14,,2
St. Peter's Medical Centre,2024-04-21,,2
St. Peter's Medical Centre,2024-04-28,,2
St. Peter's Medical Centre,2024-05-05,19,21
St. Peter's Medical Centre,2024-05-12,,21
St. Peter's Medical Centre,2024-05-19,1,22
St. Peter's Medical Centre,2024-05-26,,22
St. Peter's Medical Centre,2024-06-02,,22
St. Peter's Medical Centre,2024-06-09,,22
St. Peter's Medical Centre,2024-06-16,,22
St. Peter's Medical Centre,2024-06-23,1,23
St. Peter's Medical Centre,2024-06-30,,23
St. Peter's Medical Centre,2024-07-07,,23
St. Peter's Medical Centre,2024-07-14,3,26
St. Peter's Medical Centre,2024-07-21,,26
St. Peter's Medical Centre,2024-07-28,,26
St. Peter's Medical Centre,2024-08-04,,26
St. Peter's Medical Centre,2024-08-11,,26
St. Peter's Medical Centre,2024-08-18,,26
St. Peter's Medical Centre,2024-08-25,,26
St. Peter's Medical Centre,2024-09-01,,26
St. Peter's Medical Centre,2024-09-08,,26
St. Peter's Medical Centre,2024-09-15,,26
St. Peter's Medical Centre,2024-09-22,,26
St. Peter's Medical Centre,2024-09-29,,26
St. Peter's Medical Centre,2024-10-06,,26
St. Peter's Medical Centre,2024-10-13,,26
St. Peter's Medical Centre,2024-10-20,,26
St. Peter's Medical Centre,2024-10-27,,26
St. Peter's Medical Centre,2024-11-03,,26
St. Peter's Medical Centre,2024-11-10,,26
St. Peter's Medical Centre,2024-11-17,3,29
St. Peter's Medical Centre,2024-11-24,,29
St. Peter's Medical Centre,2024-12-01,,29
St. Peter's Medical Centre,2024-12-08,,29
St. Peter's Medical Centre,2024-12-15,6,35
St. Peter's Medical Centre,2024-12-22,,35
St. Peter's Medical Centre,2024-12-29,,35
St. Peter's Medical Centre,2025-01-05,,35
St. Peter's Medical Centre,2025-01-12,,35
St. Peter's Medical Centre,2025-01-19,,35
St. Peter's Medical Centre,2025-01-26,2,37
St. Peter's Medical Centre,2025-02-02,2,39
St. Peter's Medical Centre,2025-02-09,,39
St. Peter's Medical Centre,2025-02-16,3,42
St. Peter's Medical Centre,2025-02-23,,42
St. Peter's Medical Centre,2025-03-02,8,50
St. Peter's Medical Centre,2025-03-09,1,51
St. Peter's Medical Centre,2025-03-16,3,54
St. Peter's Medical Centre,2025-03-23,10,64
St. Peter's Medical Centre,2025-03-30,1,65
St. Peter's Medical Centre,2025-04-06,,65
St. Peter's Medical Centre,2025-04-13,4,69
St. Peter's Medical Centre,2025-04-20,6,75
St. Peter's Medical Centre,2025-04-27,,75
St. Peter's Medical Centre,2025-05-04,1,76
St. Peter's Medical Centre,2025-05-11,,76
St. Peter's Medical Centre,2025-05-18,1,77
St. Peter's Medical Centre,2025-05-25,,77
St. Peter's Medical Centre,2025-06-01,5,82
St. Peter's Medical Centre,2025-06-08,13,95
St. Peter's Medical Centre,2025-06-15,12,107
St. Peter's Medical Centre,2025-06-22,7,114
St. Peter's Medical Centre,2025-06-29,14,128
St. Peter's Medical Centre,2025-07-06,7,135
St. Peter's Medical Centre,2025-07-13,47,182
St. Peter's Medical Centre,2025-07-20,43,225
St. Peter's Medical Centre,2025-07-27,10,235
St. Peter's Medical Centre,2025-08-03,29,264
St. Peter's Medical Centre,2025-08-10,1,265
St. Peter's Medical Centre,2025-08-17,1,266
St. Peter's Medical Centre,2025-08-24,,266
St. Peter's Medical Centre,2025-08-31,12,278
St. Peter's Medical Centre,2025-09-07,5,283
St. Peter's Medical Centre,2025-09-14,11,294
St. Peter's Medical Centre,2025-09-21,8,302
St. Peter's Medical Centre,2025-09-28,9,311
St. Peter's Medical Centre,2025-10-05,11,322
St. Peter's Medical Centre,2025-10-12,3,325
St. Peter's Medical Centre,2025-10-19,7,332
St. Peter's Medical Centre,2025-10-26,7,339
St. Peter's Medical Centre,2025-11-02,18,357
St. Peter's Medical Centre,2025-11-09,15,372
St. Peter's Medical Centre,2025-11-16,12,384
St. Peter's Medical Centre,2025-11-23,4,388
St. Peter's Medical Centre,2025-11-30,17,405
St. Peter's Medical Centre,2025-12-07,5,410
St. Peter's Medical Centre,2025-12-14,6,416
St. Peter's Medical Centre,2025-12-21,14,430
St. Peter's Medical Centre,2025-12-28,,430
St. Peter's Medical Centre,2026-01-04,,430
St. Peter's Medical Centre,2026-01-11,8,438
St. Peter's Medical Centre,2026-01-18,22,460
St. Peter's Medical Centre,2026-01-25,27,487
St. Peter's Medical Centre,2026-02-01,17,504
St. Peter's Medical Centre,2026-02-08,14,518
St. Peter's Medical Centre,2026-02-15,9,527
St. Peter's Medical Centre,2026-02-22,13,540
St. Peter's Medical Centre,2026-03-01,11,551
St. Peter's Medical Centre,2026-03-08,5,556
St. Peter's Medical Centre,2026-03-15,5,561
St. Peter's Medical Centre,2026-03-22,2,563
St. Peter's Medical Centre,2026-03-29,5,568
St. Peter's Medical Centre,2026-04-05,7,575
St. Peter's Medical Centre,2026-04-12,6,581
St. Peter's Medical Centre,2026-04-19,3,584
St. Peter's Medical Centre,2026-04-26,5,589
St. Peter's Medical Centre,2026-05-03,3,592
St. Peter's Medical Centre,2026-05-10,3,595
St. Peter's Medical Centre,2026-05-17,17,612
St. Peter's Medical Centre,2026-05-24,13,625
St. Peter's Medical Centre,2026-05-31,5,630
St. Peter's Medical Centre,2026-06-07,6,636
Stanley Corner Medical Centre,2023-10-08,,0
Stanley Corner Medical Centre,2023-11-05,,0
Stanley Corner Medical Centre,2023-11-12,,0
Stanley Corner Medical Centre,2023-11-19,11,11
Stanley Corner Medical Centre,2023-11-26,2,13
Stanley Corner Medical Centre,2023-12-03,,13
Stanley Corner Medical Centre,2023-12-10,3,16
Stanley Corner Medical Centre,2023-12-17,1,17
Stanley Corner Medical Centre,2023-12-24,,17
Stanley Corner Medical Centre,2023-12-31,,17
Stanley Corner Medical Centre,2024-01-07,,17
Stanley Corner Medical Centre,2024-01-14,,17
Stanley Corner Medical Centre,2024-01-21,,17
Stanley Corner Medical Centre,2024-01-28,,17
Stanley Corner Medical Centre,2024-02-04,,17
Stanley Corner Medical Centre,2024-02-11,,17
Stanley Corner Medical Centre,2024-02-18,,17
Stanley Corner Medical Centre,2024-02-25,1,18
Stanley Corner Medical Centre,2024-03-03,,18
Stanley Corner Medical Centre,2024-03-10,,18
Stanley Corner Medical Centre,2024-03-17,,18
Stanley Corner Medical Centre,2024-03-24,,18
Stanley Corner Medical Centre,2024-03-31,,18
Stanley Corner Medical Centre,2024-04-07,,18
Stanley Corner Medical Centre,2024-04-14,,18
Stanley Corner Medical Centre,2024-04-21,,18
Stanley Corner Medical Centre,2024-04-28,,18
Stanley Corner Medical Centre,2024-05-05,,18
Stanley Corner Medical Centre,2024-05-12,,18
Stanley Corner Medical Centre,2024-05-19,,18
Stanley Corner Medical Centre,2024-05-26,,18
Stanley Corner Medical Centre,2024-06-02,,18
Stanley Corner Medical Centre,2024-06-09,,18
Stanley Corner Medical Centre,2024-06-16,,18
Stanley Corner Medical Centre,2024-06-23,,18
Stanley Corner Medical Centre,2024-06-30,,18
Stanley Corner Medical Centre,2024-07-07,,18
Stanley Corner Medical Centre,2024-07-14,,18
Stanley Corner Medical Centre,2024-07-21,,18
Stanley Corner Medical Centre,2024-07-28,,18
Stanley Corner Medical Centre,2024-08-04,,18
Stanley Corner Medical Centre,2024-08-11,,18
Stanley Corner Medical Centre,2024-08-18,,18
Stanley Corner Medical Centre,2024-08-25,,18
Stanley Corner Medical Centre,2024-09-01,,18
Stanley Corner Medical Centre,2024-09-08,,18
Stanley Corner Medical Centre,2024-09-15,,18
Stanley Corner Medical Centre,2024-09-22,,18
Stanley Corner Medical Centre,2024-09-29,,18
Stanley Corner Medical Centre,2024-10-06,,18
Stanley Corner Medical Centre,2024-10-13,,18
Stanley Corner Medical Centre,2024-10-20,,18
Stanley Corner Medical Centre,2024-10-27,,18
Stanley Corner Medical Centre,2024-11-03,,18
Stanley Corner Medical Centre,2024-11-10,,18
Stanley Corner Medical Centre,2024-11-17,,18
Stanley Corner Medical Centre,2024-11-24,,18
Stanley Corner Medical Centre,2024-12-01,,18
Stanley Corner Medical Centre,2024-12-08,,18
Stanley Corner Medical Centre,2024-12-15,,18
Stanley Corner Medical Centre,2024-12-22,,18
Stanley Corner Medical Centre,2024-12-29,,18
Stanley Corner Medical Centre,2025-01-05,,18
Stanley Corner Medical Centre,2025-01-12,,18
Stanley Corner Medical Centre,2025-01-19,,18
Stanley Corner Medical Centre,2025-01-26,,18
Stanley Corner Medical Centre,2025-02-02,,18
Stanley Corner Medical Centre,2025-02-09,,18
Stanley Corner Medical Centre,2025-02-16,,18
Stanley Corner Medical Centre,2025-02-23,,18
Stanley Corner Medical Centre,2025-03-02,,18
Stanley Corner Medical Centre,2025-03-09,,18
Stanley Corner Medical Centre,2025-03-16,,18
Stanley Corner Medical Centre,2025-03-23,,18
Stanley Corner Medical Centre,2025-03-30,,18
Stanley Corner Medical Centre,2025-04-06,,18
Stanley Corner Medical Centre,2025-04-13,,18
Stanley Corner Medical Centre,2025-04-20,,18
Stanley Corner Medical Centre,2025-04-27,,18
Stanley Corner Medical Centre,2025-05-04,,18
Stanley Corner Medical Centre,2025-05-11,,18
Stanley Corner Medical Centre,2025-05-18,,18
Stanley Corner Medical Centre,2025-05-25,,18
Stanley Corner Medical Centre,2025-06-01,,18
Stanley Corner Medical Centre,2025-06-08,,18
Stanley Corner Medical Centre,2025-06-15,,18
Stanley Corner Medical Centre,2025-06-22,,18
Stanley Corner Medical Centre,2025-06-29,,18
Stanley Corner Medical Centre,2025-07-06,,18
Stanley Corner Medical Centre,2025-07-13,,18
Stanley Corner Medical Centre,2025-07-20,,18
Stanley Corner Medical Centre,2025-07-27,,18
Stanley Corner Medical Centre,2025-08-03,,18
Stanley Corner Medical Centre,2025-08-10,,18
Stanley Corner Medical Centre,2025-08-17,,18
Stanley Corner Medical Centre,2025-08-24,,18
Stanley Corner Medical Centre,2025-08-31,,18
Stanley Corner Medical Centre,2025-09-07,,18
Stanley Corner Medical Centre,2025-09-14,,18
Stanley Corner Medical Centre,2025-09-21,,18
Stanley Corner Medical Centre,2025-09-28,,18
Stanley Corner Medical Centre,2025-10-05,,18
Stanley Corner Medical Centre,2025-10-12,,18
Stanley Corner Medical Centre,2025-10-19,,18
Stanley Corner Medical Centre,2025-10-26,,18
Stanley Corner Medical Centre,2025-11-02,,18
Stanley Corner Medical Centre,2025-11-09,,18
Stanley Corner Medical Centre,2025-11-16,,18
Stanley Corner Medical Centre,2025-11-23,,18
Stanley Corner Medical Centre,2025-11-30,,18
Stanley Corner Medical Centre,2025-12-07,,18
Stanley Corner Medical Centre,2025-12-14,,18
Stanley Corner Medical Centre,2025-12-21,,18
Stanley Corner Medical Centre,2025-12-28,,18
Stanley Corner Medical Centre,2026-01-04,,18
Stanley Corner Medical Centre,2026-01-11,,18
Stanley Corner Medical Centre,2026-01-18,,18
Stanley Corner Medical Centre,2026-01-25,,18
Stanley Corner Medical Centre,2026-02-01,,18
Stanley Corner Medical Centre,2026-02-08,,18
Stanley Corner Medical Centre,2026-02-15,,18
Stanley Corner Medical Centre,2026-02-22,,18
Stanley Corner Medical Centre,2026-03-01,,18
Stanley Corner Medical Centre,2026-03-08,,18
Stanley Corner Medical Centre,2026-03-15,,18
Stanley Corner Medical Centre,2026-03-22,,18
Stanley Corner Medical Centre,2026-03-29,,18
Stanley Corner Medical Centre,2026-04-05,,18
Stanley Corner Medical Centre,2026-04-12,,18
Stanley Corner Medical Centre,2026-04-19,,18
Stanley Corner Medical Centre,2026-04-26,,18
Stanley Corner Medical Centre,2026-05-03,,18
Stanley Corner Medical Centre,2026-05-10,,18
Stanley Corner Medical Centre,2026-05-17,,18
Stanley Corner Medical Centre,2026-05-24,,18
Stanley Corner Medical Centre,2026-05-31,,18
Stanley Corner Medical Centre,2026-06-07,,18
Sudbury Surgery,2023-10-08,,0
Sudbury Surgery,2023-11-05,,0
Sudbury Surgery,2023-11-12,,0
Sudbury Surgery,2023-11-19,,0
Sudbury Surgery,2023-11-26,,0
Sudbury Surgery,2023-12-03,,0
Sudbury Surgery,2023-12-10,,0
Sudbury Surgery,2023-12-17,,0
Sudbury Surgery,2023-12-24,,0
Sudbury Surgery,2023-12-31,,0
Sudbury Surgery,2024-01-07,,0
Sudbury Surgery,2024-01-14,,0
Sudbury Surgery,2024-01-21,,0
Sudbury Surgery,2024-01-28,,0
Sudbury Surgery,2024-02-04,,0
Sudbury Surgery,2024-02-11,,0
Sudbury Surgery,2024-02-18,,0
Sudbury Surgery,2024-02-25,,0
Sudbury Surgery,2024-03-03,,0
Sudbury Surgery,2024-03-10,,0
Sudbury Surgery,2024-03-17,,0
Sudbury Surgery,2024-03-24,,0
Sudbury Surgery,2024-03-31,,0
Sudbury Surgery,2024-04-07,,0
Sudbury Surgery,2024-04-14,11,11
Sudbury Surgery,2024-04-21,3,14
Sudbury Surgery,2024-04-28,1,15
Sudbury Surgery,2024-05-05,2,17
Sudbury Surgery,2024-05-12,4,21
Sudbury Surgery,2024-05-19,2,23
Sudbury Surgery,2024-05-26,2,25
Sudbury Surgery,2024-06-02,,25
Sudbury Surgery,2024-06-09,2,27
Sudbury Surgery,2024-06-16,1,28
Sudbury Surgery,2024-06-23,,28
Sudbury Surgery,2024-06-30,,28
Sudbury Surgery,2024-07-07,,28
Sudbury Surgery,2024-07-14,,28
Sudbury Surgery,2024-07-21,,28
Sudbury Surgery,2024-07-28,2,30
Sudbury Surgery,2024-08-04,1,31
Sudbury Surgery,2024-08-11,,31
Sudbury Surgery,2024-08-18,,31
Sudbury Surgery,2024-08-25,,31
Sudbury Surgery,2024-09-01,,31
Sudbury Surgery,2024-09-08,,31
Sudbury Surgery,2024-09-15,,31
Sudbury Surgery,2024-09-22,,31
Sudbury Surgery,2024-09-29,,31
Sudbury Surgery,2024-10-06,,31
Sudbury Surgery,2024-10-13,,31
Sudbury Surgery,2024-10-20,5,36
Sudbury Surgery,2024-10-27,2,38
Sudbury Surgery,2024-11-03,3,41
Sudbury Surgery,2024-11-10,,41
Sudbury Surgery,2024-11-17,2,43
Sudbury Surgery,2024-11-24,1,44
Sudbury Surgery,2024-12-01,1,45
Sudbury Surgery,2024-12-08,,45
Sudbury Surgery,2024-12-15,2,47
Sudbury Surgery,2024-12-22,2,49
Sudbury Surgery,2024-12-29,1,50
Sudbury Surgery,2025-01-05,,50
Sudbury Surgery,2025-01-12,,50
Sudbury Surgery,2025-01-19,,50
Sudbury Surgery,2025-01-26,1,51
Sudbury Surgery,2025-02-02,2,53
Sudbury Surgery,2025-02-09,6,59
Sudbury Surgery,2025-02-16,,59
Sudbury Surgery,2025-02-23,,59
Sudbury Surgery,2025-03-02,1,60
Sudbury Surgery,2025-03-09,,60
Sudbury Surgery,2025-03-16,,60
Sudbury Surgery,2025-03-23,,60
Sudbury Surgery,2025-03-30,,60
Sudbury Surgery,2025-04-06,,60
Sudbury Surgery,2025-04-13,,60
Sudbury Surgery,2025-04-20,,60
Sudbury Surgery,2025-04-27,,60
Sudbury Surgery,2025-05-04,,60
Sudbury Surgery,2025-05-11,,60
Sudbury Surgery,2025-05-18,,60
Sudbury Surgery,2025-05-25,,60
Sudbury Surgery,2025-06-01,,60
Sudbury Surgery,2025-06-08,,60
Sudbury Surgery,2025-06-15,,60
Sudbury Surgery,2025-06-22,,60
Sudbury Surgery,2025-06-29,,60
Sudbury Surgery,2025-07-06,,60
Sudbury Surgery,2025-07-13,,60
Sudbury Surgery,2025-07-20,,60
Sudbury Surgery,2025-07-27,,60
Sudbury Surgery,2025-08-03,,60
Sudbury Surgery,2025-08-10,,60
Sudbury Surgery,2025-08-17,,60
Sudbury Surgery,2025-08-24,,60
Sudbury Surgery,2025-08-31,,60
Sudbury Surgery,2025-09-07,,60
Sudbury Surgery,2025-09-14,,60
Sudbury Surgery,2025-09-21,,60
Sudbury Surgery,2025-09-28,,60
Sudbury Surgery,2025-10-05,,60
Sudbury Surgery,2025-10-12,,60
Sudbury Surgery,2025-10-19,,60
Sudbury Surgery,2025-10-26,,60
Sudbury Surgery,2025-11-02,,60
Sudbury Surgery,2025-11-09,,60
Sudbury Surgery,2025-11-16,,60
Sudbury Surgery,2025-11-23,,60
Sudbury Surgery,2025-11-30,,60
Sudbury Surgery,2025-12-07,,60
Sudbury Surgery,2025-12-14,,60
Sudbury Surgery,2025-12-21,,60
Sudbury Surgery,2025-12-28,,60
Sudbury Surgery,2026-01-04,,60
Sudbury Surgery,2026-01-11,,60
Sudbury Surgery,2026-01-18,,60
Sudbury Surgery,2026-01-25,,60
Sudbury Surgery,2026-02-01,,60
Sudbury Surgery,2026-02-08,,60
Sudbury Surgery,2026-02-15,,60
Sudbury Surgery,2026-02-22,,60
Sudbury Surgery,2026-03-01,,60
Sudbury Surgery,2026-03-08,,60
Sudbury Surgery,2026-03-15,,60
Sudbury Surgery,2026-03-22,,60
Sudbury Surgery,2026-03-29,,60
Sudbury Surgery,2026-04-05,,60
Sudbury Surgery,2026-04-12,,60
Sudbury Surgery,2026-04-19,,60
Sudbury Surgery,2026-04-26,,60
Sudbury Surgery,2026-05-03,1,61
Sudbury Surgery,2026-05-10,,61
Sudbury Surgery,2026-05-17,,61
Sudbury Surgery,2026-05-24,,61
Sudbury Surgery,2026-05-31,,61
Sudbury Surgery,2026-06-07,,61
The Chelsea Practice,2023-10-08,,0
The Chelsea Practice,2023-11-05,,0
The Chelsea Practice,2023-11-12,,0
The Chelsea Practice,2023-11-19,15,15
The Chelsea Practice,2023-11-26,11,26
The Chelsea Practice,2023-12-03,12,38
The Chelsea Practice,2023-12-10,4,42
The Chelsea Practice,2023-12-17,3,45
The Chelsea Practice,2023-12-24,3,48
The Chelsea Practice,2023-12-31,,48
The Chelsea Practice,2024-01-07,,48
The Chelsea Practice,2024-01-14,4,52
The Chelsea Practice,2024-01-21,,52
The Chelsea Practice,2024-01-28,,52
The Chelsea Practice,2024-02-04,1,53
The Chelsea Practice,2024-02-11,2,55
The Chelsea Practice,2024-02-18,,55
The Chelsea Practice,2024-02-25,1,56
The Chelsea Practice,2024-03-03,,56
The Chelsea Practice,2024-03-10,,56
The Chelsea Practice,2024-03-17,1,57
The Chelsea Practice,2024-03-24,2,59
The Chelsea Practice,2024-03-31,3,62
The Chelsea Practice,2024-04-07,1,63
The Chelsea Practice,2024-04-14,,63
The Chelsea Practice,2024-04-21,,63
The Chelsea Practice,2024-04-28,,63
The Chelsea Practice,2024-05-05,5,68
The Chelsea Practice,2024-05-12,,68
The Chelsea Practice,2024-05-19,3,71
The Chelsea Practice,2024-05-26,,71
The Chelsea Practice,2024-06-02,,71
The Chelsea Practice,2024-06-09,,71
The Chelsea Practice,2024-06-16,,71
The Chelsea Practice,2024-06-23,,71
The Chelsea Practice,2024-06-30,4,75
The Chelsea Practice,2024-07-07,,75
The Chelsea Practice,2024-07-14,1,76
The Chelsea Practice,2024-07-21,,76
The Chelsea Practice,2024-07-28,,76
The Chelsea Practice,2024-08-04,1,77
The Chelsea Practice,2024-08-11,,77
The Chelsea Practice,2024-08-18,,77
The Chelsea Practice,2024-08-25,,77
The Chelsea Practice,2024-09-01,2,79
The Chelsea Practice,2024-09-08,,79
The Chelsea Practice,2024-09-15,,79
The Chelsea Practice,2024-09-22,,79
The Chelsea Practice,2024-09-29,,79
The Chelsea Practice,2024-10-06,,79
The Chelsea Practice,2024-10-13,,79
The Chelsea Practice,2024-10-20,,79
The Chelsea Practice,2024-10-27,1,80
The Chelsea Practice,2024-11-03,,80
The Chelsea Practice,2024-11-10,,80
The Chelsea Practice,2024-11-17,,80
The Chelsea Practice,2024-11-24,,80
The Chelsea Practice,2024-12-01,,80
The Chelsea Practice,2024-12-08,,80
The Chelsea Practice,2024-12-15,,80
The Chelsea Practice,2024-12-22,,80
The Chelsea Practice,2024-12-29,,80
The Chelsea Practice,2025-01-05,,80
The Chelsea Practice,2025-01-12,,80
The Chelsea Practice,2025-01-19,,80
The Chelsea Practice,2025-01-26,,80
The Chelsea Practice,2025-02-02,,80
The Chelsea Practice,2025-02-09,,80
The Chelsea Practice,2025-02-16,,80
The Chelsea Practice,2025-02-23,,80
The Chelsea Practice,2025-03-02,,80
The Chelsea Practice,2025-03-09,,80
The Chelsea Practice,2025-03-16,,80
The Chelsea Practice,2025-03-23,,80
The Chelsea Practice,2025-03-30,,80
The Chelsea Practice,2025-04-06,,80
The Chelsea Practice,2025-04-13,,80
The Chelsea Practice,2025-04-20,,80
The Chelsea Practice,2025-04-27,,80
The Chelsea Practice,2025-05-04,,80
The Chelsea Practice,2025-05-11,,80
The Chelsea Practice,2025-05-18,,80
The Chelsea Practice,2025-05-25,,80
The Chelsea Practice,2025-06-01,,80
The Chelsea Practice,2025-06-08,,80
The Chelsea Practice,2025-06-15,,80
The Chelsea Practice,2025-06-22,,80
The Chelsea Practice,2025-06-29,1,81
The Chelsea Practice,2025-07-06,,81
The Chelsea Practice,2025-07-13,,81
The Chelsea Practice,2025-07-20,,81
The Chelsea Practice,2025-07-27,,81
The Chelsea Practice,2025-08-03,,81
The Chelsea Practice,2025-08-10,,81
The Chelsea Practice,2025-08-17,,81
The Chelsea Practice,2025-08-24,,81
The Chelsea Practice,2025-08-31,,81
The Chelsea Practice,2025-09-07,,81
The Chelsea Practice,2025-09-14,,81
The Chelsea Practice,2025-09-21,,81
The Chelsea Practice,2025-09-28,,81
The Chelsea Practice,2025-10-05,,81
The Chelsea Practice,2025-10-12,1,82
The Chelsea Practice,2025-10-19,,82
The Chelsea Practice,2025-10-26,,82
The Chelsea Practice,2025-11-02,2,84
The Chelsea Practice,2025-11-09,,84
The Chelsea Practice,2025-11-16,,84
The Chelsea Practice,2025-11-23,,84
The Chelsea Practice,2025-11-30,,84
The Chelsea Practice,2025-12-07,,84
The Chelsea Practice,2025-12-14,,84
The Chelsea Practice,2025-12-21,,84
The Chelsea Practice,2025-12-28,,84
The Chelsea Practice,2026-01-04,,84
The Chelsea Practice,2026-01-11,,84
The Chelsea Practice,2026-01-18,2,86
The Chelsea Practice,2026-01-25,,86
The Chelsea Practice,2026-02-01,,86
The Chelsea Practice,2026-02-08,,86
The Chelsea Practice,2026-02-15,,86
The Chelsea Practice,2026-02-22,,86
The Chelsea Practice,2026-03-01,,86
The Chelsea Practice,2026-03-08,,86
The Chelsea Practice,2026-03-15,,86
The Chelsea Practice,2026-03-22,,86
The Chelsea Practice,2026-03-29,,86
The Chelsea Practice,2026-04-05,,86
The Chelsea Practice,2026-04-12,,86
The Chelsea Practice,2026-04-19,,86
The Chelsea Practice,2026-04-26,,86
The Chelsea Practice,2026-05-03,,86
The Chelsea Practice,2026-05-10,,86
The Chelsea Practice,2026-05-17,,86
The Chelsea Practice,2026-05-24,,86
The Chelsea Practice,2026-05-31,,86
The Chelsea Practice,2026-06-07,,86
The Lilyville Surgery,2023-10-08,,0
The Lilyville Surgery,2023-11-05,,0
The Lilyville Surgery,2023-11-12,4,4
The Lilyville Surgery,2023-11-19,4,8
The Lilyville Surgery,2023-11-26,3,11
The Lilyville Surgery,2023-12-03,,11
The Lilyville Surgery,2023-12-10,1,12
The Lilyville Surgery,2023-12-17,,12
The Lilyville Surgery,2023-12-24,,12
The Lilyville Surgery,2023-12-31,,12
The Lilyville Surgery,2024-01-07,,12
The Lilyville Surgery,2024-01-14,,12
The Lilyville Surgery,2024-01-21,,12
The Lilyville Surgery,2024-01-28,,12
The Lilyville Surgery,2024-02-04,2,14
The Lilyville Surgery,2024-02-11,,14
The Lilyville Surgery,2024-02-18,,14
The Lilyville Surgery,2024-02-25,1,15
The Lilyville Surgery,2024-03-03,,15
The Lilyville Surgery,2024-03-10,,15
The Lilyville Surgery,2024-03-17,,15
The Lilyville Surgery,2024-03-24,,15
The Lilyville Surgery,2024-03-31,,15
The Lilyville Surgery,2024-04-07,,15
The Lilyville Surgery,2024-04-14,,15
The Lilyville Surgery,2024-04-21,,15
The Lilyville Surgery,2024-04-28,,15
The Lilyville Surgery,2024-05-05,,15
The Lilyville Surgery,2024-05-12,,15
The Lilyville Surgery,2024-05-19,,15
The Lilyville Surgery,2024-05-26,,15
The Lilyville Surgery,2024-06-02,,15
The Lilyville Surgery,2024-06-09,,15
The Lilyville Surgery,2024-06-16,,15
The Lilyville Surgery,2024-06-23,,15
The Lilyville Surgery,2024-06-30,,15
The Lilyville Surgery,2024-07-07,,15
The Lilyville Surgery,2024-07-14,,15
The Lilyville Surgery,2024-07-21,,15
The Lilyville Surgery,2024-07-28,,15
The Lilyville Surgery,2024-08-04,,15
The Lilyville Surgery,2024-08-11,,15
The Lilyville Surgery,2024-08-18,,15
The Lilyville Surgery,2024-08-25,,15
The Lilyville Surgery,2024-09-01,,15
The Lilyville Surgery,2024-09-08,,15
The Lilyville Surgery,2024-09-15,,15
The Lilyville Surgery,2024-09-22,,15
The Lilyville Surgery,2024-09-29,,15
The Lilyville Surgery,2024-10-06,,15
The Lilyville Surgery,2024-10-13,,15
The Lilyville Surgery,2024-10-20,,15
The Lilyville Surgery,2024-10-27,,15
The Lilyville Surgery,2024-11-03,,15
The Lilyville Surgery,2024-11-10,,15
The Lilyville Surgery,2024-11-17,,15
The Lilyville Surgery,2024-11-24,,15
The Lilyville Surgery,2024-12-01,,15
The Lilyville Surgery,2024-12-08,,15
The Lilyville Surgery,2024-12-15,,15
The Lilyville Surgery,2024-12-22,,15
The Lilyville Surgery,2024-12-29,,15
The Lilyville Surgery,2025-01-05,,15
The Lilyville Surgery,2025-01-12,,15
The Lilyville Surgery,2025-01-19,,15
The Lilyville Surgery,2025-01-26,,15
The Lilyville Surgery,2025-02-02,,15
The Lilyville Surgery,2025-02-09,,15
The Lilyville Surgery,2025-02-16,2,17
The Lilyville Surgery,2025-02-23,,17
The Lilyville Surgery,2025-03-02,,17
The Lilyville Surgery,2025-03-09,,17
The Lilyville Surgery,2025-03-16,,17
The Lilyville Surgery,2025-03-23,,17
The Lilyville Surgery,2025-03-30,,17
The Lilyville Surgery,2025-04-06,,17
The Lilyville Surgery,2025-04-13,,17
The Lilyville Surgery,2025-04-20,,17
The Lilyville Surgery,2025-04-27,,17
The Lilyville Surgery,2025-05-04,3,20
The Lilyville Surgery,2025-05-11,,20
The Lilyville Surgery,2025-05-18,,20
The Lilyville Surgery,2025-05-25,,20
The Lilyville Surgery,2025-06-01,,20
The Lilyville Surgery,2025-06-08,,20
The Lilyville Surgery,2025-06-15,,20
The Lilyville Surgery,2025-06-22,,20
The Lilyville Surgery,2025-06-29,,20
The Lilyville Surgery,2025-07-06,,20
The Lilyville Surgery,2025-07-13,5,25
The Lilyville Surgery,2025-07-20,2,27
The Lilyville Surgery,2025-07-27,,27
The Lilyville Surgery,2025-08-03,,27
The Lilyville Surgery,2025-08-10,,27
The Lilyville Surgery,2025-08-17,,27
The Lilyville Surgery,2025-08-24,,27
The Lilyville Surgery,2025-08-31,,27
The Lilyville Surgery,2025-09-07,,27
The Lilyville Surgery,2025-09-14,2,29
The Lilyville Surgery,2025-09-21,,29
The Lilyville Surgery,2025-09-28,,29
The Lilyville Surgery,2025-10-05,,29
The Lilyville Surgery,2025-10-12,,29
The Lilyville Surgery,2025-10-19,,29
The Lilyville Surgery,2025-10-26,,29
The Lilyville Surgery,2025-11-02,,29
The Lilyville Surgery,2025-11-09,,29
The Lilyville Surgery,2025-11-16,,29
The Lilyville Surgery,2025-11-23,,29
The Lilyville Surgery,2025-11-30,,29
The Lilyville Surgery,2025-12-07,,29
The Lilyville Surgery,2025-12-14,,29
The Lilyville Surgery,2025-12-21,,29
The Lilyville Surgery,2025-12-28,,29
The Lilyville Surgery,2026-01-04,,29
The Lilyville Surgery,2026-01-11,,29
The Lilyville Surgery,2026-01-18,,29
The Lilyville Surgery,2026-01-25,,29
The Lilyville Surgery,2026-02-01,,29
The Lilyville Surgery,2026-02-08,,29
The Lilyville Surgery,2026-02-15,,29
The Lilyville Surgery,2026-02-22,,29
The Lilyville Surgery,2026-03-01,,29
The Lilyville Surgery,2026-03-08,,29
The Lilyville Surgery,2026-03-15,,29
The Lilyville Surgery,2026-03-22,,29
The Lilyville Surgery,2026-03-29,,29
The Lilyville Surgery,2026-04-05,,29
The Lilyville Surgery,2026-04-12,,29
The Lilyville Surgery,2026-04-19,,29
The Lilyville Surgery,2026-04-26,,29
The Lilyville Surgery,2026-05-03,,29
The Lilyville Surgery,2026-05-10,,29
The Lilyville Surgery,2026-05-17,,29
The Lilyville Surgery,2026-05-24,,29
The Lilyville Surgery,2026-05-31,,29
The Lilyville Surgery,2026-06-07,,29
The Lonsdale Medical Centre,2023-10-08,,0
The Lonsdale Medical Centre,2023-11-05,,0
The Lonsdale Medical Centre,2023-11-12,,0
The Lonsdale Medical Centre,2023-11-19,6,6
The Lonsdale Medical Centre,2023-11-26,1,7
The Lonsdale Medical Centre,2023-12-03,,7
The Lonsdale Medical Centre,2023-12-10,1,8
The Lonsdale Medical Centre,2023-12-17,,8
The Lonsdale Medical Centre,2023-12-24,,8
The Lonsdale Medical Centre,2023-12-31,,8
The Lonsdale Medical Centre,2024-01-07,1,9
The Lonsdale Medical Centre,2024-01-14,,9
The Lonsdale Medical Centre,2024-01-21,,9
The Lonsdale Medical Centre,2024-01-28,,9
The Lonsdale Medical Centre,2024-02-04,2,11
The Lonsdale Medical Centre,2024-02-11,,11
The Lonsdale Medical Centre,2024-02-18,,11
The Lonsdale Medical Centre,2024-02-25,,11
The Lonsdale Medical Centre,2024-03-03,,11
The Lonsdale Medical Centre,2024-03-10,,11
The Lonsdale Medical Centre,2024-03-17,,11
The Lonsdale Medical Centre,2024-03-24,,11
The Lonsdale Medical Centre,2024-03-31,,11
The Lonsdale Medical Centre,2024-04-07,,11
The Lonsdale Medical Centre,2024-04-14,,11
The Lonsdale Medical Centre,2024-04-21,,11
The Lonsdale Medical Centre,2024-04-28,,11
The Lonsdale Medical Centre,2024-05-05,,11
The Lonsdale Medical Centre,2024-05-12,,11
The Lonsdale Medical Centre,2024-05-19,,11
The Lonsdale Medical Centre,2024-05-26,,11
The Lonsdale Medical Centre,2024-06-02,,11
The Lonsdale Medical Centre,2024-06-09,,11
The Lonsdale Medical Centre,2024-06-16,,11
The Lonsdale Medical Centre,2024-06-23,,11
The Lonsdale Medical Centre,2024-06-30,,11
The Lonsdale Medical Centre,2024-07-07,,11
The Lonsdale Medical Centre,2024-07-14,,11
The Lonsdale Medical Centre,2024-07-21,,11
The Lonsdale Medical Centre,2024-07-28,,11
The Lonsdale Medical Centre,2024-08-04,,11
The Lonsdale Medical Centre,2024-08-11,,11
The Lonsdale Medical Centre,2024-08-18,,11
The Lonsdale Medical Centre,2024-08-25,,11
The Lonsdale Medical Centre,2024-09-01,,11
The Lonsdale Medical Centre,2024-09-08,,11
The Lonsdale Medical Centre,2024-09-15,,11
The Lonsdale Medical Centre,2024-09-22,,11
The Lonsdale Medical Centre,2024-09-29,,11
The Lonsdale Medical Centre,2024-10-06,,11
The Lonsdale Medical Centre,2024-10-13,,11
The Lonsdale Medical Centre,2024-10-20,,11
The Lonsdale Medical Centre,2024-10-27,,11
The Lonsdale Medical Centre,2024-11-03,,11
The Lonsdale Medical Centre,2024-11-10,,11
The Lonsdale Medical Centre,2024-11-17,,11
The Lonsdale Medical Centre,2024-11-24,,11
The Lonsdale Medical Centre,2024-12-01,,11
The Lonsdale Medical Centre,2024-12-08,,11
The Lonsdale Medical Centre,2024-12-15,,11
The Lonsdale Medical Centre,2024-12-22,,11
The Lonsdale Medical Centre,2024-12-29,,11
The Lonsdale Medical Centre,2025-01-05,,11
The Lonsdale Medical Centre,2025-01-12,2,13
The Lonsdale Medical Centre,2025-01-19,,13
The Lonsdale Medical Centre,2025-01-26,,13
The Lonsdale Medical Centre,2025-02-02,,13
The Lonsdale Medical Centre,2025-02-09,,13
The Lonsdale Medical Centre,2025-02-16,,13
The Lonsdale Medical Centre,2025-02-23,,13
The Lonsdale Medical Centre,2025-03-02,,13
The Lonsdale Medical Centre,2025-03-09,,13
The Lonsdale Medical Centre,2025-03-16,,13
The Lonsdale Medical Centre,2025-03-23,,13
The Lonsdale Medical Centre,2025-03-30,,13
The Lonsdale Medical Centre,2025-04-06,,13
The Lonsdale Medical Centre,2025-04-13,,13
The Lonsdale Medical Centre,2025-04-20,,13
The Lonsdale Medical Centre,2025-04-27,,13
The Lonsdale Medical Centre,2025-05-04,,13
The Lonsdale Medical Centre,2025-05-11,,13
The Lonsdale Medical Centre,2025-05-18,,13
The Lonsdale Medical Centre,2025-05-25,,13
The Lonsdale Medical Centre,2025-06-01,,13
The Lonsdale Medical Centre,2025-06-08,,13
The Lonsdale Medical Centre,2025-06-15,10,23
The Lonsdale Medical Centre,2025-06-22,,23
The Lonsdale Medical Centre,2025-06-29,,23
The Lonsdale Medical Centre,2025-07-06,,23
The Lonsdale Medical Centre,2025-07-13,,23
The Lonsdale Medical Centre,2025-07-20,,23
The Lonsdale Medical Centre,2025-07-27,,23
The Lonsdale Medical Centre,2025-08-03,,23
The Lonsdale Medical Centre,2025-08-10,,23
The Lonsdale Medical Centre,2025-08-17,,23
The Lonsdale Medical Centre,2025-08-24,,23
The Lonsdale Medical Centre,2025-08-31,,23
The Lonsdale Medical Centre,2025-09-07,,23
The Lonsdale Medical Centre,2025-09-14,,23
The Lonsdale Medical Centre,2025-09-21,,23
The Lonsdale Medical Centre,2025-09-28,,23
The Lonsdale Medical Centre,2025-10-05,,23
The Lonsdale Medical Centre,2025-10-12,,23
The Lonsdale Medical Centre,2025-10-19,,23
The Lonsdale Medical Centre,2025-10-26,,23
The Lonsdale Medical Centre,2025-11-02,,23
The Lonsdale Medical Centre,2025-11-09,,23
The Lonsdale Medical Centre,2025-11-16,1,24
The Lonsdale Medical Centre,2025-11-23,,24
The Lonsdale Medical Centre,2025-11-30,1,25
The Lonsdale Medical Centre,2025-12-07,,25
The Lonsdale Medical Centre,2025-12-14,,25
The Lonsdale Medical Centre,2025-12-21,,25
The Lonsdale Medical Centre,2025-12-28,,25
The Lonsdale Medical Centre,2026-01-04,,25
The Lonsdale Medical Centre,2026-01-11,,25
The Lonsdale Medical Centre,2026-01-18,,25
The Lonsdale Medical Centre,2026-01-25,,25
The Lonsdale Medical Centre,2026-02-01,,25
The Lonsdale Medical Centre,2026-02-08,,25
The Lonsdale Medical Centre,2026-02-15,,25
The Lonsdale Medical Centre,2026-02-22,,25
The Lonsdale Medical Centre,2026-03-01,,25
The Lonsdale Medical Centre,2026-03-08,,25
The Lonsdale Medical Centre,2026-03-15,,25
The Lonsdale Medical Centre,2026-03-22,,25
The Lonsdale Medical Centre,2026-03-29,,25
The Lonsdale Medical Centre,2026-04-05,,25
The Lonsdale Medical Centre,2026-04-12,,25
The Lonsdale Medical Centre,2026-04-19,,25
The Lonsdale Medical Centre,2026-04-26,,25
The Lonsdale Medical Centre,2026-05-03,,25
The Lonsdale Medical Centre,2026-05-10,,25
The Lonsdale Medical Centre,2026-05-17,,25
The Lonsdale Medical Centre,2026-05-24,,25
The Lonsdale Medical Centre,2026-05-31,,25
The Lonsdale Medical Centre,2026-06-07,,25
The Practice Feltham,2023-10-08,,0
The Practice Feltham,2023-11-05,,0
The Practice Feltham,2023-11-12,,0
The Practice Feltham,2023-11-19,,0
The Practice Feltham,2023-11-26,,0
The Practice Feltham,2023-12-03,,0
The Practice Feltham,2023-12-10,,0
The Practice Feltham,2023-12-17,,0
The Practice Feltham,2023-12-24,,0
The Practice Feltham,2023-12-31,,0
The Practice Feltham,2024-01-07,,0
The Practice Feltham,2024-01-14,,0
The Practice Feltham,2024-01-21,,0
The Practice Feltham,2024-01-28,,0
The Practice Feltham,2024-02-04,,0
The Practice Feltham,2024-02-11,,0
The Practice Feltham,2024-02-18,,0
The Practice Feltham,2024-02-25,,0
The Practice Feltham,2024-03-03,,0
The Practice Feltham,2024-03-10,,0
The Practice Feltham,2024-03-17,,0
The Practice Feltham,2024-03-24,17,17
The Practice Feltham,2024-03-31,17,34
The Practice Feltham,2024-04-07,8,42
The Practice Feltham,2024-04-14,5,47
The Practice Feltham,2024-04-21,2,49
The Practice Feltham,2024-04-28,1,50
The Practice Feltham,2024-05-05,2,52
The Practice Feltham,2024-05-12,9,61
The Practice Feltham,2024-05-19,4,65
The Practice Feltham,2024-05-26,3,68
The Practice Feltham,2024-06-02,2,70
The Practice Feltham,2024-06-09,4,74
The Practice Feltham,2024-06-16,3,77
The Practice Feltham,2024-06-23,4,81
The Practice Feltham,2024-06-30,4,85
The Practice Feltham,2024-07-07,,85
The Practice Feltham,2024-07-14,,85
The Practice Feltham,2024-07-21,1,86
The Practice Feltham,2024-07-28,,86
The Practice Feltham,2024-08-04,,86
The Practice Feltham,2024-08-11,2,88
The Practice Feltham,2024-08-18,,88
The Practice Feltham,2024-08-25,,88
The Practice Feltham,2024-09-01,,88
The Practice Feltham,2024-09-08,1,89
The Practice Feltham,2024-09-15,,89
The Practice Feltham,2024-09-22,,89
The Practice Feltham,2024-09-29,,89
The Practice Feltham,2024-10-06,,89
The Practice Feltham,2024-10-13,,89
The Practice Feltham,2024-10-20,,89
The Practice Feltham,2024-10-27,,89
The Practice Feltham,2024-11-03,,89
The Practice Feltham,2024-11-10,1,90
The Practice Feltham,2024-11-17,1,91
The Practice Feltham,2024-11-24,4,95
The Practice Feltham,2024-12-01,,95
The Practice Feltham,2024-12-08,,95
The Practice Feltham,2024-12-15,,95
The Practice Feltham,2024-12-22,1,96
The Practice Feltham,2024-12-29,,96
The Practice Feltham,2025-01-05,,96
The Practice Feltham,2025-01-12,,96
The Practice Feltham,2025-01-19,,96
The Practice Feltham,2025-01-26,,96
The Practice Feltham,2025-02-02,,96
The Practice Feltham,2025-02-09,,96
The Practice Feltham,2025-02-16,,96
The Practice Feltham,2025-02-23,,96
The Practice Feltham,2025-03-02,,96
The Practice Feltham,2025-03-09,,96
The Practice Feltham,2025-03-16,,96
The Practice Feltham,2025-03-23,,96
The Practice Feltham,2025-03-30,,96
The Practice Feltham,2025-04-06,,96
The Practice Feltham,2025-04-13,,96
The Practice Feltham,2025-04-20,,96
The Practice Feltham,2025-04-27,,96
The Practice Feltham,2025-05-04,,96
The Practice Feltham,2025-05-11,,96
The Practice Feltham,2025-05-18,,96
The Practice Feltham,2025-05-25,,96
The Practice Feltham,2025-06-01,,96
The Practice Feltham,2025-06-08,,96
The Practice Feltham,2025-06-15,,96
The Practice Feltham,2025-06-22,,96
The Practice Feltham,2025-06-29,,96
The Practice Feltham,2025-07-06,,96
The Practice Feltham,2025-07-13,,96
The Practice Feltham,2025-07-20,,96
The Practice Feltham,2025-07-27,,96
The Practice Feltham,2025-08-03,,96
The Practice Feltham,2025-08-10,,96
The Practice Feltham,2025-08-17,,96
The Practice Feltham,2025-08-24,,96
The Practice Feltham,2025-08-31,1,97
The Practice Feltham,2025-09-07,,97
The Practice Feltham,2025-09-14,,97
The Practice Feltham,2025-09-21,,97
The Practice Feltham,2025-09-28,,97
The Practice Feltham,2025-10-05,,97
The Practice Feltham,2025-10-12,,97
The Practice Feltham,2025-10-19,,97
The Practice Feltham,2025-10-26,,97
The Practice Feltham,2025-11-02,,97
The Practice Feltham,2025-11-09,,97
The Practice Feltham,2025-11-16,,97
The Practice Feltham,2025-11-23,,97
The Practice Feltham,2025-11-30,,97
The Practice Feltham,2025-12-07,,97
The Practice Feltham,2025-12-14,,97
The Practice Feltham,2025-12-21,,97
The Practice Feltham,2025-12-28,,97
The Practice Feltham,2026-01-04,,97
The Practice Feltham,2026-01-11,,97
The Practice Feltham,2026-01-18,,97
The Practice Feltham,2026-01-25,,97
The Practice Feltham,2026-02-01,,97
The Practice Feltham,2026-02-08,,97
The Practice Feltham,2026-02-15,,97
The Practice Feltham,2026-02-22,,97
The Practice Feltham,2026-03-01,,97
The Practice Feltham,2026-03-08,,97
The Practice Feltham,2026-03-15,,97
The Practice Feltham,2026-03-22,,97
The Practice Feltham,2026-03-29,,97
The Practice Feltham,2026-04-05,,97
The Practice Feltham,2026-04-12,,97
The Practice Feltham,2026-04-19,,97
The Practice Feltham,2026-04-26,,97
The Practice Feltham,2026-05-03,,97
The Practice Feltham,2026-05-10,,97
The Practice Feltham,2026-05-17,,97
The Practice Feltham,2026-05-24,,97
The Practice Feltham,2026-05-31,,97
The Practice Feltham,2026-06-07,,97
The Practice Heart of Hounslow,2023-10-08,,0
The Practice Heart of Hounslow,2023-11-05,,0
The Practice Heart of Hounslow,2023-11-12,,0
The Practice Heart of Hounslow,2023-11-19,,0
The Practice Heart of Hounslow,2023-11-26,,0
The Practice Heart of Hounslow,2023-12-03,,0
The Practice Heart of Hounslow,2023-12-10,,0
The Practice Heart of Hounslow,2023-12-17,,0
The Practice Heart of Hounslow,2023-12-24,,0
The Practice Heart of Hounslow,2023-12-31,,0
The Practice Heart of Hounslow,2024-01-07,,0
The Practice Heart of Hounslow,2024-01-14,,0
The Practice Heart of Hounslow,2024-01-21,,0
The Practice Heart of Hounslow,2024-01-28,,0
The Practice Heart of Hounslow,2024-02-04,,0
The Practice Heart of Hounslow,2024-02-11,,0
The Practice Heart of Hounslow,2024-02-18,,0
The Practice Heart of Hounslow,2024-02-25,,0
The Practice Heart of Hounslow,2024-03-03,,0
The Practice Heart of Hounslow,2024-03-10,,0
The Practice Heart of Hounslow,2024-03-17,,0
The Practice Heart of Hounslow,2024-03-24,,0
The Practice Heart of Hounslow,2024-03-31,7,7
The Practice Heart of Hounslow,2024-04-07,3,10
The Practice Heart of Hounslow,2024-04-14,1,11
The Practice Heart of Hounslow,2024-04-21,1,12
The Practice Heart of Hounslow,2024-04-28,,12
The Practice Heart of Hounslow,2024-05-05,,12
The Practice Heart of Hounslow,2024-05-12,,12
The Practice Heart of Hounslow,2024-05-19,,12
The Practice Heart of Hounslow,2024-05-26,,12
The Practice Heart of Hounslow,2024-06-02,1,13
The Practice Heart of Hounslow,2024-06-09,,13
The Practice Heart of Hounslow,2024-06-16,,13
The Practice Heart of Hounslow,2024-06-23,,13
The Practice Heart of Hounslow,2024-06-30,,13
The Practice Heart of Hounslow,2024-07-07,,13
The Practice Heart of Hounslow,2024-07-14,,13
The Practice Heart of Hounslow,2024-07-21,1,14
The Practice Heart of Hounslow,2024-07-28,,14
The Practice Heart of Hounslow,2024-08-04,,14
The Practice Heart of Hounslow,2024-08-11,,14
The Practice Heart of Hounslow,2024-08-18,,14
The Practice Heart of Hounslow,2024-08-25,,14
The Practice Heart of Hounslow,2024-09-01,,14
The Practice Heart of Hounslow,2024-09-08,,14
The Practice Heart of Hounslow,2024-09-15,1,15
The Practice Heart of Hounslow,2024-09-22,,15
The Practice Heart of Hounslow,2024-09-29,,15
The Practice Heart of Hounslow,2024-10-06,,15
The Practice Heart of Hounslow,2024-10-13,,15
The Practice Heart of Hounslow,2024-10-20,,15
The Practice Heart of Hounslow,2024-10-27,,15
The Practice Heart of Hounslow,2024-11-03,,15
The Practice Heart of Hounslow,2024-11-10,,15
The Practice Heart of Hounslow,2024-11-17,,15
The Practice Heart of Hounslow,2024-11-24,,15
The Practice Heart of Hounslow,2024-12-01,,15
The Practice Heart of Hounslow,2024-12-08,2,17
The Practice Heart of Hounslow,2024-12-15,,17
The Practice Heart of Hounslow,2024-12-22,,17
The Practice Heart of Hounslow,2024-12-29,,17
The Practice Heart of Hounslow,2025-01-05,,17
The Practice Heart of Hounslow,2025-01-12,,17
The Practice Heart of Hounslow,2025-01-19,,17
The Practice Heart of Hounslow,2025-01-26,,17
The Practice Heart of Hounslow,2025-02-02,,17
The Practice Heart of Hounslow,2025-02-09,,17
The Practice Heart of Hounslow,2025-02-16,,17
The Practice Heart of Hounslow,2025-02-23,,17
The Practice Heart of Hounslow,2025-03-02,,17
The Practice Heart of Hounslow,2025-03-09,,17
The Practice Heart of Hounslow,2025-03-16,,17
The Practice Heart of Hounslow,2025-03-23,,17
The Practice Heart of Hounslow,2025-03-30,,17
The Practice Heart of Hounslow,2025-04-06,,17
The Practice Heart of Hounslow,2025-04-13,,17
The Practice Heart of Hounslow,2025-04-20,,17
The Practice Heart of Hounslow,2025-04-27,,17
The Practice Heart of Hounslow,2025-05-04,,17
The Practice Heart of Hounslow,2025-05-11,,17
The Practice Heart of Hounslow,2025-05-18,,17
The Practice Heart of Hounslow,2025-05-25,,17
The Practice Heart of Hounslow,2025-06-01,,17
The Practice Heart of Hounslow,2025-06-08,,17
The Practice Heart of Hounslow,2025-06-15,3,20
The Practice Heart of Hounslow,2025-06-22,2,22
The Practice Heart of Hounslow,2025-06-29,6,28
The Practice Heart of Hounslow,2025-07-06,,28
The Practice Heart of Hounslow,2025-07-13,1,29
The Practice Heart of Hounslow,2025-07-20,,29
The Practice Heart of Hounslow,2025-07-27,1,30
The Practice Heart of Hounslow,2025-08-03,,30
The Practice Heart of Hounslow,2025-08-10,,30
The Practice Heart of Hounslow,2025-08-17,,30
The Practice Heart of Hounslow,2025-08-24,,30
The Practice Heart of Hounslow,2025-08-31,,30
The Practice Heart of Hounslow,2025-09-07,,30
The Practice Heart of Hounslow,2025-09-14,,30
The Practice Heart of Hounslow,2025-09-21,,30
The Practice Heart of Hounslow,2025-09-28,,30
The Practice Heart of Hounslow,2025-10-05,,30
The Practice Heart of Hounslow,2025-10-12,,30
The Practice Heart of Hounslow,2025-10-19,,30
The Practice Heart of Hounslow,2025-10-26,,30
The Practice Heart of Hounslow,2025-11-02,,30
The Practice Heart of Hounslow,2025-11-09,,30
The Practice Heart of Hounslow,2025-11-16,,30
The Practice Heart of Hounslow,2025-11-23,,30
The Practice Heart of Hounslow,2025-11-30,,30
The Practice Heart of Hounslow,2025-12-07,,30
The Practice Heart of Hounslow,2025-12-14,,30
The Practice Heart of Hounslow,2025-12-21,,30
The Practice Heart of Hounslow,2025-12-28,,30
The Practice Heart of Hounslow,2026-01-04,,30
The Practice Heart of Hounslow,2026-01-11,,30
The Practice Heart of Hounslow,2026-01-18,,30
The Practice Heart of Hounslow,2026-01-25,,30
The Practice Heart of Hounslow,2026-02-01,3,33
The Practice Heart of Hounslow,2026-02-08,,33
The Practice Heart of Hounslow,2026-02-15,1,34
The Practice Heart of Hounslow,2026-02-22,,34
The Practice Heart of Hounslow,2026-03-01,,34
The Practice Heart of Hounslow,2026-03-08,,34
The Practice Heart of Hounslow,2026-03-15,,34
The Practice Heart of Hounslow,2026-03-22,,34
The Practice Heart of Hounslow,2026-03-29,,34
The Practice Heart of Hounslow,2026-04-05,,34
The Practice Heart of Hounslow,2026-04-12,,34
The Practice Heart of Hounslow,2026-04-19,,34
The Practice Heart of Hounslow,2026-04-26,,34
The Practice Heart of Hounslow,2026-05-03,,34
The Practice Heart of Hounslow,2026-05-10,,34
The Practice Heart of Hounslow,2026-05-17,,34
The Practice Heart of Hounslow,2026-05-24,,34
The Practice Heart of Hounslow,2026-05-31,,34
The Practice Heart of Hounslow,2026-06-07,,34
The Southall Medical Centre,2023-10-08,,0
The Southall Medical Centre,2023-11-05,,0
The Southall Medical Centre,2023-11-12,1,1
The Southall Medical Centre,2023-11-19,,1
The Southall Medical Centre,2023-11-26,,1
The Southall Medical Centre,2023-12-03,,1
The Southall Medical Centre,2023-12-10,,1
The Southall Medical Centre,2023-12-17,,1
The Southall Medical Centre,2023-12-24,,1
The Southall Medical Centre,2023-12-31,,1
The Southall Medical Centre,2024-01-07,,1
The Southall Medical Centre,2024-01-14,,1
The Southall Medical Centre,2024-01-21,,1
The Southall Medical Centre,2024-01-28,,1
The Southall Medical Centre,2024-02-04,,1
The Southall Medical Centre,2024-02-11,,1
The Southall Medical Centre,2024-02-18,,1
The Southall Medical Centre,2024-02-25,,1
The Southall Medical Centre,2024-03-03,,1
The Southall Medical Centre,2024-03-10,,1
The Southall Medical Centre,2024-03-17,,1
The Southall Medical Centre,2024-03-24,,1
The Southall Medical Centre,2024-03-31,,1
The Southall Medical Centre,2024-04-07,,1
The Southall Medical Centre,2024-04-14,,1
The Southall Medical Centre,2024-04-21,,1
The Southall Medical Centre,2024-04-28,,1
The Southall Medical Centre,2024-05-05,,1
The Southall Medical Centre,2024-05-12,,1
The Southall Medical Centre,2024-05-19,,1
The Southall Medical Centre,2024-05-26,,1
The Southall Medical Centre,2024-06-02,,1
The Southall Medical Centre,2024-06-09,,1
The Southall Medical Centre,2024-06-16,,1
The Southall Medical Centre,2024-06-23,,1
The Southall Medical Centre,2024-06-30,,1
The Southall Medical Centre,2024-07-07,,1
The Southall Medical Centre,2024-07-14,,1
The Southall Medical Centre,2024-07-21,,1
The Southall Medical Centre,2024-07-28,,1
The Southall Medical Centre,2024-08-04,,1
The Southall Medical Centre,2024-08-11,,1
The Southall Medical Centre,2024-08-18,,1
The Southall Medical Centre,2024-08-25,,1
The Southall Medical Centre,2024-09-01,,1
The Southall Medical Centre,2024-09-08,,1
The Southall Medical Centre,2024-09-15,,1
The Southall Medical Centre,2024-09-22,,1
The Southall Medical Centre,2024-09-29,,1
The Southall Medical Centre,2024-10-06,,1
The Southall Medical Centre,2024-10-13,,1
The Southall Medical Centre,2024-10-20,,1
The Southall Medical Centre,2024-10-27,,1
The Southall Medical Centre,2024-11-03,,1
The Southall Medical Centre,2024-11-10,,1
The Southall Medical Centre,2024-11-17,,1
The Southall Medical Centre,2024-11-24,,1
The Southall Medical Centre,2024-12-01,,1
The Southall Medical Centre,2024-12-08,,1
The Southall Medical Centre,2024-12-15,,1
The Southall Medical Centre,2024-12-22,,1
The Southall Medical Centre,2024-12-29,,1
The Southall Medical Centre,2025-01-05,,1
The Southall Medical Centre,2025-01-12,,1
The Southall Medical Centre,2025-01-19,,1
The Southall Medical Centre,2025-01-26,,1
The Southall Medical Centre,2025-02-02,,1
The Southall Medical Centre,2025-02-09,,1
The Southall Medical Centre,2025-02-16,,1
The Southall Medical Centre,2025-02-23,,1
The Southall Medical Centre,2025-03-02,,1
The Southall Medical Centre,2025-03-09,,1
The Southall Medical Centre,2025-03-16,,1
The Southall Medical Centre,2025-03-23,,1
The Southall Medical Centre,2025-03-30,,1
The Southall Medical Centre,2025-04-06,,1
The Southall Medical Centre,2025-04-13,,1
The Southall Medical Centre,2025-04-20,,1
The Southall Medical Centre,2025-04-27,,1
The Southall Medical Centre,2025-05-04,,1
The Southall Medical Centre,2025-05-11,,1
The Southall Medical Centre,2025-05-18,,1
The Southall Medical Centre,2025-05-25,,1
The Southall Medical Centre,2025-06-01,,1
The Southall Medical Centre,2025-06-08,,1
The Southall Medical Centre,2025-06-15,,1
The Southall Medical Centre,2025-06-22,,1
The Southall Medical Centre,2025-06-29,,1
The Southall Medical Centre,2025-07-06,,1
The Southall Medical Centre,2025-07-13,,1
The Southall Medical Centre,2025-07-20,,1
The Southall Medical Centre,2025-07-27,,1
The Southall Medical Centre,2025-08-03,,1
The Southall Medical Centre,2025-08-10,,1
The Southall Medical Centre,2025-08-17,,1
The Southall Medical Centre,2025-08-24,,1
The Southall Medical Centre,2025-08-31,,1
The Southall Medical Centre,2025-09-07,,1
The Southall Medical Centre,2025-09-14,,1
The Southall Medical Centre,2025-09-21,,1
The Southall Medical Centre,2025-09-28,,1
The Southall Medical Centre,2025-10-05,,1
The Southall Medical Centre,2025-10-12,,1
The Southall Medical Centre,2025-10-19,,1
The Southall Medical Centre,2025-10-26,,1
The Southall Medical Centre,2025-11-02,,1
The Southall Medical Centre,2025-11-09,,1
The Southall Medical Centre,2025-11-16,,1
The Southall Medical Centre,2025-11-23,,1
The Southall Medical Centre,2025-11-30,,1
The Southall Medical Centre,2025-12-07,,1
The Southall Medical Centre,2025-12-14,,1
The Southall Medical Centre,2025-12-21,,1
The Southall Medical Centre,2025-12-28,,1
The Southall Medical Centre,2026-01-04,,1
The Southall Medical Centre,2026-01-11,,1
The Southall Medical Centre,2026-01-18,,1
The Southall Medical Centre,2026-01-25,,1
The Southall Medical Centre,2026-02-01,,1
The Southall Medical Centre,2026-02-08,,1
The Southall Medical Centre,2026-02-15,,1
The Southall Medical Centre,2026-02-22,,1
The Southall Medical Centre,2026-03-01,,1
The Southall Medical Centre,2026-03-08,,1
The Southall Medical Centre,2026-03-15,,1
The Southall Medical Centre,2026-03-22,,1
The Southall Medical Centre,2026-03-29,,1
The Southall Medical Centre,2026-04-05,,1
The Southall Medical Centre,2026-04-12,,1
The Southall Medical Centre,2026-04-19,,1
The Southall Medical Centre,2026-04-26,,1
The Southall Medical Centre,2026-05-03,,1
The Southall Medical Centre,2026-05-10,,1
The Southall Medical Centre,2026-05-17,,1
The Southall Medical Centre,2026-05-24,,1
The Southall Medical Centre,2026-05-31,,1
The Southall Medical Centre,2026-06-07,,1
The Westway Surgery,2023-10-08,,0
The Westway Surgery,2023-11-05,,0
The Westway Surgery,2023-11-12,22,22
The Westway Surgery,2023-11-19,7,29
The Westway Surgery,2023-11-26,3,32
The Westway Surgery,2023-12-03,9,41
The Westway Surgery,2023-12-10,1,42
The Westway Surgery,2023-12-17,,42
The Westway Surgery,2023-12-24,2,44
The Westway Surgery,2023-12-31,1,45
The Westway Surgery,2024-01-07,2,47
The Westway Surgery,2024-01-14,3,50
The Westway Surgery,2024-01-21,,50
The Westway Surgery,2024-01-28,8,58
The Westway Surgery,2024-02-04,1,59
The Westway Surgery,2024-02-11,3,62
The Westway Surgery,2024-02-18,2,64
The Westway Surgery,2024-02-25,1,65
The Westway Surgery,2024-03-03,3,68
The Westway Surgery,2024-03-10,2,70
The Westway Surgery,2024-03-17,4,74
The Westway Surgery,2024-03-24,4,78
The Westway Surgery,2024-03-31,3,81
The Westway Surgery,2024-04-07,4,85
The Westway Surgery,2024-04-14,2,87
The Westway Surgery,2024-04-21,2,89
The Westway Surgery,2024-04-28,4,93
The Westway Surgery,2024-05-05,3,96
The Westway Surgery,2024-05-12,1,97
The Westway Surgery,2024-05-19,16,113
The Westway Surgery,2024-05-26,15,128
The Westway Surgery,2024-06-02,6,134
The Westway Surgery,2024-06-09,2,136
The Westway Surgery,2024-06-16,3,139
The Westway Surgery,2024-06-23,4,143
The Westway Surgery,2024-06-30,9,152
The Westway Surgery,2024-07-07,21,173
The Westway Surgery,2024-07-14,15,188
The Westway Surgery,2024-07-21,8,196
The Westway Surgery,2024-07-28,10,206
The Westway Surgery,2024-08-04,22,228
The Westway Surgery,2024-08-11,21,249
The Westway Surgery,2024-08-18,19,268
The Westway Surgery,2024-08-25,11,279
The Westway Surgery,2024-09-01,4,283
The Westway Surgery,2024-09-08,2,285
The Westway Surgery,2024-09-15,9,294
The Westway Surgery,2024-09-22,7,301
The Westway Surgery,2024-09-29,,301
The Westway Surgery,2024-10-06,2,303
The Westway Surgery,2024-10-13,1,304
The Westway Surgery,2024-10-20,,304
The Westway Surgery,2024-10-27,2,306
The Westway Surgery,2024-11-03,2,308
The Westway Surgery,2024-11-10,3,311
The Westway Surgery,2024-11-17,,311
The Westway Surgery,2024-11-24,,311
The Westway Surgery,2024-12-01,1,312
The Westway Surgery,2024-12-08,1,313
The Westway Surgery,2024-12-15,4,317
The Westway Surgery,2024-12-22,2,319
The Westway Surgery,2024-12-29,5,324
The Westway Surgery,2025-01-05,2,326
The Westway Surgery,2025-01-12,3,329
The Westway Surgery,2025-01-19,1,330
The Westway Surgery,2025-01-26,2,332
The Westway Surgery,2025-02-02,1,333
The Westway Surgery,2025-02-09,3,336
The Westway Surgery,2025-02-16,,336
The Westway Surgery,2025-02-23,1,337
The Westway Surgery,2025-03-02,,337
The Westway Surgery,2025-03-09,,337
The Westway Surgery,2025-03-16,5,342
The Westway Surgery,2025-03-23,,342
The Westway Surgery,2025-03-30,,342
The Westway Surgery,2025-04-06,1,343
The Westway Surgery,2025-04-13,,343
The Westway Surgery,2025-04-20,,343
The Westway Surgery,2025-04-27,,343
The Westway Surgery,2025-05-04,2,345
The Westway Surgery,2025-05-11,1,346
The Westway Surgery,2025-05-18,1,347
The Westway Surgery,2025-05-25,3,350
The Westway Surgery,2025-06-01,7,357
The Westway Surgery,2025-06-08,2,359
The Westway Surgery,2025-06-15,1,360
The Westway Surgery,2025-06-22,2,362
The Westway Surgery,2025-06-29,2,364
The Westway Surgery,2025-07-06,1,365
The Westway Surgery,2025-07-13,,365
The Westway Surgery,2025-07-20,,365
The Westway Surgery,2025-07-27,1,366
The Westway Surgery,2025-08-03,4,370
The Westway Surgery,2025-08-10,,370
The Westway Surgery,2025-08-17,2,372
The Westway Surgery,2025-08-24,,372
The Westway Surgery,2025-08-31,1,373
The Westway Surgery,2025-09-07,1,374
The Westway Surgery,2025-09-14,2,376
The Westway Surgery,2025-09-21,4,380
The Westway Surgery,2025-09-28,,380
The Westway Surgery,2025-10-05,2,382
The Westway Surgery,2025-10-12,1,383
The Westway Surgery,2025-10-19,,383
The Westway Surgery,2025-10-26,,383
The Westway Surgery,2025-11-02,,383
The Westway Surgery,2025-11-09,,383
The Westway Surgery,2025-11-16,3,386
The Westway Surgery,2025-11-23,,386
The Westway Surgery,2025-11-30,4,390
The Westway Surgery,2025-12-07,,390
The Westway Surgery,2025-12-14,2,392
The Westway Surgery,2025-12-21,6,398
The Westway Surgery,2025-12-28,,398
The Westway Surgery,2026-01-04,,398
The Westway Surgery,2026-01-11,,398
The Westway Surgery,2026-01-18,2,400
The Westway Surgery,2026-01-25,1,401
The Westway Surgery,2026-02-01,1,402
The Westway Surgery,2026-02-08,2,404
The Westway Surgery,2026-02-15,3,407
The Westway Surgery,2026-02-22,,407
The Westway Surgery,2026-03-01,1,408
The Westway Surgery,2026-03-08,1,409
The Westway Surgery,2026-03-15,1,410
The Westway Surgery,2026-03-22,1,411
The Westway Surgery,2026-03-29,,411
The Westway Surgery,2026-04-05,,411
The Westway Surgery,2026-04-12,,411
The Westway Surgery,2026-04-19,,411
The Westway Surgery,2026-04-26,,411
The Westway Surgery,2026-05-03,,411
The Westway Surgery,2026-05-10,,411
The Westway Surgery,2026-05-17,,411
The Westway Surgery,2026-05-24,,411
The Westway Surgery,2026-05-31,1,412
The Westway Surgery,2026-06-07,,412
The Willesden Medical Centre,2023-10-08,,0
The Willesden Medical Centre,2023-11-05,47,47
The Willesden Medical Centre,2023-11-12,20,67
The Willesden Medical Centre,2023-11-19,18,85
The Willesden Medical Centre,2023-11-26,23,108
The Willesden Medical Centre,2023-12-03,21,129
The Willesden Medical Centre,2023-12-10,19,148
The Willesden Medical Centre,2023-12-17,10,158
The Willesden Medical Centre,2023-12-24,22,180
The Willesden Medical Centre,2023-12-31,21,201
The Willesden Medical Centre,2024-01-07,27,228
The Willesden Medical Centre,2024-01-14,16,244
The Willesden Medical Centre,2024-01-21,7,251
The Willesden Medical Centre,2024-01-28,18,269
The Willesden Medical Centre,2024-02-04,7,276
The Willesden Medical Centre,2024-02-11,9,285
The Willesden Medical Centre,2024-02-18,6,291
The Willesden Medical Centre,2024-02-25,4,295
The Willesden Medical Centre,2024-03-03,7,302
The Willesden Medical Centre,2024-03-10,3,305
The Willesden Medical Centre,2024-03-17,3,308
The Willesden Medical Centre,2024-03-24,3,311
The Willesden Medical Centre,2024-03-31,8,319
The Willesden Medical Centre,2024-04-07,,319
The Willesden Medical Centre,2024-04-14,3,322
The Willesden Medical Centre,2024-04-21,6,328
The Willesden Medical Centre,2024-04-28,11,339
The Willesden Medical Centre,2024-05-05,1,340
The Willesden Medical Centre,2024-05-12,9,349
The Willesden Medical Centre,2024-05-19,14,363
The Willesden Medical Centre,2024-05-26,5,368
The Willesden Medical Centre,2024-06-02,1,369
The Willesden Medical Centre,2024-06-09,4,373
The Willesden Medical Centre,2024-06-16,2,375
The Willesden Medical Centre,2024-06-23,5,380
The Willesden Medical Centre,2024-06-30,5,385
The Willesden Medical Centre,2024-07-07,2,387
The Willesden Medical Centre,2024-07-14,,387
The Willesden Medical Centre,2024-07-21,,387
The Willesden Medical Centre,2024-07-28,2,389
The Willesden Medical Centre,2024-08-04,,389
The Willesden Medical Centre,2024-08-11,,389
The Willesden Medical Centre,2024-08-18,6,395
The Willesden Medical Centre,2024-08-25,8,403
The Willesden Medical Centre,2024-09-01,3,406
The Willesden Medical Centre,2024-09-08,1,407
The Willesden Medical Centre,2024-09-15,,407
The Willesden Medical Centre,2024-09-22,1,408
The Willesden Medical Centre,2024-09-29,3,411
The Willesden Medical Centre,2024-10-06,3,414
The Willesden Medical Centre,2024-10-13,,414
The Willesden Medical Centre,2024-10-20,,414
The Willesden Medical Centre,2024-10-27,,414
The Willesden Medical Centre,2024-11-03,5,419
The Willesden Medical Centre,2024-11-10,,419
The Willesden Medical Centre,2024-11-17,,419
The Willesden Medical Centre,2024-11-24,,419
The Willesden Medical Centre,2024-12-01,,419
The Willesden Medical Centre,2024-12-08,,419
The Willesden Medical Centre,2024-12-15,6,425
The Willesden Medical Centre,2024-12-22,1,426
The Willesden Medical Centre,2024-12-29,3,429
The Willesden Medical Centre,2025-01-05,,429
The Willesden Medical Centre,2025-01-12,2,431
The Willesden Medical Centre,2025-01-19,1,432
The Willesden Medical Centre,2025-01-26,1,433
The Willesden Medical Centre,2025-02-02,,433
The Willesden Medical Centre,2025-02-09,2,435
The Willesden Medical Centre,2025-02-16,,435
The Willesden Medical Centre,2025-02-23,1,436
The Willesden Medical Centre,2025-03-02,,436
The Willesden Medical Centre,2025-03-09,,436
The Willesden Medical Centre,2025-03-16,1,437
The Willesden Medical Centre,2025-03-23,,437
The Willesden Medical Centre,2025-03-30,6,443
The Willesden Medical Centre,2025-04-06,5,448
The Willesden Medical Centre,2025-04-13,,448
The Willesden Medical Centre,2025-04-20,15,463
The Willesden Medical Centre,2025-04-27,3,466
The Willesden Medical Centre,2025-05-04,,466
The Willesden Medical Centre,2025-05-11,2,468
The Willesden Medical Centre,2025-05-18,2,470
The Willesden Medical Centre,2025-05-25,,470
The Willesden Medical Centre,2025-06-01,,470
The Willesden Medical Centre,2025-06-08,1,471
The Willesden Medical Centre,2025-06-15,1,472
The Willesden Medical Centre,2025-06-22,,472
The Willesden Medical Centre,2025-06-29,,472
The Willesden Medical Centre,2025-07-06,,472
The Willesden Medical Centre,2025-07-13,2,474
The Willesden Medical Centre,2025-07-20,1,475
The Willesden Medical Centre,2025-07-27,2,477
The Willesden Medical Centre,2025-08-03,,477
The Willesden Medical Centre,2025-08-10,,477
The Willesden Medical Centre,2025-08-17,2,479
The Willesden Medical Centre,2025-08-24,1,480
The Willesden Medical Centre,2025-08-31,2,482
The Willesden Medical Centre,2025-09-07,1,483
The Willesden Medical Centre,2025-09-14,3,486
The Willesden Medical Centre,2025-09-21,1,487
The Willesden Medical Centre,2025-09-28,,487
The Willesden Medical Centre,2025-10-05,2,489
The Willesden Medical Centre,2025-10-12,1,490
The Willesden Medical Centre,2025-10-19,,490
The Willesden Medical Centre,2025-10-26,3,493
The Willesden Medical Centre,2025-11-02,1,494
The Willesden Medical Centre,2025-11-09,,494
The Willesden Medical Centre,2025-11-16,,494
The Willesden Medical Centre,2025-11-23,1,495
The Willesden Medical Centre,2025-11-30,4,499
The Willesden Medical Centre,2025-12-07,,499
The Willesden Medical Centre,2025-12-14,1,500
The Willesden Medical Centre,2025-12-21,2,502
The Willesden Medical Centre,2025-12-28,,502
The Willesden Medical Centre,2026-01-04,,502
The Willesden Medical Centre,2026-01-11,,502
The Willesden Medical Centre,2026-01-18,,502
The Willesden Medical Centre,2026-01-25,,502
The Willesden Medical Centre,2026-02-01,,502
The Willesden Medical Centre,2026-02-08,1,503
The Willesden Medical Centre,2026-02-15,6,509
The Willesden Medical Centre,2026-02-22,3,512
The Willesden Medical Centre,2026-03-01,,512
The Willesden Medical Centre,2026-03-08,11,523
The Willesden Medical Centre,2026-03-15,1,524
The Willesden Medical Centre,2026-03-22,1,525
The Willesden Medical Centre,2026-03-29,,525
The Willesden Medical Centre,2026-04-05,2,527
The Willesden Medical Centre,2026-04-12,,527
The Willesden Medical Centre,2026-04-19,1,528
The Willesden Medical Centre,2026-04-26,,528
The Willesden Medical Centre,2026-05-03,,528
The Willesden Medical Centre,2026-05-10,,528
The Willesden Medical Centre,2026-05-17,,528
The Willesden Medical Centre,2026-05-24,,528
The Willesden Medical Centre,2026-05-31,,528
The Willesden Medical Centre,2026-06-07,,528
Townfield Doctors Surgery,2023-10-08,,0
Townfield Doctors Surgery,2023-11-05,,0
Townfield Doctors Surgery,2023-11-12,15,15
Townfield Doctors Surgery,2023-11-19,24,39
Townfield Doctors Surgery,2023-11-26,5,44
Townfield Doctors Surgery,2023-12-03,5,49
Townfield Doctors Surgery,2023-12-10,8,57
Townfield Doctors Surgery,2023-12-17,,57
Townfield Doctors Surgery,2023-12-24,,57
Townfield Doctors Surgery,2023-12-31,,57
Townfield Doctors Surgery,2024-01-07,,57
Townfield Doctors Surgery,2024-01-14,1,58
Townfield Doctors Surgery,2024-01-21,2,60
Townfield Doctors Surgery,2024-01-28,,60
Townfield Doctors Surgery,2024-02-04,1,61
Townfield Doctors Surgery,2024-02-11,3,64
Townfield Doctors Surgery,2024-02-18,1,65
Townfield Doctors Surgery,2024-02-25,3,68
Townfield Doctors Surgery,2024-03-03,2,70
Townfield Doctors Surgery,2024-03-10,13,83
Townfield Doctors Surgery,2024-03-17,6,89
Townfield Doctors Surgery,2024-03-24,3,92
Townfield Doctors Surgery,2024-03-31,5,97
Townfield Doctors Surgery,2024-04-07,,97
Townfield Doctors Surgery,2024-04-14,,97
Townfield Doctors Surgery,2024-04-21,2,99
Townfield Doctors Surgery,2024-04-28,1,100
Townfield Doctors Surgery,2024-05-05,,100
Townfield Doctors Surgery,2024-05-12,4,104
Townfield Doctors Surgery,2024-05-19,16,120
Townfield Doctors Surgery,2024-05-26,4,124
Townfield Doctors Surgery,2024-06-02,3,127
Townfield Doctors Surgery,2024-06-09,15,142
Townfield Doctors Surgery,2024-06-16,22,164
Townfield Doctors Surgery,2024-06-23,13,177
Townfield Doctors Surgery,2024-06-30,2,179
Townfield Doctors Surgery,2024-07-07,11,190
Townfield Doctors Surgery,2024-07-14,10,200
Townfield Doctors Surgery,2024-07-21,20,220
Townfield Doctors Surgery,2024-07-28,4,224
Townfield Doctors Surgery,2024-08-04,4,228
Townfield Doctors Surgery,2024-08-11,9,237
Townfield Doctors Surgery,2024-08-18,1,238
Townfield Doctors Surgery,2024-08-25,,238
Townfield Doctors Surgery,2024-09-01,,238
Townfield Doctors Surgery,2024-09-08,,238
Townfield Doctors Surgery,2024-09-15,4,242
Townfield Doctors Surgery,2024-09-22,3,245
Townfield Doctors Surgery,2024-09-29,1,246
Townfield Doctors Surgery,2024-10-06,,246
Townfield Doctors Surgery,2024-10-13,2,248
Townfield Doctors Surgery,2024-10-20,,248
Townfield Doctors Surgery,2024-10-27,2,250
Townfield Doctors Surgery,2024-11-03,,250
Townfield Doctors Surgery,2024-11-10,,250
Townfield Doctors Surgery,2024-11-17,1,251
Townfield Doctors Surgery,2024-11-24,1,252
Townfield Doctors Surgery,2024-12-01,,252
Townfield Doctors Surgery,2024-12-08,,252
Townfield Doctors Surgery,2024-12-15,,252
Townfield Doctors Surgery,2024-12-22,1,253
Townfield Doctors Surgery,2024-12-29,,253
Townfield Doctors Surgery,2025-01-05,,253
Townfield Doctors Surgery,2025-01-12,1,254
Townfield Doctors Surgery,2025-01-19,,254
Townfield Doctors Surgery,2025-01-26,,254
Townfield Doctors Surgery,2025-02-02,1,255
Townfield Doctors Surgery,2025-02-09,3,258
Townfield Doctors Surgery,2025-02-16,6,264
Townfield Doctors Surgery,2025-02-23,,264
Townfield Doctors Surgery,2025-03-02,,264
Townfield Doctors Surgery,2025-03-09,1,265
Townfield Doctors Surgery,2025-03-16,,265
Townfield Doctors Surgery,2025-03-23,,265
Townfield Doctors Surgery,2025-03-30,,265
Townfield Doctors Surgery,2025-04-06,,265
Townfield Doctors Surgery,2025-04-13,,265
Townfield Doctors Surgery,2025-04-20,,265
Townfield Doctors Surgery,2025-04-27,,265
Townfield Doctors Surgery,2025-05-04,,265
Townfield Doctors Surgery,2025-05-11,,265
Townfield Doctors Surgery,2025-05-18,,265
Townfield Doctors Surgery,2025-05-25,,265
Townfield Doctors Surgery,2025-06-01,1,266
Townfield Doctors Surgery,2025-06-08,,266
Townfield Doctors Surgery,2025-06-15,,266
Townfield Doctors Surgery,2025-06-22,,266
Townfield Doctors Surgery,2025-06-29,,266
Townfield Doctors Surgery,2025-07-06,,266
Townfield Doctors Surgery,2025-07-13,,266
Townfield Doctors Surgery,2025-07-20,,266
Townfield Doctors Surgery,2025-07-27,,266
Townfield Doctors Surgery,2025-08-03,,266
Townfield Doctors Surgery,2025-08-10,,266
Townfield Doctors Surgery,2025-08-17,,266
Townfield Doctors Surgery,2025-08-24,1,267
Townfield Doctors Surgery,2025-08-31,,267
Townfield Doctors Surgery,2025-09-07,,267
Townfield Doctors Surgery,2025-09-14,,267
Townfield Doctors Surgery,2025-09-21,,267
Townfield Doctors Surgery,2025-09-28,,267
Townfield Doctors Surgery,2025-10-05,,267
Townfield Doctors Surgery,2025-10-12,1,268
Townfield Doctors Surgery,2025-10-19,,268
Townfield Doctors Surgery,2025-10-26,,268
Townfield Doctors Surgery,2025-11-02,,268
Townfield Doctors Surgery,2025-11-09,,268
Townfield Doctors Surgery,2025-11-16,,268
Townfield Doctors Surgery,2025-11-23,,268
Townfield Doctors Surgery,2025-11-30,,268
Townfield Doctors Surgery,2025-12-07,,268
Townfield Doctors Surgery,2025-12-14,,268
Townfield Doctors Surgery,2025-12-21,,268
Townfield Doctors Surgery,2025-12-28,,268
Townfield Doctors Surgery,2026-01-04,,268
Townfield Doctors Surgery,2026-01-11,,268
Townfield Doctors Surgery,2026-01-18,,268
Townfield Doctors Surgery,2026-01-25,,268
Townfield Doctors Surgery,2026-02-01,,268
Townfield Doctors Surgery,2026-02-08,,268
Townfield Doctors Surgery,2026-02-15,,268
Townfield Doctors Surgery,2026-02-22,,268
Townfield Doctors Surgery,2026-03-01,5,273
Townfield Doctors Surgery,2026-03-08,,273
Townfield Doctors Surgery,2026-03-15,,273
Townfield Doctors Surgery,2026-03-22,8,281
Townfield Doctors Surgery,2026-03-29,,281
Townfield Doctors Surgery,2026-04-05,1,282
Townfield Doctors Surgery,2026-04-12,,282
Townfield Doctors Surgery,2026-04-19,,282
Townfield Doctors Surgery,2026-04-26,,282
Townfield Doctors Surgery,2026-05-03,,282
Townfield Doctors Surgery,2026-05-10,,282
Townfield Doctors Surgery,2026-05-17,,282
Townfield Doctors Surgery,2026-05-24,,282
Townfield Doctors Surgery,2026-05-31,,282
Townfield Doctors Surgery,2026-06-07,,282
Uxendon Crescent Surgery,2023-10-08,,0
Uxendon Crescent Surgery,2023-11-05,,0
Uxendon Crescent Surgery,2023-11-12,,0
Uxendon Crescent Surgery,2023-11-19,,0
Uxendon Crescent Surgery,2023-11-26,1,1
Uxendon Crescent Surgery,2023-12-03,10,11
Uxendon Crescent Surgery,2023-12-10,,11
Uxendon Crescent Surgery,2023-12-17,2,13
Uxendon Crescent Surgery,2023-12-24,2,15
Uxendon Crescent Surgery,2023-12-31,,15
Uxendon Crescent Surgery,2024-01-07,,15
Uxendon Crescent Surgery,2024-01-14,,15
Uxendon Crescent Surgery,2024-01-21,,15
Uxendon Crescent Surgery,2024-01-28,,15
Uxendon Crescent Surgery,2024-02-04,,15
Uxendon Crescent Surgery,2024-02-11,,15
Uxendon Crescent Surgery,2024-02-18,,15
Uxendon Crescent Surgery,2024-02-25,,15
Uxendon Crescent Surgery,2024-03-03,,15
Uxendon Crescent Surgery,2024-03-10,,15
Uxendon Crescent Surgery,2024-03-17,,15
Uxendon Crescent Surgery,2024-03-24,,15
Uxendon Crescent Surgery,2024-03-31,,15
Uxendon Crescent Surgery,2024-04-07,,15
Uxendon Crescent Surgery,2024-04-14,,15
Uxendon Crescent Surgery,2024-04-21,,15
Uxendon Crescent Surgery,2024-04-28,,15
Uxendon Crescent Surgery,2024-05-05,,15
Uxendon Crescent Surgery,2024-05-12,,15
Uxendon Crescent Surgery,2024-05-19,,15
Uxendon Crescent Surgery,2024-05-26,,15
Uxendon Crescent Surgery,2024-06-02,,15
Uxendon Crescent Surgery,2024-06-09,,15
Uxendon Crescent Surgery,2024-06-16,,15
Uxendon Crescent Surgery,2024-06-23,15,30
Uxendon Crescent Surgery,2024-06-30,,30
Uxendon Crescent Surgery,2024-07-07,,30
Uxendon Crescent Surgery,2024-07-14,,30
Uxendon Crescent Surgery,2024-07-21,,30
Uxendon Crescent Surgery,2024-07-28,,30
Uxendon Crescent Surgery,2024-08-04,,30
Uxendon Crescent Surgery,2024-08-11,,30
Uxendon Crescent Surgery,2024-08-18,,30
Uxendon Crescent Surgery,2024-08-25,,30
Uxendon Crescent Surgery,2024-09-01,,30
Uxendon Crescent Surgery,2024-09-08,,30
Uxendon Crescent Surgery,2024-09-15,,30
Uxendon Crescent Surgery,2024-09-22,,30
Uxendon Crescent Surgery,2024-09-29,,30
Uxendon Crescent Surgery,2024-10-06,,30
Uxendon Crescent Surgery,2024-10-13,,30
Uxendon Crescent Surgery,2024-10-20,,30
Uxendon Crescent Surgery,2024-10-27,,30
Uxendon Crescent Surgery,2024-11-03,,30
Uxendon Crescent Surgery,2024-11-10,,30
Uxendon Crescent Surgery,2024-11-17,,30
Uxendon Crescent Surgery,2024-11-24,,30
Uxendon Crescent Surgery,2024-12-01,,30
Uxendon Crescent Surgery,2024-12-08,,30
Uxendon Crescent Surgery,2024-12-15,,30
Uxendon Crescent Surgery,2024-12-22,,30
Uxendon Crescent Surgery,2024-12-29,,30
Uxendon Crescent Surgery,2025-01-05,,30
Uxendon Crescent Surgery,2025-01-12,,30
Uxendon Crescent Surgery,2025-01-19,,30
Uxendon Crescent Surgery,2025-01-26,,30
Uxendon Crescent Surgery,2025-02-02,,30
Uxendon Crescent Surgery,2025-02-09,,30
Uxendon Crescent Surgery,2025-02-16,,30
Uxendon Crescent Surgery,2025-02-23,,30
Uxendon Crescent Surgery,2025-03-02,,30
Uxendon Crescent Surgery,2025-03-09,,30
Uxendon Crescent Surgery,2025-03-16,,30
Uxendon Crescent Surgery,2025-03-23,,30
Uxendon Crescent Surgery,2025-03-30,,30
Uxendon Crescent Surgery,2025-04-06,,30
Uxendon Crescent Surgery,2025-04-13,,30
Uxendon Crescent Surgery,2025-04-20,,30
Uxendon Crescent Surgery,2025-04-27,,30
Uxendon Crescent Surgery,2025-05-04,,30
Uxendon Crescent Surgery,2025-05-11,,30
Uxendon Crescent Surgery,2025-05-18,,30
Uxendon Crescent Surgery,2025-05-25,,30
Uxendon Crescent Surgery,2025-06-01,,30
Uxendon Crescent Surgery,2025-06-08,,30
Uxendon Crescent Surgery,2025-06-15,,30
Uxendon Crescent Surgery,2025-06-22,,30
Uxendon Crescent Surgery,2025-06-29,,30
Uxendon Crescent Surgery,2025-07-06,,30
Uxendon Crescent Surgery,2025-07-13,,30
Uxendon Crescent Surgery,2025-07-20,,30
Uxendon Crescent Surgery,2025-07-27,,30
Uxendon Crescent Surgery,2025-08-03,,30
Uxendon Crescent Surgery,2025-08-10,,30
Uxendon Crescent Surgery,2025-08-17,,30
Uxendon Crescent Surgery,2025-08-24,,30
Uxendon Crescent Surgery,2025-08-31,,30
Uxendon Crescent Surgery,2025-09-07,,30
Uxendon Crescent Surgery,2025-09-14,,30
Uxendon Crescent Surgery,2025-09-21,,30
Uxendon Crescent Surgery,2025-09-28,,30
Uxendon Crescent Surgery,2025-10-05,,30
Uxendon Crescent Surgery,2025-10-12,,30
Uxendon Crescent Surgery,2025-10-19,,30
Uxendon Crescent Surgery,2025-10-26,,30
Uxendon Crescent Surgery,2025-11-02,,30
Uxendon Crescent Surgery,2025-11-09,,30
Uxendon Crescent Surgery,2025-11-16,,30
Uxendon Crescent Surgery,2025-11-23,,30
Uxendon Crescent Surgery,2025-11-30,,30
Uxendon Crescent Surgery,2025-12-07,,30
Uxendon Crescent Surgery,2025-12-14,,30
Uxendon Crescent Surgery,2025-12-21,,30
Uxendon Crescent Surgery,2025-12-28,,30
Uxendon Crescent Surgery,2026-01-04,,30
Uxendon Crescent Surgery,2026-01-11,,30
Uxendon Crescent Surgery,2026-01-18,,30
Uxendon Crescent Surgery,2026-01-25,,30
Uxendon Crescent Surgery,2026-02-01,,30
Uxendon Crescent Surgery,2026-02-08,,30
Uxendon Crescent Surgery,2026-02-15,,30
Uxendon Crescent Surgery,2026-02-22,,30
Uxendon Crescent Surgery,2026-03-01,,30
Uxendon Crescent Surgery,2026-03-08,,30
Uxendon Crescent Surgery,2026-03-15,,30
Uxendon Crescent Surgery,2026-03-22,,30
Uxendon Crescent Surgery,2026-03-29,,30
Uxendon Crescent Surgery,2026-04-05,,30
Uxendon Crescent Surgery,2026-04-12,,30
Uxendon Crescent Surgery,2026-04-19,,30
Uxendon Crescent Surgery,2026-04-26,,30
Uxendon Crescent Surgery,2026-05-03,,30
Uxendon Crescent Surgery,2026-05-10,,30
Uxendon Crescent Surgery,2026-05-17,,30
Uxendon Crescent Surgery,2026-05-24,,30
Uxendon Crescent Surgery,2026-05-31,,30
Uxendon Crescent Surgery,2026-06-07,,30
Victoria Medical Centre,2023-10-08,,0
Victoria Medical Centre,2023-11-05,,0
Victoria Medical Centre,2023-11-12,,0
Victoria Medical Centre,2023-11-19,,0
Victoria Medical Centre,2023-11-26,,0
Victoria Medical Centre,2023-12-03,,0
Victoria Medical Centre,2023-12-10,,0
Victoria Medical Centre,2023-12-17,,0
Victoria Medical Centre,2023-12-24,,0
Victoria Medical Centre,2023-12-31,,0
Victoria Medical Centre,2024-01-07,,0
Victoria Medical Centre,2024-01-14,,0
Victoria Medical Centre,2024-01-21,,0
Victoria Medical Centre,2024-01-28,,0
Victoria Medical Centre,2024-02-04,,0
Victoria Medical Centre,2024-02-11,,0
Victoria Medical Centre,2024-02-18,,0
Victoria Medical Centre,2024-02-25,,0
Victoria Medical Centre,2024-03-03,,0
Victoria Medical Centre,2024-03-10,,0
Victoria Medical Centre,2024-03-17,,0
Victoria Medical Centre,2024-03-24,,0
Victoria Medical Centre,2024-03-31,,0
Victoria Medical Centre,2024-04-07,,0
Victoria Medical Centre,2024-04-14,,0
Victoria Medical Centre,2024-04-21,,0
Victoria Medical Centre,2024-04-28,,0
Victoria Medical Centre,2024-05-05,,0
Victoria Medical Centre,2024-05-12,,0
Victoria Medical Centre,2024-05-19,,0
Victoria Medical Centre,2024-05-26,,0
Victoria Medical Centre,2024-06-02,,0
Victoria Medical Centre,2024-06-09,20,20
Victoria Medical Centre,2024-06-16,11,31
Victoria Medical Centre,2024-06-23,2,33
Victoria Medical Centre,2024-06-30,2,35
Victoria Medical Centre,2024-07-07,11,46
Victoria Medical Centre,2024-07-14,7,53
Victoria Medical Centre,2024-07-21,1,54
Victoria Medical Centre,2024-07-28,13,67
Victoria Medical Centre,2024-08-04,22,89
Victoria Medical Centre,2024-08-11,3,92
Victoria Medical Centre,2024-08-18,14,106
Victoria Medical Centre,2024-08-25,,106
Victoria Medical Centre,2024-09-01,1,107
Victoria Medical Centre,2024-09-08,,107
Victoria Medical Centre,2024-09-15,3,110
Victoria Medical Centre,2024-09-22,5,115
Victoria Medical Centre,2024-09-29,3,118
Victoria Medical Centre,2024-10-06,2,120
Victoria Medical Centre,2024-10-13,1,121
Victoria Medical Centre,2024-10-20,3,124
Victoria Medical Centre,2024-10-27,1,125
Victoria Medical Centre,2024-11-03,,125
Victoria Medical Centre,2024-11-10,,125
Victoria Medical Centre,2024-11-17,2,127
Victoria Medical Centre,2024-11-24,1,128
Victoria Medical Centre,2024-12-01,2,130
Victoria Medical Centre,2024-12-08,4,134
Victoria Medical Centre,2024-12-15,3,137
Victoria Medical Centre,2024-12-22,3,140
Victoria Medical Centre,2024-12-29,,140
Victoria Medical Centre,2025-01-05,1,141
Victoria Medical Centre,2025-01-12,1,142
Victoria Medical Centre,2025-01-19,5,147
Victoria Medical Centre,2025-01-26,,147
Victoria Medical Centre,2025-02-02,2,149
Victoria Medical Centre,2025-02-09,1,150
Victoria Medical Centre,2025-02-16,,150
Victoria Medical Centre,2025-02-23,3,153
Victoria Medical Centre,2025-03-02,,153
Victoria Medical Centre,2025-03-09,2,155
Victoria Medical Centre,2025-03-16,,155
Victoria Medical Centre,2025-03-23,,155
Victoria Medical Centre,2025-03-30,1,156
Victoria Medical Centre,2025-04-06,,156
Victoria Medical Centre,2025-04-13,2,158
Victoria Medical Centre,2025-04-20,,158
Victoria Medical Centre,2025-04-27,2,160
Victoria Medical Centre,2025-05-04,2,162
Victoria Medical Centre,2025-05-11,2,164
Victoria Medical Centre,2025-05-18,8,172
Victoria Medical Centre,2025-05-25,5,177
Victoria Medical Centre,2025-06-01,1,178
Victoria Medical Centre,2025-06-08,3,181
Victoria Medical Centre,2025-06-15,1,182
Victoria Medical Centre,2025-06-22,4,186
Victoria Medical Centre,2025-06-29,6,192
Victoria Medical Centre,2025-07-06,8,200
Victoria Medical Centre,2025-07-13,3,203
Victoria Medical Centre,2025-07-20,4,207
Victoria Medical Centre,2025-07-27,,207
Victoria Medical Centre,2025-08-03,1,208
Victoria Medical Centre,2025-08-10,,208
Victoria Medical Centre,2025-08-17,3,211
Victoria Medical Centre,2025-08-24,,211
Victoria Medical Centre,2025-08-31,2,213
Victoria Medical Centre,2025-09-07,1,214
Victoria Medical Centre,2025-09-14,1,215
Victoria Medical Centre,2025-09-21,1,216
Victoria Medical Centre,2025-09-28,,216
Victoria Medical Centre,2025-10-05,,216
Victoria Medical Centre,2025-10-12,,216
Victoria Medical Centre,2025-10-19,3,219
Victoria Medical Centre,2025-10-26,,219
Victoria Medical Centre,2025-11-02,,219
Victoria Medical Centre,2025-11-09,,219
Victoria Medical Centre,2025-11-16,,219
Victoria Medical Centre,2025-11-23,1,220
Victoria Medical Centre,2025-11-30,1,221
Victoria Medical Centre,2025-12-07,,221
Victoria Medical Centre,2025-12-14,,221
Victoria Medical Centre,2025-12-21,1,222
Victoria Medical Centre,2025-12-28,,222
Victoria Medical Centre,2026-01-04,,222
Victoria Medical Centre,2026-01-11,1,223
Victoria Medical Centre,2026-01-18,,223
Victoria Medical Centre,2026-01-25,1,224
Victoria Medical Centre,2026-02-01,,224
Victoria Medical Centre,2026-02-08,,224
Victoria Medical Centre,2026-02-15,,224
Victoria Medical Centre,2026-02-22,1,225
Victoria Medical Centre,2026-03-01,,225
Victoria Medical Centre,2026-03-08,,225
Victoria Medical Centre,2026-03-15,,225
Victoria Medical Centre,2026-03-22,,225
Victoria Medical Centre,2026-03-29,,225
Victoria Medical Centre,2026-04-05,,225
Victoria Medical Centre,2026-04-12,,225
Victoria Medical Centre,2026-04-19,1,226
Victoria Medical Centre,2026-04-26,,226
Victoria Medical Centre,2026-05-03,,226
Victoria Medical Centre,2026-05-10,,226
Victoria Medical Centre,2026-05-17,,226
Victoria Medical Centre,2026-05-24,,226
Victoria Medical Centre,2026-05-31,,226
Victoria Medical Centre,2026-06-07,,226
Walnut Way Surgery,2023-10-08,,0
Walnut Way Surgery,2023-11-05,,0
Walnut Way Surgery,2023-11-12,,0
Walnut Way Surgery,2023-11-19,,0
Walnut Way Surgery,2023-11-26,,0
Walnut Way Surgery,2023-12-03,,0
Walnut Way Surgery,2023-12-10,,0
Walnut Way Surgery,2023-12-17,,0
Walnut Way Surgery,2023-12-24,,0
Walnut Way Surgery,2023-12-31,,0
Walnut Way Surgery,2024-01-07,,0
Walnut Way Surgery,2024-01-14,,0
Walnut Way Surgery,2024-01-21,,0
Walnut Way Surgery,2024-01-28,,0
Walnut Way Surgery,2024-02-04,,0
Walnut Way Surgery,2024-02-11,,0
Walnut Way Surgery,2024-02-18,,0
Walnut Way Surgery,2024-02-25,,0
Walnut Way Surgery,2024-03-03,,0
Walnut Way Surgery,2024-03-10,,0
Walnut Way Surgery,2024-03-17,,0
Walnut Way Surgery,2024-03-24,,0
Walnut Way Surgery,2024-03-31,,0
Walnut Way Surgery,2024-04-07,,0
Walnut Way Surgery,2024-04-14,,0
Walnut Way Surgery,2024-04-21,,0
Walnut Way Surgery,2024-04-28,1,1
Walnut Way Surgery,2024-05-05,3,4
Walnut Way Surgery,2024-05-12,,4
Walnut Way Surgery,2024-05-19,,4
Walnut Way Surgery,2024-05-26,,4
Walnut Way Surgery,2024-06-02,,4
Walnut Way Surgery,2024-06-09,,4
Walnut Way Surgery,2024-06-16,,4
Walnut Way Surgery,2024-06-23,,4
Walnut Way Surgery,2024-06-30,,4
Walnut Way Surgery,2024-07-07,,4
Walnut Way Surgery,2024-07-14,,4
Walnut Way Surgery,2024-07-21,,4
Walnut Way Surgery,2024-07-28,,4
Walnut Way Surgery,2024-08-04,,4
Walnut Way Surgery,2024-08-11,,4
Walnut Way Surgery,2024-08-18,,4
Walnut Way Surgery,2024-08-25,,4
Walnut Way Surgery,2024-09-01,,4
Walnut Way Surgery,2024-09-08,,4
Walnut Way Surgery,2024-09-15,,4
Walnut Way Surgery,2024-09-22,,4
Walnut Way Surgery,2024-09-29,,4
Walnut Way Surgery,2024-10-06,,4
Walnut Way Surgery,2024-10-13,,4
Walnut Way Surgery,2024-10-20,,4
Walnut Way Surgery,2024-10-27,,4
Walnut Way Surgery,2024-11-03,,4
Walnut Way Surgery,2024-11-10,3,7
Walnut Way Surgery,2024-11-17,1,8
Walnut Way Surgery,2024-11-24,7,15
Walnut Way Surgery,2024-12-01,2,17
Walnut Way Surgery,2024-12-08,5,22
Walnut Way Surgery,2024-12-15,11,33
Walnut Way Surgery,2024-12-22,,33
Walnut Way Surgery,2024-12-29,,33
Walnut Way Surgery,2025-01-05,,33
Walnut Way Surgery,2025-01-12,,33
Walnut Way Surgery,2025-01-19,,33
Walnut Way Surgery,2025-01-26,,33
Walnut Way Surgery,2025-02-02,,33
Walnut Way Surgery,2025-02-09,2,35
Walnut Way Surgery,2025-02-16,1,36
Walnut Way Surgery,2025-02-23,,36
Walnut Way Surgery,2025-03-02,,36
Walnut Way Surgery,2025-03-09,1,37
Walnut Way Surgery,2025-03-16,,37
Walnut Way Surgery,2025-03-23,,37
Walnut Way Surgery,2025-03-30,,37
Walnut Way Surgery,2025-04-06,,37
Walnut Way Surgery,2025-04-13,,37
Walnut Way Surgery,2025-04-20,,37
Walnut Way Surgery,2025-04-27,,37
Walnut Way Surgery,2025-05-04,,37
Walnut Way Surgery,2025-05-11,,37
Walnut Way Surgery,2025-05-18,,37
Walnut Way Surgery,2025-05-25,,37
Walnut Way Surgery,2025-06-01,,37
Walnut Way Surgery,2025-06-08,,37
Walnut Way Surgery,2025-06-15,,37
Walnut Way Surgery,2025-06-22,,37
Walnut Way Surgery,2025-06-29,,37
Walnut Way Surgery,2025-07-06,,37
Walnut Way Surgery,2025-07-13,,37
Walnut Way Surgery,2025-07-20,,37
Walnut Way Surgery,2025-07-27,,37
Walnut Way Surgery,2025-08-03,,37
Walnut Way Surgery,2025-08-10,,37
Walnut Way Surgery,2025-08-17,,37
Walnut Way Surgery,2025-08-24,,37
Walnut Way Surgery,2025-08-31,,37
Walnut Way Surgery,2025-09-07,,37
Walnut Way Surgery,2025-09-14,,37
Walnut Way Surgery,2025-09-21,,37
Walnut Way Surgery,2025-09-28,,37
Walnut Way Surgery,2025-10-05,,37
Walnut Way Surgery,2025-10-12,,37
Walnut Way Surgery,2025-10-19,,37
Walnut Way Surgery,2025-10-26,,37
Walnut Way Surgery,2025-11-02,,37
Walnut Way Surgery,2025-11-09,,37
Walnut Way Surgery,2025-11-16,,37
Walnut Way Surgery,2025-11-23,,37
Walnut Way Surgery,2025-11-30,,37
Walnut Way Surgery,2025-12-07,,37
Walnut Way Surgery,2025-12-14,,37
Walnut Way Surgery,2025-12-21,,37
Walnut Way Surgery,2025-12-28,,37
Walnut Way Surgery,2026-01-04,,37
Walnut Way Surgery,2026-01-11,,37
Walnut Way Surgery,2026-01-18,,37
Walnut Way Surgery,2026-01-25,5,42
Walnut Way Surgery,2026-02-01,,42
Walnut Way Surgery,2026-02-08,,42
Walnut Way Surgery,2026-02-15,2,44
Walnut Way Surgery,2026-02-22,,44
Walnut Way Surgery,2026-03-01,,44
Walnut Way Surgery,2026-03-08,,44
Walnut Way Surgery,2026-03-15,,44
Walnut Way Surgery,2026-03-22,,44
Walnut Way Surgery,2026-03-29,,44
Walnut Way Surgery,2026-04-05,,44
Walnut Way Surgery,2026-04-12,,44
Walnut Way Surgery,2026-04-19,,44
Walnut Way Surgery,2026-04-26,,44
Walnut Way Surgery,2026-05-03,,44
Walnut Way Surgery,2026-05-10,,44
Walnut Way Surgery,2026-05-17,,44
Walnut Way Surgery,2026-05-24,,44
Walnut Way Surgery,2026-05-31,,44
Walnut Way Surgery,2026-06-07,,44
Warren Practice,2023-10-08,,0
Warren Practice,2023-11-05,,0
Warren Practice,2023-11-12,,0
Warren Practice,2023-11-19,,0
Warren Practice,2023-11-26,,0
Warren Practice,2023-12-03,,0
Warren Practice,2023-12-10,,0
Warren Practice,2023-12-17,,0
Warren Practice,2023-12-24,,0
Warren Practice,2023-12-31,,0
Warren Practice,2024-01-07,,0
Warren Practice,2024-01-14,,0
Warren Practice,2024-01-21,,0
Warren Practice,2024-01-28,,0
Warren Practice,2024-02-04,,0
Warren Practice,2024-02-11,,0
Warren Practice,2024-02-18,,0
Warren Practice,2024-02-25,,0
Warren Practice,2024-03-03,,0
Warren Practice,2024-03-10,,0
Warren Practice,2024-03-17,,0
Warren Practice,2024-03-24,,0
Warren Practice,2024-03-31,,0
Warren Practice,2024-04-07,,0
Warren Practice,2024-04-14,,0
Warren Practice,2024-04-21,,0
Warren Practice,2024-04-28,,0
Warren Practice,2024-05-05,,0
Warren Practice,2024-05-12,,0
Warren Practice,2024-05-19,,0
Warren Practice,2024-05-26,8,8
Warren Practice,2024-06-02,,8
Warren Practice,2024-06-09,,8
Warren Practice,2024-06-16,,8
Warren Practice,2024-06-23,,8
Warren Practice,2024-06-30,,8
Warren Practice,2024-07-07,1,9
Warren Practice,2024-07-14,,9
Warren Practice,2024-07-21,,9
Warren Practice,2024-07-28,1,10
Warren Practice,2024-08-04,3,13
Warren Practice,2024-08-11,2,15
Warren Practice,2024-08-18,,15
Warren Practice,2024-08-25,,15
Warren Practice,2024-09-01,,15
Warren Practice,2024-09-08,3,18
Warren Practice,2024-09-15,2,20
Warren Practice,2024-09-22,2,22
Warren Practice,2024-09-29,2,24
Warren Practice,2024-10-06,1,25
Warren Practice,2024-10-13,3,28
Warren Practice,2024-10-20,,28
Warren Practice,2024-10-27,1,29
Warren Practice,2024-11-03,,29
Warren Practice,2024-11-10,,29
Warren Practice,2024-11-17,,29
Warren Practice,2024-11-24,3,32
Warren Practice,2024-12-01,1,33
Warren Practice,2024-12-08,,33
Warren Practice,2024-12-15,,33
Warren Practice,2024-12-22,2,35
Warren Practice,2024-12-29,,35
Warren Practice,2025-01-05,,35
Warren Practice,2025-01-12,,35
Warren Practice,2025-01-19,,35
Warren Practice,2025-01-26,2,37
Warren Practice,2025-02-02,,37
Warren Practice,2025-02-09,,37
Warren Practice,2025-02-16,,37
Warren Practice,2025-02-23,,37
Warren Practice,2025-03-02,,37
Warren Practice,2025-03-09,,37
Warren Practice,2025-03-16,,37
Warren Practice,2025-03-23,,37
Warren Practice,2025-03-30,,37
Warren Practice,2025-04-06,,37
Warren Practice,2025-04-13,,37
Warren Practice,2025-04-20,,37
Warren Practice,2025-04-27,,37
Warren Practice,2025-05-04,,37
Warren Practice,2025-05-11,,37
Warren Practice,2025-05-18,1,38
Warren Practice,2025-05-25,,38
Warren Practice,2025-06-01,,38
Warren Practice,2025-06-08,1,39
Warren Practice,2025-06-15,1,40
Warren Practice,2025-06-22,,40
Warren Practice,2025-06-29,,40
Warren Practice,2025-07-06,,40
Warren Practice,2025-07-13,,40
Warren Practice,2025-07-20,,40
Warren Practice,2025-07-27,,40
Warren Practice,2025-08-03,,40
Warren Practice,2025-08-10,,40
Warren Practice,2025-08-17,,40
Warren Practice,2025-08-24,,40
Warren Practice,2025-08-31,,40
Warren Practice,2025-09-07,,40
Warren Practice,2025-09-14,,40
Warren Practice,2025-09-21,,40
Warren Practice,2025-09-28,,40
Warren Practice,2025-10-05,,40
Warren Practice,2025-10-12,,40
Warren Practice,2025-10-19,,40
Warren Practice,2025-10-26,,40
Warren Practice,2025-11-02,,40
Warren Practice,2025-11-09,,40
Warren Practice,2025-11-16,,40
Warren Practice,2025-11-23,,40
Warren Practice,2025-11-30,,40
Warren Practice,2025-12-07,,40
Warren Practice,2025-12-14,,40
Warren Practice,2025-12-21,,40
Warren Practice,2025-12-28,,40
Warren Practice,2026-01-04,,40
Warren Practice,2026-01-11,,40
Warren Practice,2026-01-18,,40
Warren Practice,2026-01-25,,40
Warren Practice,2026-02-01,,40
Warren Practice,2026-02-08,,40
Warren Practice,2026-02-15,,40
Warren Practice,2026-02-22,,40
Warren Practice,2026-03-01,,40
Warren Practice,2026-03-08,,40
Warren Practice,2026-03-15,,40
Warren Practice,2026-03-22,,40
Warren Practice,2026-03-29,,40
Warren Practice,2026-04-05,,40
Warren Practice,2026-04-12,,40
Warren Practice,2026-04-19,,40
Warren Practice,2026-04-26,,40
Warren Practice,2026-05-03,,40
Warren Practice,2026-05-10,,40
Warren Practice,2026-05-17,,40
Warren Practice,2026-05-24,,40
Warren Practice,2026-05-31,,40
Warren Practice,2026-06-07,,40
Wembley Park Drive Medical Centre,2023-10-08,,0
Wembley Park Drive Medical Centre,2023-11-05,,0
Wembley Park Drive Medical Centre,2023-11-12,,0
Wembley Park Drive Medical Centre,2023-11-19,,0
Wembley Park Drive Medical Centre,2023-11-26,1,1
Wembley Park Drive Medical Centre,2023-12-03,22,23
Wembley Park Drive Medical Centre,2023-12-10,5,28
Wembley Park Drive Medical Centre,2023-12-17,12,40
Wembley Park Drive Medical Centre,2023-12-24,15,55
Wembley Park Drive Medical Centre,2023-12-31,2,57
Wembley Park Drive Medical Centre,2024-01-07,2,59
Wembley Park Drive Medical Centre,2024-01-14,4,63
Wembley Park Drive Medical Centre,2024-01-21,1,64
Wembley Park Drive Medical Centre,2024-01-28,6,70
Wembley Park Drive Medical Centre,2024-02-04,1,71
Wembley Park Drive Medical Centre,2024-02-11,3,74
Wembley Park Drive Medical Centre,2024-02-18,2,76
Wembley Park Drive Medical Centre,2024-02-25,1,77
Wembley Park Drive Medical Centre,2024-03-03,,77
Wembley Park Drive Medical Centre,2024-03-10,,77
Wembley Park Drive Medical Centre,2024-03-17,,77
Wembley Park Drive Medical Centre,2024-03-24,2,79
Wembley Park Drive Medical Centre,2024-03-31,4,83
Wembley Park Drive Medical Centre,2024-04-07,,83
Wembley Park Drive Medical Centre,2024-04-14,1,84
Wembley Park Drive Medical Centre,2024-04-21,,84
Wembley Park Drive Medical Centre,2024-04-28,5,89
Wembley Park Drive Medical Centre,2024-05-05,2,91
Wembley Park Drive Medical Centre,2024-05-12,12,103
Wembley Park Drive Medical Centre,2024-05-19,4,107
Wembley Park Drive Medical Centre,2024-05-26,6,113
Wembley Park Drive Medical Centre,2024-06-02,,113
Wembley Park Drive Medical Centre,2024-06-09,4,117
Wembley Park Drive Medical Centre,2024-06-16,2,119
Wembley Park Drive Medical Centre,2024-06-23,2,121
Wembley Park Drive Medical Centre,2024-06-30,3,124
Wembley Park Drive Medical Centre,2024-07-07,2,126
Wembley Park Drive Medical Centre,2024-07-14,1,127
Wembley Park Drive Medical Centre,2024-07-21,4,131
Wembley Park Drive Medical Centre,2024-07-28,18,149
Wembley Park Drive Medical Centre,2024-08-04,17,166
Wembley Park Drive Medical Centre,2024-08-11,9,175
Wembley Park Drive Medical Centre,2024-08-18,6,181
Wembley Park Drive Medical Centre,2024-08-25,6,187
Wembley Park Drive Medical Centre,2024-09-01,5,192
Wembley Park Drive Medical Centre,2024-09-08,,192
Wembley Park Drive Medical Centre,2024-09-15,3,195
Wembley Park Drive Medical Centre,2024-09-22,1,196
Wembley Park Drive Medical Centre,2024-09-29,5,201
Wembley Park Drive Medical Centre,2024-10-06,3,204
Wembley Park Drive Medical Centre,2024-10-13,2,206
Wembley Park Drive Medical Centre,2024-10-20,,206
Wembley Park Drive Medical Centre,2024-10-27,1,207
Wembley Park Drive Medical Centre,2024-11-03,,207
Wembley Park Drive Medical Centre,2024-11-10,4,211
Wembley Park Drive Medical Centre,2024-11-17,2,213
Wembley Park Drive Medical Centre,2024-11-24,,213
Wembley Park Drive Medical Centre,2024-12-01,,213
Wembley Park Drive Medical Centre,2024-12-08,1,214
Wembley Park Drive Medical Centre,2024-12-15,,214
Wembley Park Drive Medical Centre,2024-12-22,,214
Wembley Park Drive Medical Centre,2024-12-29,,214
Wembley Park Drive Medical Centre,2025-01-05,,214
Wembley Park Drive Medical Centre,2025-01-12,,214
Wembley Park Drive Medical Centre,2025-01-19,,214
Wembley Park Drive Medical Centre,2025-01-26,9,223
Wembley Park Drive Medical Centre,2025-02-02,,223
Wembley Park Drive Medical Centre,2025-02-09,1,224
Wembley Park Drive Medical Centre,2025-02-16,6,230
Wembley Park Drive Medical Centre,2025-02-23,6,236
Wembley Park Drive Medical Centre,2025-03-02,2,238
Wembley Park Drive Medical Centre,2025-03-09,4,242
Wembley Park Drive Medical Centre,2025-03-16,,242
Wembley Park Drive Medical Centre,2025-03-23,3,245
Wembley Park Drive Medical Centre,2025-03-30,1,246
Wembley Park Drive Medical Centre,2025-04-06,,246
Wembley Park Drive Medical Centre,2025-04-13,,246
Wembley Park Drive Medical Centre,2025-04-20,2,248
Wembley Park Drive Medical Centre,2025-04-27,,248
Wembley Park Drive Medical Centre,2025-05-04,,248
Wembley Park Drive Medical Centre,2025-05-11,1,249
Wembley Park Drive Medical Centre,2025-05-18,1,250
Wembley Park Drive Medical Centre,2025-05-25,,250
Wembley Park Drive Medical Centre,2025-06-01,,250
Wembley Park Drive Medical Centre,2025-06-08,,250
Wembley Park Drive Medical Centre,2025-06-15,,250
Wembley Park Drive Medical Centre,2025-06-22,3,253
Wembley Park Drive Medical Centre,2025-06-29,1,254
Wembley Park Drive Medical Centre,2025-07-06,1,255
Wembley Park Drive Medical Centre,2025-07-13,2,257
Wembley Park Drive Medical Centre,2025-07-20,1,258
Wembley Park Drive Medical Centre,2025-07-27,2,260
Wembley Park Drive Medical Centre,2025-08-03,,260
Wembley Park Drive Medical Centre,2025-08-10,2,262
Wembley Park Drive Medical Centre,2025-08-17,,262
Wembley Park Drive Medical Centre,2025-08-24,,262
Wembley Park Drive Medical Centre,2025-08-31,3,265
Wembley Park Drive Medical Centre,2025-09-07,1,266
Wembley Park Drive Medical Centre,2025-09-14,,266
Wembley Park Drive Medical Centre,2025-09-21,,266
Wembley Park Drive Medical Centre,2025-09-28,,266
Wembley Park Drive Medical Centre,2025-10-05,,266
Wembley Park Drive Medical Centre,2025-10-12,,266
Wembley Park Drive Medical Centre,2025-10-19,1,267
Wembley Park Drive Medical Centre,2025-10-26,2,269
Wembley Park Drive Medical Centre,2025-11-02,,269
Wembley Park Drive Medical Centre,2025-11-09,2,271
Wembley Park Drive Medical Centre,2025-11-16,,271
Wembley Park Drive Medical Centre,2025-11-23,,271
Wembley Park Drive Medical Centre,2025-11-30,,271
Wembley Park Drive Medical Centre,2025-12-07,,271
Wembley Park Drive Medical Centre,2025-12-14,,271
Wembley Park Drive Medical Centre,2025-12-21,,271
Wembley Park Drive Medical Centre,2025-12-28,,271
Wembley Park Drive Medical Centre,2026-01-04,,271
Wembley Park Drive Medical Centre,2026-01-11,,271
Wembley Park Drive Medical Centre,2026-01-18,1,272
Wembley Park Drive Medical Centre,2026-01-25,2,274
Wembley Park Drive Medical Centre,2026-02-01,1,275
Wembley Park Drive Medical Centre,2026-02-08,,275
Wembley Park Drive Medical Centre,2026-02-15,,275
Wembley Park Drive Medical Centre,2026-02-22,,275
Wembley Park Drive Medical Centre,2026-03-01,1,276
Wembley Park Drive Medical Centre,2026-03-08,1,277
Wembley Park Drive Medical Centre,2026-03-15,,277
Wembley Park Drive Medical Centre,2026-03-22,,277
Wembley Park Drive Medical Centre,2026-03-29,,277
Wembley Park Drive Medical Centre,2026-04-05,,277
Wembley Park Drive Medical Centre,2026-04-12,,277
Wembley Park Drive Medical Centre,2026-04-19,,277
Wembley Park Drive Medical Centre,2026-04-26,,277
Wembley Park Drive Medical Centre,2026-05-03,,277
Wembley Park Drive Medical Centre,2026-05-10,,277
Wembley Park Drive Medical Centre,2026-05-17,1,278
Wembley Park Drive Medical Centre,2026-05-24,,278
Wembley Park Drive Medical Centre,2026-05-31,,278
Wembley Park Drive Medical Centre,2026-06-07,2,280
West End Surgery,2023-10-08,,0
West End Surgery,2023-11-05,,0
West End Surgery,2023-11-12,,0
West End Surgery,2023-11-19,,0
West End Surgery,2023-11-26,,0
West End Surgery,2023-12-03,,0
West End Surgery,2023-12-10,,0
West End Surgery,2023-12-17,,0
West End Surgery,2023-12-24,,0
West End Surgery,2023-12-31,,0
West End Surgery,2024-01-07,,0
West End Surgery,2024-01-14,,0
West End Surgery,2024-01-21,,0
West End Surgery,2024-01-28,,0
West End Surgery,2024-02-04,,0
West End Surgery,2024-02-11,,0
West End Surgery,2024-02-18,,0
West End Surgery,2024-02-25,,0
West End Surgery,2024-03-03,,0
West End Surgery,2024-03-10,,0
West End Surgery,2024-03-17,,0
West End Surgery,2024-03-24,,0
West End Surgery,2024-03-31,,0
West End Surgery,2024-04-07,,0
West End Surgery,2024-04-14,,0
West End Surgery,2024-04-21,,0
West End Surgery,2024-04-28,,0
West End Surgery,2024-05-05,,0
West End Surgery,2024-05-12,,0
West End Surgery,2024-05-19,,0
West End Surgery,2024-05-26,,0
West End Surgery,2024-06-02,,0
West End Surgery,2024-06-09,,0
West End Surgery,2024-06-16,11,11
West End Surgery,2024-06-23,2,13
West End Surgery,2024-06-30,4,17
West End Surgery,2024-07-07,6,23
West End Surgery,2024-07-14,7,30
West End Surgery,2024-07-21,2,32
West End Surgery,2024-07-28,8,40
West End Surgery,2024-08-04,11,51
West End Surgery,2024-08-11,9,60
West End Surgery,2024-08-18,7,67
West End Surgery,2024-08-25,1,68
West End Surgery,2024-09-01,5,73
West End Surgery,2024-09-08,6,79
West End Surgery,2024-09-15,4,83
West End Surgery,2024-09-22,5,88
West End Surgery,2024-09-29,5,93
West End Surgery,2024-10-06,2,95
West End Surgery,2024-10-13,4,99
West End Surgery,2024-10-20,2,101
West End Surgery,2024-10-27,2,103
West End Surgery,2024-11-03,,103
West End Surgery,2024-11-10,2,105
West End Surgery,2024-11-17,1,106
West End Surgery,2024-11-24,2,108
West End Surgery,2024-12-01,3,111
West End Surgery,2024-12-08,4,115
West End Surgery,2024-12-15,4,119
West End Surgery,2024-12-22,4,123
West End Surgery,2024-12-29,3,126
West End Surgery,2025-01-05,1,127
West End Surgery,2025-01-12,3,130
West End Surgery,2025-01-19,2,132
West End Surgery,2025-01-26,3,135
West End Surgery,2025-02-02,,135
West End Surgery,2025-02-09,2,137
West End Surgery,2025-02-16,,137
West End Surgery,2025-02-23,1,138
West End Surgery,2025-03-02,,138
West End Surgery,2025-03-09,,138
West End Surgery,2025-03-16,,138
West End Surgery,2025-03-23,,138
West End Surgery,2025-03-30,,138
West End Surgery,2025-04-06,,138
West End Surgery,2025-04-13,,138
West End Surgery,2025-04-20,,138
West End Surgery,2025-04-27,3,141
West End Surgery,2025-05-04,,141
West End Surgery,2025-05-11,2,143
West End Surgery,2025-05-18,1,144
West End Surgery,2025-05-25,,144
West End Surgery,2025-06-01,5,149
West End Surgery,2025-06-08,,149
West End Surgery,2025-06-15,5,154
West End Surgery,2025-06-22,2,156
West End Surgery,2025-06-29,1,157
West End Surgery,2025-07-06,,157
West End Surgery,2025-07-13,6,163
West End Surgery,2025-07-20,4,167
West End Surgery,2025-07-27,3,170
West End Surgery,2025-08-03,5,175
West End Surgery,2025-08-10,17,192
West End Surgery,2025-08-17,11,203
West End Surgery,2025-08-24,,203
West End Surgery,2025-08-31,,203
West End Surgery,2025-09-07,3,206
West End Surgery,2025-09-14,1,207
West End Surgery,2025-09-21,3,210
West End Surgery,2025-09-28,4,214
West End Surgery,2025-10-05,1,215
West End Surgery,2025-10-12,6,221
West End Surgery,2025-10-19,5,226
West End Surgery,2025-10-26,5,231
West End Surgery,2025-11-02,6,237
West End Surgery,2025-11-09,5,242
West End Surgery,2025-11-16,,242
West End Surgery,2025-11-23,,242
West End Surgery,2025-11-30,1,243
West End Surgery,2025-12-07,,243
West End Surgery,2025-12-14,4,247
West End Surgery,2025-12-21,2,249
West End Surgery,2025-12-28,1,250
West End Surgery,2026-01-04,1,251
West End Surgery,2026-01-11,5,256
West End Surgery,2026-01-18,3,259
West End Surgery,2026-01-25,2,261
West End Surgery,2026-02-01,1,262
West End Surgery,2026-02-08,4,266
West End Surgery,2026-02-15,3,269
West End Surgery,2026-02-22,6,275
West End Surgery,2026-03-01,,275
West End Surgery,2026-03-08,,275
West End Surgery,2026-03-15,2,277
West End Surgery,2026-03-22,1,278
West End Surgery,2026-03-29,,278
West End Surgery,2026-04-05,1,279
West End Surgery,2026-04-12,,279
West End Surgery,2026-04-19,2,281
West End Surgery,2026-04-26,1,282
West End Surgery,2026-05-03,,282
West End Surgery,2026-05-10,2,284
West End Surgery,2026-05-17,,284
West End Surgery,2026-05-24,,284
West End Surgery,2026-05-31,3,287
West End Surgery,2026-06-07,,287
Willesden Green Surgery,2023-10-08,,0
Willesden Green Surgery,2023-11-05,,0
Willesden Green Surgery,2023-11-12,13,13
Willesden Green Surgery,2023-11-19,7,20
Willesden Green Surgery,2023-11-26,16,36
Willesden Green Surgery,2023-12-03,8,44
Willesden Green Surgery,2023-12-10,12,56
Willesden Green Surgery,2023-12-17,1,57
Willesden Green Surgery,2023-12-24,2,59
Willesden Green Surgery,2023-12-31,2,61
Willesden Green Surgery,2024-01-07,7,68
Willesden Green Surgery,2024-01-14,8,76
Willesden Green Surgery,2024-01-21,1,77
Willesden Green Surgery,2024-01-28,1,78
Willesden Green Surgery,2024-02-04,9,87
Willesden Green Surgery,2024-02-11,9,96
Willesden Green Surgery,2024-02-18,7,103
Willesden Green Surgery,2024-02-25,3,106
Willesden Green Surgery,2024-03-03,10,116
Willesden Green Surgery,2024-03-10,6,122
Willesden Green Surgery,2024-03-17,3,125
Willesden Green Surgery,2024-03-24,2,127
Willesden Green Surgery,2024-03-31,1,128
Willesden Green Surgery,2024-04-07,3,131
Willesden Green Surgery,2024-04-14,12,143
Willesden Green Surgery,2024-04-21,1,144
Willesden Green Surgery,2024-04-28,4,148
Willesden Green Surgery,2024-05-05,4,152
Willesden Green Surgery,2024-05-12,2,154
Willesden Green Surgery,2024-05-19,,154
Willesden Green Surgery,2024-05-26,6,160
Willesden Green Surgery,2024-06-02,2,162
Willesden Green Surgery,2024-06-09,3,165
Willesden Green Surgery,2024-06-16,3,168
Willesden Green Surgery,2024-06-23,1,169
Willesden Green Surgery,2024-06-30,3,172
Willesden Green Surgery,2024-07-07,6,178
Willesden Green Surgery,2024-07-14,2,180
Willesden Green Surgery,2024-07-21,3,183
Willesden Green Surgery,2024-07-28,1,184
Willesden Green Surgery,2024-08-04,,184
Willesden Green Surgery,2024-08-11,,184
Willesden Green Surgery,2024-08-18,,184
Willesden Green Surgery,2024-08-25,,184
Willesden Green Surgery,2024-09-01,,184
Willesden Green Surgery,2024-09-08,1,185
Willesden Green Surgery,2024-09-15,,185
Willesden Green Surgery,2024-09-22,,185
Willesden Green Surgery,2024-09-29,1,186
Willesden Green Surgery,2024-10-06,2,188
Willesden Green Surgery,2024-10-13,2,190
Willesden Green Surgery,2024-10-20,,190
Willesden Green Surgery,2024-10-27,,190
Willesden Green Surgery,2024-11-03,,190
Willesden Green Surgery,2024-11-10,,190
Willesden Green Surgery,2024-11-17,,190
Willesden Green Surgery,2024-11-24,,190
Willesden Green Surgery,2024-12-01,,190
Willesden Green Surgery,2024-12-08,,190
Willesden Green Surgery,2024-12-15,1,191
Willesden Green Surgery,2024-12-22,,191
Willesden Green Surgery,2024-12-29,,191
Willesden Green Surgery,2025-01-05,,191
Willesden Green Surgery,2025-01-12,,191
Willesden Green Surgery,2025-01-19,,191
Willesden Green Surgery,2025-01-26,,191
Willesden Green Surgery,2025-02-02,,191
Willesden Green Surgery,2025-02-09,,191
Willesden Green Surgery,2025-02-16,,191
Willesden Green Surgery,2025-02-23,,191
Willesden Green Surgery,2025-03-02,,191
Willesden Green Surgery,2025-03-09,,191
Willesden Green Surgery,2025-03-16,,191
Willesden Green Surgery,2025-03-23,,191
Willesden Green Surgery,2025-03-30,,191
Willesden Green Surgery,2025-04-06,,191
Willesden Green Surgery,2025-04-13,,191
Willesden Green Surgery,2025-04-20,,191
Willesden Green Surgery,2025-04-27,,191
Willesden Green Surgery,2025-05-04,,191
Willesden Green Surgery,2025-05-11,,191
Willesden Green Surgery,2025-05-18,,191
Willesden Green Surgery,2025-05-25,,191
Willesden Green Surgery,2025-06-01,,191
Willesden Green Surgery,2025-06-08,,191
Willesden Green Surgery,2025-06-15,,191
Willesden Green Surgery,2025-06-22,,191
Willesden Green Surgery,2025-06-29,,191
Willesden Green Surgery,2025-07-06,,191
Willesden Green Surgery,2025-07-13,,191
Willesden Green Surgery,2025-07-20,,191
Willesden Green Surgery,2025-07-27,,191
Willesden Green Surgery,2025-08-03,,191
Willesden Green Surgery,2025-08-10,,191
Willesden Green Surgery,2025-08-17,,191
Willesden Green Surgery,2025-08-24,,191
Willesden Green Surgery,2025-08-31,,191
Willesden Green Surgery,2025-09-07,,191
Willesden Green Surgery,2025-09-14,,191
Willesden Green Surgery,2025-09-21,4,195
Willesden Green Surgery,2025-09-28,,195
Willesden Green Surgery,2025-10-05,4,199
Willesden Green Surgery,2025-10-12,,199
Willesden Green Surgery,2025-10-19,,199
Willesden Green Surgery,2025-10-26,,199
Willesden Green Surgery,2025-11-02,1,200
Willesden Green Surgery,2025-11-09,,200
Willesden Green Surgery,2025-11-16,,200
Willesden Green Surgery,2025-11-23,,200
Willesden Green Surgery,2025-11-30,,200
Willesden Green Surgery,2025-12-07,,200
Willesden Green Surgery,2025-12-14,,200
Willesden Green Surgery,2025-12-21,,200
Willesden Green Surgery,2025-12-28,,200
Willesden Green Surgery,2026-01-04,,200
Willesden Green Surgery,2026-01-11,,200
Willesden Green Surgery,2026-01-18,,200
Willesden Green Surgery,2026-01-25,,200
Willesden Green Surgery,2026-02-01,,200
Willesden Green Surgery,2026-02-08,,200
Willesden Green Surgery,2026-02-15,,200
Willesden Green Surgery,2026-02-22,,200
Willesden Green Surgery,2026-03-01,,200
Willesden Green Surgery,2026-03-08,,200
Willesden Green Surgery,2026-03-15,,200
Willesden Green Surgery,2026-03-22,,200
Willesden Green Surgery,2026-03-29,,200
Willesden Green Surgery,2026-04-05,,200
Willesden Green Surgery,2026-04-12,,200
Willesden Green Surgery,2026-04-19,,200
Willesden Green Surgery,2026-04-26,,200
Willesden Green Surgery,2026-05-03,,200
Willesden Green Surgery,2026-05-10,,200
Willesden Green Surgery,2026-05-17,,200
Willesden Green Surgery,2026-05-24,,200
Willesden Green Surgery,2026-05-31,,200
Willesden Green Surgery,2026-06-07,,200
Willow Tree Family Doctors,2023-10-08,,0
Willow Tree Family Doctors,2023-11-05,,0
Willow Tree Family Doctors,2023-11-12,,0
Willow Tree Family Doctors,2023-11-19,,0
Willow Tree Family Doctors,2023-11-26,,0
Willow Tree Family Doctors,2023-12-03,,0
Willow Tree Family Doctors,2023-12-10,,0
Willow Tree Family Doctors,2023-12-17,,0
Willow Tree Family Doctors,2023-12-24,,0
Willow Tree Family Doctors,2023-12-31,,0
Willow Tree Family Doctors,2024-01-07,,0
Willow Tree Family Doctors,2024-01-14,,0
Willow Tree Family Doctors,2024-01-21,,0
Willow Tree Family Doctors,2024-01-28,,0
Willow Tree Family Doctors,2024-02-04,,0
Willow Tree Family Doctors,2024-02-11,,0
Willow Tree Family Doctors,2024-02-18,1,1
Willow Tree Family Doctors,2024-02-25,,1
Willow Tree Family Doctors,2024-03-03,,1
Willow Tree Family Doctors,2024-03-10,18,19
Willow Tree Family Doctors,2024-03-17,39,58
Willow Tree Family Doctors,2024-03-24,26,84
Willow Tree Family Doctors,2024-03-31,1,85
Willow Tree Family Doctors,2024-04-07,24,109
Willow Tree Family Doctors,2024-04-14,31,140
Willow Tree Family Doctors,2024-04-21,32,172
Willow Tree Family Doctors,2024-04-28,41,213
Willow Tree Family Doctors,2024-05-05,49,262
Willow Tree Family Doctors,2024-05-12,41,303
Willow Tree Family Doctors,2024-05-19,87,390
Willow Tree Family Doctors,2024-05-26,99,489
Willow Tree Family Doctors,2024-06-02,85,574
Willow Tree Family Doctors,2024-06-09,110,684
Willow Tree Family Doctors,2024-06-16,70,754
Willow Tree Family Doctors,2024-06-23,89,843
Willow Tree Family Doctors,2024-06-30,83,926
Willow Tree Family Doctors,2024-07-07,77,1003
Willow Tree Family Doctors,2024-07-14,100,1103
Willow Tree Family Doctors,2024-07-21,93,1196
Willow Tree Family Doctors,2024-07-28,111,1307
Willow Tree Family Doctors,2024-08-04,81,1388
Willow Tree Family Doctors,2024-08-11,85,1473
Willow Tree Family Doctors,2024-08-18,57,1530
Willow Tree Family Doctors,2024-08-25,45,1575
Willow Tree Family Doctors,2024-09-01,56,1631
Willow Tree Family Doctors,2024-09-08,103,1734
Willow Tree Family Doctors,2024-09-15,112,1846
Willow Tree Family Doctors,2024-09-22,108,1954
Willow Tree Family Doctors,2024-09-29,83,2037
Willow Tree Family Doctors,2024-10-06,91,2128
Willow Tree Family Doctors,2024-10-13,108,2236
Willow Tree Family Doctors,2024-10-20,51,2287
Willow Tree Family Doctors,2024-10-27,68,2355
Willow Tree Family Doctors,2024-11-03,104,2459
Willow Tree Family Doctors,2024-11-10,60,2519
Willow Tree Family Doctors,2024-11-17,82,2601
Willow Tree Family Doctors,2024-11-24,27,2628
Willow Tree Family Doctors,2024-12-01,31,2659
Willow Tree Family Doctors,2024-12-08,67,2726
Willow Tree Family Doctors,2024-12-15,109,2835
Willow Tree Family Doctors,2024-12-22,92,2927
Willow Tree Family Doctors,2024-12-29,39,2966
Willow Tree Family Doctors,2025-01-05,13,2979
Willow Tree Family Doctors,2025-01-12,51,3030
Willow Tree Family Doctors,2025-01-19,69,3099
Willow Tree Family Doctors,2025-01-26,86,3185
Willow Tree Family Doctors,2025-02-02,82,3267
Willow Tree Family Doctors,2025-02-09,87,3354
Willow Tree Family Doctors,2025-02-16,82,3436
Willow Tree Family Doctors,2025-02-23,61,3497
Willow Tree Family Doctors,2025-03-02,68,3565
Willow Tree Family Doctors,2025-03-09,59,3624
Willow Tree Family Doctors,2025-03-16,77,3701
Willow Tree Family Doctors,2025-03-23,42,3743
Willow Tree Family Doctors,2025-03-30,48,3791
Willow Tree Family Doctors,2025-04-06,32,3823
Willow Tree Family Doctors,2025-04-13,99,3922
Willow Tree Family Doctors,2025-04-20,101,4023
Willow Tree Family Doctors,2025-04-27,105,4128
Willow Tree Family Doctors,2025-05-04,140,4268
Willow Tree Family Doctors,2025-05-11,70,4338
Willow Tree Family Doctors,2025-05-18,129,4467
Willow Tree Family Doctors,2025-05-25,127,4594
Willow Tree Family Doctors,2025-06-01,40,4634
Willow Tree Family Doctors,2025-06-08,144,4778
Willow Tree Family Doctors,2025-06-15,134,4912
Willow Tree Family Doctors,2025-06-22,141,5053
Willow Tree Family Doctors,2025-06-29,109,5162
Willow Tree Family Doctors,2025-07-06,108,5270
Willow Tree Family Doctors,2025-07-13,117,5387
Willow Tree Family Doctors,2025-07-20,89,5476
Willow Tree Family Doctors,2025-07-27,92,5568
Willow Tree Family Doctors,2025-08-03,90,5658
Willow Tree Family Doctors,2025-08-10,72,5730
Willow Tree Family Doctors,2025-08-17,44,5774
Willow Tree Family Doctors,2025-08-24,45,5819
Willow Tree Family Doctors,2025-08-31,31,5850
Willow Tree Family Doctors,2025-09-07,108,5958
Willow Tree Family Doctors,2025-09-14,80,6038
Willow Tree Family Doctors,2025-09-21,87,6125
Willow Tree Family Doctors,2025-09-28,95,6220
Willow Tree Family Doctors,2025-10-05,79,6299
Willow Tree Family Doctors,2025-10-12,69,6368
Willow Tree Family Doctors,2025-10-19,70,6438
Willow Tree Family Doctors,2025-10-26,75,6513
Willow Tree Family Doctors,2025-11-02,45,6558
Willow Tree Family Doctors,2025-11-09,57,6615
Willow Tree Family Doctors,2025-11-16,94,6709
Willow Tree Family Doctors,2025-11-23,133,6842
Willow Tree Family Doctors,2025-11-30,126,6968
Willow Tree Family Doctors,2025-12-07,84,7052
Willow Tree Family Doctors,2025-12-14,70,7122
Willow Tree Family Doctors,2025-12-21,79,7201
Willow Tree Family Doctors,2025-12-28,30,7231
Willow Tree Family Doctors,2026-01-04,46,7277
Willow Tree Family Doctors,2026-01-11,62,7339
Willow Tree Family Doctors,2026-01-18,60,7399
Willow Tree Family Doctors,2026-01-25,51,7450
Willow Tree Family Doctors,2026-02-01,38,7488
Willow Tree Family Doctors,2026-02-08,33,7521
Willow Tree Family Doctors,2026-02-15,52,7573
Willow Tree Family Doctors,2026-02-22,29,7602
Willow Tree Family Doctors,2026-03-01,94,7696
Willow Tree Family Doctors,2026-03-08,74,7770
Willow Tree Family Doctors,2026-03-15,63,7833
Willow Tree Family Doctors,2026-03-22,34,7867
Willow Tree Family Doctors,2026-03-29,28,7895
Willow Tree Family Doctors,2026-04-05,21,7916
Willow Tree Family Doctors,2026-04-12,62,7978
Willow Tree Family Doctors,2026-04-19,32,8010
Willow Tree Family Doctors,2026-04-26,33,8043
Willow Tree Family Doctors,2026-05-03,63,8106
Willow Tree Family Doctors,2026-05-10,38,8144
Willow Tree Family Doctors,2026-05-17,67,8211
Willow Tree Family Doctors,2026-05-24,63,8274
Willow Tree Family Doctors,2026-05-31,36,8310
Willow Tree Family Doctors,2026-06-07,45,8355
Woodfield Road Medical Centre,2023-10-08,,0
Woodfield Road Medical Centre,2023-11-05,,0
Woodfield Road Medical Centre,2023-11-12,,0
Woodfield Road Medical Centre,2023-11-19,,0
Woodfield Road Medical Centre,2023-11-26,,0
Woodfield Road Medical Centre,2023-12-03,,0
Woodfield Road Medical Centre,2023-12-10,,0
Woodfield Road Medical Centre,2023-12-17,,0
Woodfield Road Medical Centre,2023-12-24,,0
Woodfield Road Medical Centre,2023-12-31,,0
Woodfield Road Medical Centre,2024-01-07,,0
Woodfield Road Medical Centre,2024-01-14,,0
Woodfield Road Medical Centre,2024-01-21,,0
Woodfield Road Medical Centre,2024-01-28,,0
Woodfield Road Medical Centre,2024-02-04,,0
Woodfield Road Medical Centre,2024-02-11,,0
Woodfield Road Medical Centre,2024-02-18,,0
Woodfield Road Medical Centre,2024-02-25,,0
Woodfield Road Medical Centre,2024-03-03,,0
Woodfield Road Medical Centre,2024-03-10,,0
Woodfield Road Medical Centre,2024-03-17,,0
Woodfield Road Medical Centre,2024-03-24,,0
Woodfield Road Medical Centre,2024-03-31,,0
Woodfield Road Medical Centre,2024-04-07,,0
Woodfield Road Medical Centre,2024-04-14,,0
Woodfield Road Medical Centre,2024-04-21,,0
Woodfield Road Medical Centre,2024-04-28,3,3
Woodfield Road Medical Centre,2024-05-05,,3
Woodfield Road Medical Centre,2024-05-12,2,5
Woodfield Road Medical Centre,2024-05-19,,5
Woodfield Road Medical Centre,2024-05-26,1,6
Woodfield Road Medical Centre,2024-06-02,,6
Woodfield Road Medical Centre,2024-06-09,,6
Woodfield Road Medical Centre,2024-06-16,,6
Woodfield Road Medical Centre,2024-06-23,,6
Woodfield Road Medical Centre,2024-06-30,,6
Woodfield Road Medical Centre,2024-07-07,1,7
Woodfield Road Medical Centre,2024-07-14,,7
Woodfield Road Medical Centre,2024-07-21,5,12
Woodfield Road Medical Centre,2024-07-28,1,13
Woodfield Road Medical Centre,2024-08-04,6,19
Woodfield Road Medical Centre,2024-08-11,,19
Woodfield Road Medical Centre,2024-08-18,,19
Woodfield Road Medical Centre,2024-08-25,,19
Woodfield Road Medical Centre,2024-09-01,,19
Woodfield Road Medical Centre,2024-09-08,,19
Woodfield Road Medical Centre,2024-09-15,,19
Woodfield Road Medical Centre,2024-09-22,,19
Woodfield Road Medical Centre,2024-09-29,,19
Woodfield Road Medical Centre,2024-10-06,,19
Woodfield Road Medical Centre,2024-10-13,,19
Woodfield Road Medical Centre,2024-10-20,,19
Woodfield Road Medical Centre,2024-10-27,,19
Woodfield Road Medical Centre,2024-11-03,,19
Woodfield Road Medical Centre,2024-11-10,,19
Woodfield Road Medical Centre,2024-11-17,,19
Woodfield Road Medical Centre,2024-11-24,,19
Woodfield Road Medical Centre,2024-12-01,,19
Woodfield Road Medical Centre,2024-12-08,,19
Woodfield Road Medical Centre,2024-12-15,,19
Woodfield Road Medical Centre,2024-12-22,,19
Woodfield Road Medical Centre,2024-12-29,,19
Woodfield Road Medical Centre,2025-01-05,,19
Woodfield Road Medical Centre,2025-01-12,,19
Woodfield Road Medical Centre,2025-01-19,,19
Woodfield Road Medical Centre,2025-01-26,,19
Woodfield Road Medical Centre,2025-02-02,,19
Woodfield Road Medical Centre,2025-02-09,,19
Woodfield Road Medical Centre,2025-02-16,,19
Woodfield Road Medical Centre,2025-02-23,,19
Woodfield Road Medical Centre,2025-03-02,,19
Woodfield Road Medical Centre,2025-03-09,,19
Woodfield Road Medical Centre,2025-03-16,,19
Woodfield Road Medical Centre,2025-03-23,,19
Woodfield Road Medical Centre,2025-03-30,,19
Woodfield Road Medical Centre,2025-04-06,,19
Woodfield Road Medical Centre,2025-04-13,,19
Woodfield Road Medical Centre,2025-04-20,,19
Woodfield Road Medical Centre,2025-04-27,,19
Woodfield Road Medical Centre,2025-05-04,,19
Woodfield Road Medical Centre,2025-05-11,,19
Woodfield Road Medical Centre,2025-05-18,,19
Woodfield Road Medical Centre,2025-05-25,,19
Woodfield Road Medical Centre,2025-06-01,,19
Woodfield Road Medical Centre,2025-06-08,,19
Woodfield Road Medical Centre,2025-06-15,,19
Woodfield Road Medical Centre,2025-06-22,,19
Woodfield Road Medical Centre,2025-06-29,,19
Woodfield Road Medical Centre,2025-07-06,,19
Woodfield Road Medical Centre,2025-07-13,,19
Woodfield Road Medical Centre,2025-07-20,,19
Woodfield Road Medical Centre,2025-07-27,,19
Woodfield Road Medical Centre,2025-08-03,,19
Woodfield Road Medical Centre,2025-08-10,,19
Woodfield Road Medical Centre,2025-08-17,,19
Woodfield Road Medical Centre,2025-08-24,,19
Woodfield Road Medical Centre,2025-08-31,,19
Woodfield Road Medical Centre,2025-09-07,,19
Woodfield Road Medical Centre,2025-09-14,,19
Woodfield Road Medical Centre,2025-09-21,,19
Woodfield Road Medical Centre,2025-09-28,,19
Woodfield Road Medical Centre,2025-10-05,,19
Woodfield Road Medical Centre,2025-10-12,,19
Woodfield Road Medical Centre,2025-10-19,,19
Woodfield Road Medical Centre,2025-10-26,,19
Woodfield Road Medical Centre,2025-11-02,,19
Woodfield Road Medical Centre,2025-11-09,,19
Woodfield Road Medical Centre,2025-11-16,,19
Woodfield Road Medical Centre,2025-11-23,,19
Woodfield Road Medical Centre,2025-11-30,,19
Woodfield Road Medical Centre,2025-12-07,,19
Woodfield Road Medical Centre,2025-12-14,,19
Woodfield Road Medical Centre,2025-12-21,,19
Woodfield Road Medical Centre,2025-12-28,,19
Woodfield Road Medical Centre,2026-01-04,,19
Woodfield Road Medical Centre,2026-01-11,,19
Woodfield Road Medical Centre,2026-01-18,,19
Woodfield Road Medical Centre,2026-01-25,,19
Woodfield Road Medical Centre,2026-02-01,,19
Woodfield Road Medical Centre,2026-02-08,,19
Woodfield Road Medical Centre,2026-02-15,,19
Woodfield Road Medical Centre,2026-02-22,,19
Woodfield Road Medical Centre,2026-03-01,,19
Woodfield Road Medical Centre,2026-03-08,,19
Woodfield Road Medical Centre,2026-03-15,,19
Woodfield Road Medical Centre,2026-03-22,,19
Woodfield Road Medical Centre,2026-03-29,,19
Woodfield Road Medical Centre,2026-04-05,,19
Woodfield Road Medical Centre,2026-04-12,,19
Woodfield Road Medical Centre,2026-04-19,,19
Woodfield Road Medical Centre,2026-04-26,,19
Woodfield Road Medical Centre,2026-05-03,,19
Woodfield Road Medical Centre,2026-05-10,,19
Woodfield Road Medical Centre,2026-05-17,,19
Woodfield Road Medical Centre,2026-05-24,,19
Woodfield Road Medical Centre,2026-05-31,,19
Woodfield Road Medical Centre,2026-06-07,,19
Yiewsley Family Practice,2023-10-08,,0
Yiewsley Family Practice,2023-11-05,,0
Yiewsley Family Practice,2023-11-12,,0
Yiewsley Family Practice,2023-11-19,,0
Yiewsley Family Practice,2023-11-26,,0
Yiewsley Family Practice,2023-12-03,,0
Yiewsley Family Practice,2023-12-10,,0
Yiewsley Family Practice,2023-12-17,,0
Yiewsley Family Practice,2023-12-24,,0
Yiewsley Family Practice,2023-12-31,,0
Yiewsley Family Practice,2024-01-07,,0
Yiewsley Family Practice,2024-01-14,,0
Yiewsley Family Practice,2024-01-21,,0
Yiewsley Family Practice,2024-01-28,,0
Yiewsley Family Practice,2024-02-04,,0
Yiewsley Family Practice,2024-02-11,,0
Yiewsley Family Practice,2024-02-18,18,18
Yiewsley Family Practice,2024-02-25,2,20
Yiewsley Family Practice,2024-03-03,1,21
Yiewsley Family Practice,2024-03-10,,21
Yiewsley Family Practice,2024-03-17,,21
Yiewsley Family Practice,2024-03-24,,21
Yiewsley Family Practice,2024-03-31,,21
Yiewsley Family Practice,2024-04-07,,21
Yiewsley Family Practice,2024-04-14,3,24
Yiewsley Family Practice,2024-04-21,,24
Yiewsley Family Practice,2024-04-28,,24
Yiewsley Family Practice,2024-05-05,,24
Yiewsley Family Practice,2024-05-12,,24
Yiewsley Family Practice,2024-05-19,,24
Yiewsley Family Practice,2024-05-26,,24
Yiewsley Family Practice,2024-06-02,,24
Yiewsley Family Practice,2024-06-09,,24
Yiewsley Family Practice,2024-06-16,,24
Yiewsley Family Practice,2024-06-23,,24
Yiewsley Family Practice,2024-06-30,,24
Yiewsley Family Practice,2024-07-07,,24
Yiewsley Family Practice,2024-07-14,1,25
Yiewsley Family Practice,2024-07-21,,25
Yiewsley Family Practice,2024-07-28,,25
Yiewsley Family Practice,2024-08-04,,25
Yiewsley Family Practice,2024-08-11,,25
Yiewsley Family Practice,2024-08-18,,25
Yiewsley Family Practice,2024-08-25,,25
Yiewsley Family Practice,2024-09-01,,25
Yiewsley Family Practice,2024-09-08,,25
Yiewsley Family Practice,2024-09-15,,25
Yiewsley Family Practice,2024-09-22,,25
Yiewsley Family Practice,2024-09-29,,25
Yiewsley Family Practice,2024-10-06,,25
Yiewsley Family Practice,2024-10-13,,25
Yiewsley Family Practice,2024-10-20,,25
Yiewsley Family Practice,2024-10-27,,25
Yiewsley Family Practice,2024-11-03,,25
Yiewsley Family Practice,2024-11-10,,25
Yiewsley Family Practice,2024-11-17,,25
Yiewsley Family Practice,2024-11-24,,25
Yiewsley Family Practice,2024-12-01,,25
Yiewsley Family Practice,2024-12-08,,25
Yiewsley Family Practice,2024-12-15,,25
Yiewsley Family Practice,2024-12-22,,25
Yiewsley Family Practice,2024-12-29,,25
Yiewsley Family Practice,2025-01-05,,25
Yiewsley Family Practice,2025-01-12,,25
Yiewsley Family Practice,2025-01-19,,25
Yiewsley Family Practice,2025-01-26,,25
Yiewsley Family Practice,2025-02-02,,25
Yiewsley Family Practice,2025-02-09,,25
Yiewsley Family Practice,2025-02-16,,25
Yiewsley Family Practice,2025-02-23,,25
Yiewsley Family Practice,2025-03-02,,25
Yiewsley Family Practice,2025-03-09,,25
Yiewsley Family Practice,2025-03-16,,25
Yiewsley Family Practice,2025-03-23,,25
Yiewsley Family Practice,2025-03-30,,25
Yiewsley Family Practice,2025-04-06,,25
Yiewsley Family Practice,2025-04-13,,25
Yiewsley Family Practice,2025-04-20,,25
Yiewsley Family Practice,2025-04-27,,25
Yiewsley Family Practice,2025-05-04,,25
Yiewsley Family Practice,2025-05-11,,25
Yiewsley Family Practice,2025-05-18,,25
Yiewsley Family Practice,2025-05-25,,25
Yiewsley Family Practice,2025-06-01,,25
Yiewsley Family Practice,2025-06-08,,25
Yiewsley Family Practice,2025-06-15,,25
Yiewsley Family Practice,2025-06-22,,25
Yiewsley Family Practice,2025-06-29,,25
Yiewsley Family Practice,2025-07-06,,25
Yiewsley Family Practice,2025-07-13,,25
Yiewsley Family Practice,2025-07-20,,25
Yiewsley Family Practice,2025-07-27,,25
Yiewsley Family Practice,2025-08-03,,25
Yiewsley Family Practice,2025-08-10,,25
Yiewsley Family Practice,2025-08-17,,25
Yiewsley Family Practice,2025-08-24,,25
Yiewsley Family Practice,2025-08-31,,25
Yiewsley Family Practice,2025-09-07,,25
Yiewsley Family Practice,2025-09-14,,25
Yiewsley Family Practice,2025-09-21,,25
Yiewsley Family Practice,2025-09-28,,25
Yiewsley Family Practice,2025-10-05,,25
Yiewsley Family Practice,2025-10-12,,25
Yiewsley Family Practice,2025-10-19,,25
Yiewsley Family Practice,2025-10-26,,25
Yiewsley Family Practice,2025-11-02,,25
Yiewsley Family Practice,2025-11-09,,25
Yiewsley Family Practice,2025-11-16,,25
Yiewsley Family Practice,2025-11-23,,25
Yiewsley Family Practice,2025-11-30,,25
Yiewsley Family Practice,2025-12-07,,25
Yiewsley Family Practice,2025-12-14,,25
Yiewsley Family Practice,2025-12-21,,25
Yiewsley Family Practice,2025-12-28,,25
Yiewsley Family Practice,2026-01-04,,25
Yiewsley Family Practice,2026-01-11,,25
Yiewsley Family Practice,2026-01-18,,25
Yiewsley Family Practice,2026-01-25,,25
Yiewsley Family Practice,2026-02-01,,25
Yiewsley Family Practice,2026-02-08,,25
Yiewsley Family Practice,2026-02-15,,25
Yiewsley Family Practice,2026-02-22,,25
Yiewsley Family Practice,2026-03-01,,25
Yiewsley Family Practice,2026-03-08,,25
Yiewsley Family Practice,2026-03-15,,25
Yiewsley Family Practice,2026-03-22,,25
Yiewsley Family Practice,2026-03-29,,25
Yiewsley Family Practice,2026-04-05,,25
Yiewsley Family Practice,2026-04-12,,25
Yiewsley Family Practice,2026-04-19,,25
Yiewsley Family Practice,2026-04-26,,25
Yiewsley Family Practice,2026-05-03,,25
Yiewsley Family Practice,2026-05-10,,25
Yiewsley Family Practice,2026-05-17,,25
Yiewsley Family Practice,2026-05-24,,25
Yiewsley Family Practice,2026-05-31,,25
Yiewsley Family Practice,2026-06-07,,25
